ingresos,edad,compras_previas,descuento_aplicado,gasto_total
57450.71229516849,59,0,0,133.03835514312286
47926.03548243223,34,6,1,339.151619926413
59715.32807151039,48,4,1,323.5065490099508
72845.44784612038,51,2,0,198.0705533065677
46487.69937914996,55,6,1,330.76023782617517
46487.945645762295,54,2,0,174.26101771335635
73688.19223261088,21,4,0,170.59950412171747
61511.52093729363,19,5,1,326.2368860073228
42957.88421097572,29,1,0,123.32194781054473
58138.40065378947,52,2,1,275.36192707612304
43048.734607813065,23,0,0,75.41030384277148
43014.05369644615,63,4,1,319.1932030739947
53629.43407349051,25,0,0,92.5252537485743
21300.79633013303,38,2,0,120.55240076851446
24126.23251230451,63,1,0,146.72788043727766
41565.68706138541,52,4,1,290.50144043991446
34807.53319498364,32,0,0,94.55877689304847
54713.709988929106,24,3,0,99.29238425028537
36379.638867181835,32,1,0,72.04379241731414
28815.44447997063,62,1,0,131.18263714593175
71984.7315338233,23,2,0,153.90289399647875
46613.355492701965,64,1,0,122.35581789944052
51012.92307031886,34,1,0,73.5668671704656
28628.77720679815,21,3,1,260.10197913970063
41834.25913212226,39,3,0,143.8892155271305
51663.83884564799,49,7,1,371.98797343441163
32735.09633866546,39,2,1,265.62121093931125
55635.47027518508,44,5,1,381.2528020584111
40990.419651217926,63,3,0,143.43173915500336
45624.593753100846,32,1,0,98.08534371431489
40974.40081655905,61,1,0,164.50844121806603
77784.17276763407,39,1,0,185.49709400373598
49797.541628930994,45,3,1,329.63584823223164
34134.3360656615,59,4,0,189.42525717738266
62338.173681547836,55,5,1,352.5197381572793
31687.345250434668,26,1,0,91.02910762353417
53132.95392507133,51,5,1,290.514089617044
20604.948141803365,53,4,1,284.4660960523246
30077.209266523543,26,3,1,253.6731260216917
52952.91853803685,32,4,1,305.75421064383966
61076.99869993116,62,3,0,129.0910742281185
52570.524217849554,37,3,0,117.19400785798082
48265.27576417639,25,6,1,329.1807583266035
45483.444566160666,45,2,0,144.60673935869715
27822.17014448859,36,4,0,126.38069602861857
39202.33687407937,33,6,1,284.25375562887825
43090.41843560319,28,5,1,310.2928976615444
65856.83339328374,59,1,0,145.727199861652
55154.27434352692,25,4,0,146.72642443349855
23554.39766955899,50,4,1,311.8900688178017
54861.25954092192,27,1,1,306.6361028008523
44223.76579375525,35,2,1,291.27416160117906
39846.169995410615,52,1,0,133.2963134553725
59175.14433261302,60,1,0,176.3321997030279
65464.99283743926,20,0,0,123.29474659290906
63969.20178674298,57,2,0,150.41592534147836
37411.73715166042,44,3,0,139.92207367253488
45361.81436223178,45,1,0,144.59370328168134
54968.95147105346,63,5,1,341.5818523361949
64633.17690683539,23,4,0,121.60238936921547
42812.38643232065,64,2,1,316.3309811690009
47215.115350042746,31,4,0,161.25655033494206
33404.97538990958,24,4,0,142.4438271509835
32056.90063878994,27,5,1,312.71240716073396
62187.88733591297,32,4,0,164.26411966346896
70343.60042856235,48,3,1,329.79101079703895
48919.848176294996,46,2,0,158.70447677573
65052.99346838036,59,3,0,186.1634144658025
55424.54037571451,34,2,0,124.41865238879458
40323.203680923136,46,3,0,138.22326555575344
55420.934082626205,61,2,0,144.81847991061727
73070.54849698953,32,3,0,165.58847135404213
49462.60941335073,43,2,1,316.6061752093795
73469.6548372101,29,3,1,338.68882656714095
10703.823438653832,42,4,0,138.54222346074684
62328.53756562836,58,2,1,285.59523527550385
51305.706023572566,22,3,1,283.6633958110001
45514.88974301199,21,0,0,54.91293971718224
51376.41164803253,61,2,1,302.93526749410665
20186.46628098661,58,4,1,283.51756296607806
46704.92168243732,48,5,1,314.36647442956473
55356.6885726762,20,3,0,168.92530152642843
72168.41067112274,20,4,1,309.2471435896488
42225.94672589529,43,2,0,142.87595221058763
37872.595956602185,34,4,1,324.17979882302996
42473.64434623195,27,2,0,128.9722708506529
63731.03176553111,19,2,0,164.5497035297997
54931.266644895266,41,2,0,159.30879249612366
42053.59694349442,28,2,0,113.5668890888672
57699.01149670034,41,3,0,165.4851729562085
51456.16324022061,52,2,1,332.3016064419037
64529.674857993334,40,3,0,161.87673814814488
39469.203591839716,49,0,1,258.8315975697776
45085.067801033474,40,6,1,327.1316882780112
44118.377703017635,51,6,1,399.64615949241437
28047.275778018222,58,0,0,96.06070002589824
54441.80415596864,36,4,1,307.0152515269097
53915.82908269834,19,3,0,140.82562320177558
50076.70184963691,19,5,1,299.77810357974346
46481.1929993728,32,1,0,121.96650036158859
28769.438869243786,38,1,0,78.39309769999637
43690.320158519615,52,4,1,294.8451991301879
44859.282252098456,22,6,1,299.5368656095313
37965.84096167571,60,2,0,115.36311459877575
47580.71432500986,44,3,1,315.027091314402
56060.762852218075,41,1,0,154.90098321284663
78292.78851815795,24,4,0,193.1486339048632
52618.66719247759,23,3,0,138.6302775712232
53863.25586084147,63,4,0,161.080790955288
48883.311263507494,50,1,1,289.3875596763186
21218.431770514377,34,4,1,269.51743293246864
49602.291868261746,63,3,1,285.0534358852686
50903.4531491154,59,4,0,203.78493692546868
86948.6316872793,47,2,0,140.95258796823137
47114.58552828316,25,2,0,156.84810421414252
54523.210135004185,57,1,0,123.44459283461171
49479.32345442135,63,1,0,131.33643134355717
32469.82943570702,24,2,0,117.99914245480566
67142.34221772531,23,2,0,177.26192176305267
61278.99549030161,21,2,0,134.52415253192655
61865.47920564571,18,5,1,308.7006851785942
36359.18817807891,32,2,0,165.10824221859838
71041.91466404148,48,4,0,202.84076737857828
28972.234058115788,42,4,1,313.9704202594137
58802.85640700405,64,1,0,192.03078690736234
82856.83438714968,50,3,1,346.92925115427926
35141.955123039676,52,2,1,292.16281016765237
41505.53405595842,22,6,1,317.08254619364214
51494.77047631462,22,2,0,159.16106351040077
42447.86518825701,53,3,1,290.96163010154226
26740.04853400801,34,2,1,249.80555239190272
51028.44462209041,31,3,1,313.77251449620354
34065.44429410843,46,3,1,287.777327997413
57103.88645952773,25,1,0,129.23141800690274
36208.63648649295,51,5,1,294.7171061785594
73249.01607526309,57,5,1,316.89222086882046
38251.20061495644,18,1,0,74.91281400115935
45169.07725691487,46,0,0,136.49558981637125
62202.758260545044,53,3,0,143.47173163108027
31537.03525349067,54,4,1,317.925459107602
53411.899019061944,46,5,1,378.2360917884121
69607.14131423642,22,2,0,174.3765056528911
25887.75148158159,49,3,0,138.1525348395377
52769.507877984564,41,1,0,139.75105862451483
53898.24191372635,36,5,1,298.9506714882526
61727.34307665966,29,1,0,154.34630416646698
31445.73933682877,18,1,1,298.6310592872414
30193.150803735854,24,4,1,254.48349939757497
57829.12348425346,34,4,1,321.33687462383614
54454.77009849779,51,1,0,136.96455751987645
53757.39275518815,60,3,1,326.3573917454103
55196.72314245463,24,3,0,145.11561850578582
39799.62917632264,34,10,1,391.50416205395567
53483.80545741505,20,2,1,288.40030394545096
54396.08709948022,46,2,1,315.42573892125154
39284.72872960448,39,2,0,150.13595853388264
77986.61766717135,55,3,0,188.22633349718612
57107.49381367681,60,2,0,147.00230238747275
32130.44754196027,46,1,1,262.8915250149445
59848.30412950744,59,5,0,206.05387515277098
35379.77494659018,22,2,0,143.60079030507285
61806.26905613678,47,5,1,331.2962235337715
67378.93368511106,40,1,0,168.09264415509182
37689.76522472434,38,4,1,281.3322761135422
64450.64193866483,43,7,1,321.26952354626536
56191.71390404747,64,3,0,168.83936636395595
62330.90239991735,38,3,0,134.07047353774402
78451.89473980921,37,1,0,176.13264019897144
46319.17825995694,40,4,1,321.23315775550145
38693.95753463766,21,7,1,356.1582909346205
36657.28355561715,38,2,0,139.4818369138676
37762.845725518426,38,10,1,387.77153772449776
48843.47435878844,18,2,0,175.55666839789347
55117.279622249654,32,5,1,305.46443519008113
54150.36198995029,34,0,0,103.69676148069205
62407.74873554036,31,6,1,342.1409606022421
50195.02837816861,36,4,1,293.1414560160033
71803.01115735975,51,3,0,173.7081736651857
46030.147501430656,23,2,0,91.58653520772094
90802.53749884429,62,2,1,341.3512526896024
59385.01021647509,23,3,0,139.9940818734914
37142.63665375576,22,4,1,284.1059217466676
33936.612529083315,24,3,0,138.21351229888725
57237.08622864778,50,1,0,151.68097202093605
46648.05822011224,30,2,0,139.92660866801475
60710.007411381375,18,6,1,317.82440098218467
57098.56436860317,30,5,1,331.7664616060284
48907.56631014691,60,2,0,146.26230314638818
37298.094228973925,44,3,1,283.420201405781
27277.291629712032,24,2,0,123.23848876239182
43302.275718994686,20,2,0,134.04361722805217
62845.981914852084,42,3,1,323.59659772334965
53211.40616195306,50,3,0,149.4910986990792
31313.91831932018,57,4,1,288.598923181665
52597.71388776773,34,5,1,297.58991185154036
55779.76069593255,62,1,1,314.54644467279036
36742.138456983004,31,2,0,134.92185270209166
52305.87658918292,54,2,0,164.00201910540935
50873.13077669,40,0,0,86.29226576543734
32855.44553254065,41,3,0,133.9044808745687
55366.81040522425,46,5,0,148.05417521292094
58411.76789552352,55,7,1,332.73619826504853
66245.76864762916,44,1,0,177.0599896760576
65807.03078052355,55,3,1,303.3629792925078
29334.959480643633,57,3,1,277.621661696151
35932.62440127316,62,4,0,148.04666449616442
57725.529008129895,40,4,0,149.82760152521965
57706.78926368313,48,3,1,292.0619999022759
57725.715294590715,53,3,1,278.93269264639616
107790.97235982082,34,3,0,181.94554136260564
58563.35766039751,54,0,0,139.30638595718347
67033.48460270898,20,8,1,343.5080201526444
64310.02645239804,53,3,0,157.34019517523743
59770.868769586974,22,1,0,80.13886748400556
45270.96133039481,63,4,0,153.28372823697148
61384.53830739901,32,4,1,360.1142329251025
38407.621781936425,23,3,1,264.7691273942284
46447.72089889987,27,5,1,326.1110884083275
42719.54678256345,49,4,0,141.40450474285393
51228.112090794835,40,4,0,168.95902352169068
84719.87850010264,34,2,1,353.02905797752976
21991.02211112378,63,0,0,102.64561223437663
60293.9028556177,37,3,1,299.0025456464003
25809.261932155227,61,3,1,287.9484973132025
42921.0220131585,58,2,1,272.18513909781416
66334.25895451049,32,3,1,314.9918081147554
50964.200286431944,61,4,0,169.5967090278758
33833.82833106041,63,3,0,151.22914243333312
39270.444361100475,39,4,1,256.2338417270811
60193.96623402014,23,3,0,152.59471070242958
39044.50052424295,21,1,0,121.1191273510612
53246.878843729624,40,1,0,132.41609540630063
50683.5775985572,61,5,1,348.93030019530335
40225.99478591274,62,1,0,111.73850481423491
82159.16133987988,36,3,1,315.67606348136655
59508.78533477017,62,5,1,352.4592419428337
19622.861200135892,48,2,0,130.5154775150541
52796.814721541414,61,4,1,349.4525739855629
40073.20302847418,20,3,0,134.0926901344199
62786.50002194336,45,3,1,278.2671972414882
38112.188923509486,20,4,1,311.34043980483415
48278.95337799651,31,5,1,319.9894364150733
57574.80918470686,35,3,1,309.10372966040694
62986.327912551824,44,3,0,195.990686039338
31995.553894163357,27,2,0,130.19089838664775
44982.481462385775,32,3,0,158.39221438170074
42875.82033258566,36,3,1,250.365726375817
40200.06151139432,26,1,0,103.34847301927815
76481.81360421646,21,5,1,356.7189556770523
56074.725664414334,32,6,1,330.90809763500204
31086.740684974324,25,1,0,113.49372204768372
63767.92920582164,18,2,1,297.0370266244078
81832.3429551895,24,7,1,383.72091562687143
65486.97890826721,48,4,1,303.9487213133702
27209.4505106898,35,2,1,231.4024140643784
42736.48890700623,29,6,1,312.8917680825024
69003.66723779934,47,4,1,339.96839640087495
39384.958015718286,50,4,0,144.17244125521387
56657.291422193426,64,2,1,307.6163642648172
61619.510801440054,24,3,1,276.1143507766186
36096.04292632875,45,4,0,122.76030943991233
49107.119659072996,20,5,1,295.07813251707313
1380.9898989639114,60,4,1,288.64719931104156
34634.185379985654,23,3,1,284.67550788883455
46211.4777291026,48,3,1,314.52435238291235
31283.252270527257,55,1,0,136.88781587164462
74486.16955897454,32,5,0,238.64355293211176
28547.87933059051,24,1,0,70.17446251045259
43399.332699545244,60,2,0,126.16269610853786
51961.10865929137,47,0,0,152.17343846204474
71619.09933599173,44,5,1,339.9304527141842
28462.06773230841,34,1,0,115.09060103516565
67447.45628232439,35,5,1,311.02567787448925
50153.4959152938,39,4,1,315.6922406086854
35277.37023428074,43,2,0,147.7155315993318
56931.55211394906,44,1,0,136.370756472932
52985.895433602054,57,3,0,170.04394020815877
40996.74684261808,41,4,0,157.3740780998582
51047.031274850284,25,4,1,319.92821212432034
44220.2960470736,38,2,0,115.53286619608933
51702.76017876872,46,3,0,121.9207748702949
59931.9601178157,60,5,1,347.95648014029837
73790.25224218029,38,5,0,210.51971590161708
31432.767517597265,20,1,0,139.55569378635636
81995.500619844,48,2,0,178.1289404556125
20718.68300716247,44,5,1,277.97132806056237
47723.22357446625,63,3,0,156.32073989823678
58824.75809726865,44,1,0,140.17044082769317
54214.87801602549,26,3,0,142.65513414269435
40659.50720269109,50,4,1,313.38713518519864
46878.16624464087,50,3,0,194.88948305812704
42604.985980117504,43,2,0,159.86780852784202
41159.52864583683,45,2,0,101.35359111459694
62744.03145531537,61,2,0,163.09628576699026
55355.23228947571,60,2,0,123.0430131851617
39606.35607109019,48,4,0,139.33055340730448
63493.99813149876,18,3,0,136.29351803014345
54609.49281314914,37,4,1,310.53025057224477
62192.931782584405,29,1,0,133.18397869657775
59444.432628854185,34,4,0,163.2107030297067
37565.07483616892,32,1,0,147.8506277833288
41597.284397045456,51,4,1,327.9906560821463
61209.40407684893,33,1,0,133.42536027788856
59155.55398150197,21,2,0,147.111918926916
49686.47609053778,25,7,1,364.19953659052953
51759.91074963173,51,2,1,269.4095024916146
69164.97343682637,63,4,1,339.05185235884426
41126.42916746255,42,3,0,149.14135199765454
58206.460717550566,32,2,0,128.00822688448588
46967.110213491585,45,2,0,109.09555685872043
46734.78195159169,26,2,0,118.78790984735575
66481.65277980786,19,3,0,150.950262754835
62381.245234820446,34,3,0,179.1846331327277
62202.644540009576,27,1,0,99.95662492452627
69582.18210731493,26,4,1,330.9116093158539
50315.05762449138,48,4,0,156.3964197337596
60229.294569424455,19,4,0,167.94718608789933
45345.99865109816,41,3,1,328.8604526209227
54862.49528732663,36,1,0,115.39434492962548
48047.85418448473,34,7,1,357.6764090723849
51454.93947489077,60,2,0,160.68919563914022
58927.3553815537,27,3,1,294.33724445422115
37726.689751497914,45,2,0,141.6798683735453
81385.8091352819,55,3,0,204.3600240680671
34909.73927750447,45,2,1,261.4445639957373
31787.17080818402,18,5,1,265.90215895379197
67371.66310250101,20,1,0,113.92415493511493
61874.94040944404,32,3,0,149.00684046004642
59361.79725578232,27,2,0,129.00519581718373
59425.1826389642,38,3,0,169.8530351317723
49816.29840729628,54,1,1,297.74423809053513
36541.18442771253,32,2,1,276.7022033674195
51137.068372905895,40,2,0,160.21405191706208
39842.574327318325,31,3,0,134.5639723256412
64626.796001266266,32,3,1,319.0537193377315
47794.13927746792,27,2,0,141.04495434256512
37617.54204811233,26,3,0,122.48736461383221
45179.2123752051,61,2,1,273.6533495488046
56193.97181413436,56,1,0,119.64308197901934
41544.13170794038,22,4,0,168.38776759010125
37666.69406650353,42,3,0,118.33386117711879
53655.30817237868,59,1,0,163.31435442000713
53674.49856663084,43,6,1,364.9326798440152
42395.85236943305,25,0,0,91.09279335197903
42934.425415725156,39,3,1,297.55584306227126
53480.74906036454,42,3,0,147.65681909795032
28278.734877540137,29,4,0,124.38622198096579
28888.043384351673,26,3,1,307.30526179412925
39223.33668121346,27,5,1,320.18008672227967
46798.292724322295,27,6,1,317.61646568790104
54663.61348397007,26,3,0,163.95890907997932
72130.34325424329,43,5,1,372.958417249379
62864.89434803029,52,2,1,300.98929235918064
47600.922050548594,44,5,1,336.63381346552643
49714.75688145967,48,3,1,285.2536768081086
34962.05953043287,36,2,1,259.3924732585083
49722.30296011415,60,3,1,315.81457931543156
45670.120416197926,55,1,0,133.42265337325946
54840.778405071345,23,0,0,114.7387810831571
37591.53584671515,32,1,0,128.94861544737378
57790.197713617585,46,5,1,327.9842270250742
72991.08369503866,64,1,0,185.02062396428443
48368.597773147136,62,5,1,342.7618768352422
56025.67583148412,22,2,0,138.7086968756275
60352.159875666686,31,0,0,121.18448628736824
43981.692921712456,19,5,1,303.60993100506835
53361.38722715625,40,1,0,111.07655212691004
50188.88601172692,61,1,0,135.28416453192747
51465.14147823248,63,3,1,290.9895375142397
38404.853242168,36,8,1,345.2446596948928
50367.652613884144,41,0,0,93.52440615845445
57469.974368681746,37,7,1,315.7571567778436
71767.15411692562,64,5,0,202.47023863733662
64389.0623912781,44,2,0,168.97936726240866
82297.73686267334,41,2,0,171.77030523223866
38489.78655667926,34,1,0,139.25335478508913
63084.80955081017,42,2,0,156.6439547144809
52750.130086075274,63,5,1,380.18654125137
82847.04399826509,48,2,0,181.1556434261406
37875.525719672725,45,3,1,339.609362640408
37404.17236728836,45,4,1,300.21630866827593
41009.11031833967,39,2,0,144.6537138077763
18141.564135352895,22,0,0,82.3272468026306
42113.674674788585,61,3,0,160.1889123588888
38613.01007669453,59,4,1,295.17194593587465
52255.906797143114,25,1,0,135.5102199379777
55126.339636657394,55,4,0,147.61248010378847
78142.56258823829,45,3,1,328.91483479564766
64256.35757279075,64,2,0,155.2555064083309
41346.44516506395,29,5,1,297.95525315381644
36523.77992977463,42,5,1,327.2837737533917
57378.78757259758,55,1,1,302.80417044977037
30196.501894690366,61,0,0,73.01405093109824
77471.8814878153,32,3,1,341.14285383664156
67691.60181081931,61,2,0,168.41312725969982
42962.365218429426,58,6,1,349.56691444142524
24302.98206363684,51,4,1,292.46278864234233
70308.0856124812,62,3,1,305.38022936265656
48281.902321210735,30,2,0,161.60092681581568
68567.24467960192,25,2,0,167.25100849143388
26083.585118084495,30,6,1,303.16399994895437
41009.374655693406,53,1,0,104.99199122614645
50078.65549577275,23,2,0,139.7374599984882
50704.70890647113,55,5,1,334.02245855291545
43249.01792781134,49,0,0,96.71630011653157
59342.748985212485,38,4,0,166.89660485082638
33985.69355926108,61,2,0,97.26483524575298
47864.3077246806,61,6,1,301.40659633103337
51804.434475678485,24,0,0,91.3638416413625
57716.582510881235,43,2,0,150.36195130840343
60674.223171333346,32,2,0,129.33909466476473
33130.36862243196,59,3,0,163.65349194261478
26988.287438965664,40,3,0,111.80806741012104
69165.15232847763,55,6,1,349.0960467160495
54984.71017969387,58,3,1,335.84600132703207
38772.701951651696,32,0,0,95.69456255726412
73267.27963283785,57,3,0,182.07027072424643
51735.11951439288,33,2,0,157.8915851590911
67689.45776095739,49,3,1,360.7796176710873
51012.777221151635,54,3,1,325.8736876258345
80911.21887322981,35,3,1,337.4250898973257
76330.11263664806,37,3,0,218.05643451580588
46265.5377728139,63,2,0,121.79693164889838
64573.56426431533,19,2,1,335.6732040650765
59680.639243777216,40,1,0,144.24458019716465
70529.47336298523,47,3,0,182.6116793031476
35526.14809129843,20,3,0,103.23454722853111
60290.77189997659,63,0,0,116.7826227559583
65876.36730274382,56,3,1,314.05359256606636
23618.907703653287,64,1,0,114.67986999782505
32251.122310013372,18,3,0,120.92852198776433
19411.51733359849,58,2,0,123.34098758019131
45958.89748333163,39,4,1,294.19297457671155
60763.133836939436,46,2,0,162.82885422347942
72535.35578144042,31,7,1,326.7490375236233
51111.42170629663,45,6,1,362.495985846276
74429.23318356938,38,6,1,341.8157945949111
29298.47812677663,62,2,0,133.59995339747948
24449.26340967268,49,2,0,111.80392120337143
49166.78451655072,23,2,0,130.1728731021147
55760.98173408961,18,0,0,120.47758945759809
49509.578778588606,38,3,1,371.17391722084255
18988.36849940185,21,3,1,223.70887231720803
48663.19940730817,20,2,0,110.50101995107467
30432.957492427202,47,4,1,269.1337959200016
60045.08823245058,48,1,0,150.10387734376002
55498.973691452724,51,3,1,318.7462383871887
35901.80320508967,36,3,0,161.76726566575076
42291.9962399496,37,5,1,311.80109149292355
34111.79717166573,40,4,1,319.84405370962025
49059.813540902425,57,4,1,339.9071631819117
64327.134807518574,42,3,0,162.83310208132315
35214.10930496684,32,2,0,107.44963809633688
57560.697732767665,55,4,1,322.2810532424046
42046.13572441339,40,5,1,298.7726867371456
38106.907516064835,19,3,0,129.11315538337726
48394.544600681635,32,2,1,268.5439159092047
34471.365163709386,61,1,0,131.85694622672548
41695.26041979227,52,2,1,255.07836417606302
32031.831611167272,27,2,0,123.12001115960744
79470.87699374584,31,0,0,158.80051038589846
50528.95327957593,44,6,1,344.02072936890113
39504.117380111216,31,2,1,222.94698512426712
53209.69866101333,52,3,1,313.58481192310325
48315.07925463755,50,3,0,161.74085487806
46685.45600700165,18,1,0,173.00120968034054
59212.50050065138,51,1,1,298.0022324481873
61362.61565070957,36,1,0,109.90756152911898
42042.48278584209,41,1,0,88.727333944171
41362.7263903298,59,1,0,126.28923878387269
45874.22454272534,21,7,1,309.22771254414056
15471.18252896623,53,5,1,308.3738742295994
27272.134067021718,30,3,1,305.2018096436808
70503.11401166787,49,4,1,286.75981945184594
74674.51570251926,26,1,0,141.09803009759926
46264.45940665432,56,2,1,320.036356864809
58648.35444583649,33,3,1,321.9592487429287
54668.75231815304,20,4,1,288.03130694099383
96183.21212682856,37,0,0,172.2447331175848
66793.62367151865,27,3,1,334.36029262625226
48081.2361277885,39,3,1,298.23037618640717
35666.89339099362,20,1,0,118.78765809286682
25903.30519613641,28,2,0,135.3111038817147
53051.954538008344,42,6,1,332.4736931715971
38654.73882073545,59,1,0,129.98973332474725
28666.19435603489,25,3,1,291.7045461638684
40301.4067363621,26,4,1,307.6315241004439
33776.779945784074,32,3,1,306.9978503156902
75307.12452608848,49,4,0,208.52903725380173
63224.59635424176,20,1,0,168.35563413884438
49880.41038025074,21,1,0,108.84950809623747
72199.16208335038,47,3,0,182.41768898625148
51160.524614714275,30,5,1,313.3800678702139
37080.73698007604,61,6,1,294.38972698550924
72846.86115904486,38,2,0,142.22400082232684
58083.65065526988,58,4,0,199.26395173108926
34441.30768510315,63,2,1,299.2973661451299
47144.91982874588,36,2,0,154.66316619166795
36865.726199228644,56,1,0,121.11239793215465
29258.00403553496,39,3,1,282.3496610252482
63892.66321297462,37,8,1,371.2932017951647
78641.24960705196,54,6,1,360.1005430897105
29021.486392712883,48,2,0,131.14010732619474
58444.538550358564,27,2,1,250.0310932452092
40240.361463172594,35,1,0,119.08515242775924
42693.11924352956,60,2,0,133.5543672336285
41114.09113641696,56,2,0,149.59057274783294
37040.138454802756,63,5,1,352.8983334813485
50727.82441917241,37,2,0,150.79060566844117
37535.748253834434,35,6,1,327.9417002016539
54056.85238669758,28,2,1,331.910603488722
49246.42835826294,39,3,0,142.43304989754662
46415.77929700386,61,5,1,309.837019348037
36386.545069376036,35,6,1,286.9035858224508
41348.43004147501,51,2,1,317.2138965621136
61330.86838738634,40,2,0,174.4030247808945
57513.75781436571,18,3,0,118.17686359603425
35336.67132802174,27,3,0,151.3510658408677
51489.98458143839,18,2,0,140.81805935445425
61270.80685057683,55,1,0,121.35474732855387
24958.920783179423,56,2,0,131.84045637995135
58150.402885699026,26,4,1,315.2114817325171
40060.643615812296,48,1,0,124.3125223596762
58558.98002889739,24,3,1,273.37293466255346
38551.11265186225,34,6,1,369.9051809313901
22926.768490032213,52,5,1,275.8379719882233
25586.86343175256,54,7,1,304.04872057110504
50721.27419992073,35,6,1,302.31778750470255
53895.83752582223,50,3,1,335.9492342833376
36435.25062343387,21,4,0,114.81758325758207
59578.88688166061,40,1,0,132.35747867361212
25077.1990659656,28,2,0,118.52217240234323
49008.80302029025,26,2,1,239.71432879011445
31834.75700356315,47,7,1,306.98204821798265
40222.45838296761,25,7,1,307.6372027700174
50710.98006974621,57,2,0,171.130184959088
37093.799520740715,22,5,1,294.8445581528169
44231.66683655262,29,4,0,140.05541404070556
65094.39213821661,18,5,1,345.51280108587395
41346.62195715277,32,2,1,267.64488951965245
62535.38168097712,42,2,1,329.90592749716984
33054.397180135726,35,0,0,154.26474101658047
57947.06266872924,55,3,0,190.94966055257737
71623.5293098685,59,3,0,222.1362937664062
12925.332498090662,63,3,0,137.13310585398045
38046.57116794285,43,5,1,315.2618236986702
58656.081907708096,57,4,1,326.89097761437966
46954.31920935511,20,3,1,308.2695162474843
55567.188100569634,39,3,1,279.7152417077067
40940.22219926269,43,4,1,324.43517532495764
51298.8468120935,36,4,0,151.5951176201348
47664.84146911881,61,2,1,311.4757019335779
67516.73092489711,61,3,1,332.0018791754755
53816.31264951819,64,6,1,360.30792640263866
55064.039931128034,56,3,0,179.3421006090171
43821.84550816299,53,1,0,136.41160995057237
42685.906638912595,38,3,0,146.60532119947374
43511.627182705684,58,3,1,293.4559088262162
55916.78213567445,43,2,0,148.6261045968707
43685.232787696055,30,4,1,283.3369988393908
54346.62285344619,53,3,0,138.04062693229966
81131.01197968159,41,1,0,129.5505698675561
63066.87055147538,58,1,0,167.5159275285832
45109.647017482384,43,2,1,266.1093524494356
68018.20883245918,38,4,1,338.7019452074663
43878.86940467673,35,2,0,133.23566268123864
19428.13197233219,32,4,1,251.48839899480035
34878.70533623894,32,2,1,238.16180673549366
21938.121184612166,23,5,1,290.89809681529925
44727.297739380374,60,5,1,302.34715026633194
50276.27568784328,48,1,0,139.5847967065794
75146.55968412924,45,4,1,348.547766722879
54903.910606462436,25,1,0,105.75448812892284
46713.49206786704,46,4,1,282.2151965266453
62441.083717752335,38,5,1,327.6975899833459
16832.970364881723,34,2,0,97.72326420498375
53534.21837162849,41,2,0,129.6152348591614
61562.9779083045,53,4,1,287.36391034253097
27821.206313302377,48,4,1,312.004800922655
67156.31064810394,64,4,1,337.2837227523207
55077.44611241621,51,1,0,152.03336574167008
43770.681291487985,19,4,1,292.0139421361482
59491.72799159427,59,3,0,186.73734772151164
84060.39286706594,20,4,0,178.9393768426949
52727.99382587743,47,3,0,149.63698897445732
53723.30879450504,25,2,1,269.0433121733943
43109.58650689634,24,4,1,300.3528400014644
37252.33445802813,29,6,1,304.3307712812812
62455.03724816369,36,4,1,310.19581814078265
37158.74261136699,43,4,0,114.64852070427855
51073.49355829089,45,0,1,265.16317316804765
42835.13829852325,32,0,0,116.87261782051927
57184.697386195876,31,5,1,320.00400072490663
55004.931579304226,31,5,1,331.80606712391733
65563.0991638685,20,3,0,134.8439616499291
42349.75401717879,46,4,0,143.9867449035028
45951.87597059943,23,4,1,305.13817678271766
35318.54426326539,40,3,1,284.79907506364304
43335.60109885833,45,1,0,65.84852428606715
55659.50739567279,31,5,1,309.8616192051863
61354.829249680275,31,1,0,114.98342677754329
36167.52013733562,37,3,1,281.428257512957
63044.088801584905,30,3,1,246.2364392642362
70334.56788207426,44,4,1,336.3941077569357
56201.523548355515,52,6,1,355.46899647520615
78151.937188371,62,1,0,156.82080463976146
38393.1620134464,19,2,0,112.37092494324531
31330.179450328746,58,3,0,126.00436346579153
23319.19626643582,62,1,0,146.0006611306606
72440.66467233775,57,4,0,217.4502734531417
59815.484845310864,41,2,0,173.30591361140148
49166.229936343174,46,3,0,190.1114038512527
54199.529394797304,20,3,0,170.32963027516607
33117.66429052435,62,4,1,293.5342939482819
86686.27969425239,21,2,0,169.36816192391083
51938.31772962841,19,3,0,152.47156390498887
51640.92191907339,37,6,1,336.54332228986766
60886.49935848038,32,1,0,107.80757528703481
57215.1384760507,49,2,1,315.1737145887376
53358.26036418697,59,4,1,333.2900879597405
38142.88316832032,18,3,1,288.7897792835052
57072.025357039936,55,2,1,311.0815100766472
78230.3674471255,52,2,0,174.00599052632867
70181.30069232467,24,2,0,164.87420954302976
73897.79939959096,62,1,0,124.34446699826924
42331.76485353222,30,3,0,147.55675300244746
35155.92769612129,18,3,0,144.70108681097366
48113.19619850528,31,5,1,347.7414189850114
50835.87368433042,46,4,1,324.9148890218896
66412.87277706423,20,2,1,278.0984100136105
24613.03055427771,63,1,0,105.89955609555838
72943.2547919092,41,3,0,183.21046911940377
47629.88152131516,18,5,1,315.2747388469027
43596.7839507887,27,6,1,296.22545771440133
34818.434371097486,30,3,0,132.7772236704816
25177.14992201346,53,5,1,298.0086168769791
62347.55875942872,26,7,1,339.63277090536985
51099.76950782606,31,1,0,128.34708461668436
30650.58650388419,53,3,0,138.29719285936292
30573.818419045758,27,5,1,325.39615077143714
44963.229510648074,57,3,1,263.92626610933763
75035.32287934089,40,2,0,164.22730830591027
46106.12972954593,52,7,1,342.15873258765583
27452.855703228408,24,2,0,72.86022718539044
46313.85403871084,59,5,0,189.8899171312924
45909.146453784946,52,3,1,318.88055518205806
9546.700355876426,19,3,0,67.42236154219499
49185.577002232814,32,4,1,321.0447165033347
46535.98204686983,26,3,1,272.4557855888846
60443.095472201276,64,4,1,339.7192553753028
77734.34142418018,34,6,1,359.13604709278616
66898.47544321636,56,1,1,309.7173951005572
45966.669641677545,35,3,0,100.84558372336859
33402.11136887495,32,1,1,225.83115413097664
88600.3970487479,35,2,0,180.4586474807668
50888.27651021732,41,5,1,331.98809189844826
50208.939378694195,40,6,1,311.745417019736
49638.12369334995,29,3,1,321.59582051980664
52971.271411517824,40,1,0,120.2020373796387
47834.593821140865,38,7,1,329.9351086358292
41395.069896796456,43,4,1,299.65102477053637
41797.115881394115,25,4,1,299.1261576545601
49508.70094676002,47,0,0,120.99895641255652
41848.62843299352,51,2,0,131.2936085190393
39307.313259842536,19,3,1,276.8138910737373
51596.453415378455,22,2,0,137.21735214655695
46175.34173868717,48,3,0,155.0163671063989
72559.89482874033,50,0,1,303.14878006033416
10235.45287410482,21,3,1,250.63373321019887
66372.60277883692,23,3,1,321.6021374572206
68691.27788746444,40,5,1,342.00162442696785
18899.146513877757,62,2,0,125.67528242478481
44859.68608879477,36,0,0,120.8048793118312
44428.38701006313,60,1,0,146.9578932696226
28887.32457923268,62,3,0,156.42063156315507
38332.74968613687,25,2,0,119.30145640540326
33341.36231801257,56,5,1,322.220644538656
76284.05665135435,30,3,0,194.44897323637682
64035.17589721191,18,3,1,284.76759042677264
69073.32642491237,23,5,1,329.8088362784468
60825.08096064853,24,2,0,136.13072843491642
33064.22343174156,44,2,0,150.31682285309665
42132.196005803395,32,2,1,253.10401428306557
57340.61841841877,51,2,0,139.7789070058736
31668.082866620818,40,3,1,307.0170235795775
60694.97645258582,41,2,0,154.39397370803832
46395.119027627974,32,5,1,321.24118625028404
44377.68788675604,52,4,1,305.9531576733959
60664.39952305237,21,1,0,138.93766854176783
56663.9496722906,61,3,0,165.4574111221948
44585.507512713804,54,3,0,129.86536849604033
67389.94705046373,34,3,1,343.2816720713776
33784.05008600154,48,1,0,118.70985449891126
59239.034104163955,55,3,1,321.48664343008414
58896.51886952575,27,2,0,136.8994231169465
45356.803410290144,44,6,1,357.98967468385626
54891.99533363177,59,4,1,335.7758443406564
31233.296354220456,23,3,1,267.8772544701794
63860.40528810352,23,1,1,290.59947810080257
47226.46795335517,32,5,0,145.211081468141
42159.154692214404,21,5,1,301.0146725471924
65735.13838755334,57,6,1,344.5543550559419
39434.84464185861,24,5,1,273.38163536896707
28873.080554546606,62,5,1,312.444238787291
26650.562397141442,64,2,0,121.14329462942291
59090.14927018459,43,4,1,350.2346961842359
30793.559712555754,48,4,1,265.2233156601968
76321.91272976546,19,2,0,147.26693196079577
18771.058881744168,45,3,1,276.73638133920167
75446.84552435057,59,5,1,373.0314497951379
53165.26200803927,30,0,0,109.24697119722026
48549.30332194411,35,3,0,191.9730873636494
41826.21369786575,47,1,0,117.65788468632098
55987.04171528106,28,3,0,129.823451168449
49435.47946362727,30,1,0,121.99589500919834
66549.52823024782,41,2,0,193.37088589111053
51713.41472993059,46,4,1,335.3529222915324
52254.52642192817,22,3,0,177.8427194618775
44545.81681679216,52,3,1,328.95130488580907
49145.81564418399,36,2,1,324.54452878451013
54617.026533380886,30,2,1,290.01938887786093
24347.474110150615,22,4,1,312.9184843657284
29777.218668414305,61,1,0,128.99421212206312
61148.96141034072,31,4,1,330.15524293551914
52562.981571919125,55,2,0,178.97640770311966
47240.24995470981,39,2,1,333.71911126118533
50276.5089959809,26,3,1,327.28410725833663
55213.72558042507,57,2,0,128.1304868654411
41903.60479535958,43,4,1,304.2302090492601
38325.42911896531,62,0,0,119.67626814319416
52937.67882646522,22,1,0,103.60111716067743
35324.40833577452,46,5,1,285.43331335658837
56123.79133571708,39,3,0,145.15540217830215
24461.245936432395,20,3,1,279.05870976337366
65437.33455988466,45,1,0,164.6653795943397
57088.96223619564,55,1,1,288.3925386618812
53840.44601470813,31,4,0,121.24351330727802
64740.36475918271,64,4,1,340.1284853855505
74982.11666693864,31,6,1,382.84377189123984
65215.55097527196,60,1,0,141.3688674821862
22386.88653002532,28,2,0,138.24567589474145
30806.345498964478,26,8,1,322.95493872738314
40627.72133456482,55,2,0,159.00172781581773
50391.36575316251,64,4,1,345.71702180349763
57764.88530703685,61,5,0,177.58482439580166
39113.84280269802,23,3,1,278.7480547603006
52801.50146715617,18,4,1,314.2471074853395
38669.256014700164,42,2,0,129.8071520138943
40827.23295512078,33,1,1,242.10112770392715
28900.083547276667,32,2,0,117.54688951801991
36151.50130833643,51,1,0,132.4137986879063
29724.730915754997,34,3,1,269.03673134013155
35361.90120534001,20,0,0,69.99174740284795
65804.62694911759,20,6,1,371.8204840392059
35759.01666752085,54,3,1,303.7406402676225
89485.73097256086,34,2,1,349.68643717003795
57399.76851321334,55,5,1,338.93382896649825
52772.54185542311,18,6,1,323.068636001353
37124.6332972818,24,2,1,293.7514371225251
60504.64819113487,43,2,0,149.85950788905393
41365.43260643339,64,4,1,308.19224622264016
51830.147219680424,56,3,1,330.51430507925045
88401.26807403192,36,2,1,353.33777965506073
48559.10150413025,47,3,0,142.32449731183812
67239.09989428514,60,4,1,354.1840791921725
39452.35362311169,31,1,0,88.82903724132557
49475.17264254557,30,1,0,122.06959092578118
76562.00953453264,37,2,0,175.52212791967202
40595.494133183485,43,8,1,330.42190236780687
77186.72836995393,44,6,1,370.7854127247345
60616.279031832135,42,3,1,320.1675761993133
41562.99836158598,26,7,1,335.90031355928534
59486.116085832815,58,4,0,197.40297372281918
64588.316744400945,29,3,0,156.6040535381497
59327.149433257946,27,5,1,304.29395295686885
26446.629201643154,23,6,1,286.91573980817566
39092.94236262697,51,3,1,286.8258089421565
46287.22046672743,58,3,1,347.9555619870026
48883.498563499306,36,3,1,268.7850293781274
59310.08146326017,23,3,0,133.70380534126267
52665.51501399881,19,2,0,115.23139999525378
29969.83461934848,32,2,0,147.461914012184
55702.967765089445,34,2,1,297.8054559380669
59158.786179257346,33,2,0,123.70085039238566
58396.856718965595,45,1,1,292.6231539071249
66211.71088331932,38,6,1,338.8367968191894
62508.83231823356,25,4,0,157.08996005302774
56887.70118842655,27,2,0,152.61804962994694
48947.51432812029,27,2,0,123.6888451546778
25085.58599726013,27,1,0,110.68885564769322
56444.273286988784,26,3,1,312.46954267194894
53115.31530744667,45,3,0,137.62182200800737
54073.6825579306,41,3,0,144.3291454156904
30848.77136269536,36,4,1,287.8809194731688
33784.151893876064,50,6,1,362.7286599698027
65797.29279999355,21,2,0,145.32060533483923
49406.672692150176,20,2,0,135.61530488311607
60222.510460589365,59,2,1,305.4919962995187
50424.77564195692,29,4,1,292.3658433462157
50446.34209243618,35,1,0,113.60681459222423
64074.25708963996,40,3,0,169.2324903969916
42259.32907673939,37,4,1,312.1203291070604
51441.811654114754,23,4,1,262.2233911595008
43065.87066942436,51,5,1,325.4310578290999
43482.55658851527,59,3,1,312.38929864049607
45362.41814797041,19,2,0,153.51528318955047
53332.00657450569,47,2,0,167.26162449085538
42818.77067504784,26,4,1,285.9119435777679
68836.34188360281,44,2,0,140.72619644639153
36580.89046670744,59,4,1,294.3113799921515
47196.92533757961,51,0,0,131.32213106133815
43404.034125887374,57,2,0,135.13293518446272
71704.668265306,41,2,0,172.40667453028553
52948.32164767362,34,3,1,336.4202377373379
65477.66809202952,46,0,0,157.87151721617215
27716.59440444542,53,3,0,141.74132880769812
54005.75398803888,29,4,0,158.15578709310458
63344.46193435155,48,3,1,314.939802461897
51234.259839131366,26,6,1,340.530801064967
65982.20562598026,36,2,0,154.23511031537495
42240.673248494415,63,5,0,184.45610071683672
71140.2116027837,63,4,0,178.26018996059128
84483.47185428876,34,1,0,162.15797279893826
44557.42159340512,19,6,1,315.14068660773177
43317.462178988426,57,4,1,321.2639562755996
71800.7671567655,22,5,1,306.69957137625113
73693.58218596068,56,3,0,192.7211262119879
42157.09959270098,33,3,1,290.37407001668674
43697.19774356214,34,2,1,248.80602194333036
45773.230867092396,44,3,0,170.51233771265757
29833.242334485843,24,3,0,99.94840531133211
36220.22080273703,25,1,0,102.52001307993639
34937.88849871898,25,6,1,267.49651990506106
38483.03652343807,40,1,0,132.5340127733734
49479.72668919828,49,2,0,147.3249373333399
53513.22098804781,60,5,1,362.2180222752666
73257.50739221115,64,2,0,170.23455708852597
35024.68938891814,35,5,1,312.8761849011725
64764.83597714876,55,2,1,327.1458721212466
46790.16733661736,29,2,1,285.8950873475305
49258.044355213504,32,2,0,127.03338087026073
60122.29238249906,45,2,1,284.29624492785484
33159.16967656552,55,2,0,113.4523970343707
55736.14619276076,48,2,0,163.34337529746486
52496.78312319584,26,2,1,271.2175799504205
57386.76896012224,25,2,0,126.55756905340895
54337.52965861727,63,3,1,299.3728213700538
86829.50209866342,36,2,0,173.1099416635613
40433.900236230256,25,1,0,119.59285874715508
42035.04567497274,51,1,1,288.73903919700433
40652.89210362853,21,1,0,94.00850429718247
41667.843212596184,48,6,1,326.2249124981521
40439.19309040223,55,3,0,100.1030720430484
67835.24796661327,20,1,0,141.9521007411807
71307.56371984782,52,4,1,326.74638315094325
41438.805593757854,36,4,1,257.737605556598
37514.66640343657,60,2,0,114.81687710292326
57071.23334579606,46,6,1,338.4965643834717
41716.65433578543,27,4,1,282.6894915620619
59493.97726633266,29,1,0,134.8680144259936
53043.845312769496,63,6,1,347.26118813106996
27263.838275041522,47,3,0,136.32804018656816
73212.57801995092,47,2,0,165.19318080588582
76938.16509643283,35,2,0,140.98350163014098
40808.16964273421,41,2,0,145.17269600802896
44184.47660096024,49,4,1,309.9286479916961
54287.98086087358,26,4,0,128.75382369554788
55016.851849805375,64,3,1,301.59478448289565
59878.164090092454,41,5,0,198.34513775362655
80153.06808149524,43,2,0,143.8237929503168
47345.79158758926,20,2,0,149.4274924202462
38025.541331923196,40,4,0,190.87548716829764
29310.21157978209,28,3,0,111.28057632663311
39036.04940087121,27,3,0,116.72414560015342
49503.095406893044,53,3,1,320.2177789181755
76918.36795276681,30,3,1,313.73334036342595
42235.830514457426,46,3,0,134.92733657783575
53356.819274583475,55,3,1,321.9467334447796
49753.65655890872,30,3,1,282.189589237826
67825.89910172127,43,2,0,153.41343958800368
87903.98638810433,37,2,1,318.8761983947415
42036.96840619519,22,2,0,122.47400073967634
42658.40836222667,37,3,0,111.24027993495119
65662.41315603608,31,3,1,302.5982122462676
60228.37234439467,62,5,1,323.11228094599625
77700.6098860405,31,3,1,303.2748235127574
58758.92277988946,25,2,1,321.2657405673192
44610.61863819411,30,5,1,353.5995873581257
58859.82246038464,41,1,0,119.47728315419158
66630.55370874362,32,2,1,311.44727829053596
62307.23271796046,18,5,1,310.04802679796677
57609.11046660947,39,3,1,319.6533646433118
66000.1203438373,51,2,0,123.92604343907593
67539.4338566851,57,3,1,313.0094390553011
70732.38486556291,20,2,0,147.99992371137495
59730.64831384464,43,2,0,112.27466312057557
47493.22879524718,31,3,0,148.64560425776295
52200.705296499844,58,2,1,269.79134446059953
68097.63449762535,25,6,1,356.13897299356245
37745.964935191456,33,2,0,108.94146182975656
55530.099633093516,59,4,0,163.97411269121233
44099.91781508959,38,2,0,132.37535580249383
50431.17234402226,27,5,1,307.7370441049715
69176.77793910948,42,0,0,145.75182171201476
52866.48602029855,55,3,1,346.74351940517136
50696.54822234223,39,2,0,163.05449186888458
29602.15788530121,64,2,0,102.48345039688456
61193.80349040831,63,2,0,146.60219369554167
59682.26271711613,21,2,0,134.3337808908661
82448.8208495819,21,2,1,284.90710168846033
45383.32647570499,47,2,0,141.78955279346047
53287.254914959085,19,3,1,321.29259888598204
53740.75525566133,46,2,0,139.82386665650048
73661.79919645212,60,3,1,338.6999861650632
48570.567014195716,53,5,1,305.8203029926637
54185.32288655509,38,3,0,154.81357918561267
59118.44764574809,38,0,0,123.7558163550467
52799.13684734537,38,3,1,296.42461358394536
43303.49578174208,21,3,0,121.48173651085594
52911.34989347462,18,4,1,322.2577458965082
66104.47624789659,43,5,1,348.67951421757977
34602.270508834095,19,2,0,126.9859434225289
51994.54511220314,26,1,0,120.077145811576
39498.1877759124,62,2,0,138.98393749835208
67925.69943387264,35,0,0,120.7686508429301
27152.19642824338,59,3,1,275.43900787620663
41616.17229092617,58,1,0,121.80814196052829
55658.17812596781,28,5,1,306.503818896014
73482.86043851511,42,3,0,166.73094964236319
49013.746083905186,43,2,0,173.56322193899024
41672.00709960202,53,2,0,149.13865150892514
78217.35604160884,59,6,1,371.8916272367119
28279.79149375634,52,4,0,124.8777583694991
17017.910650698774,55,4,0,114.35181179538873
56600.216750799984,20,3,1,267.7900889413085
42469.18663471083,58,3,1,328.26342077656125
34681.5077430393,52,1,0,125.17389769381995
60625.3467094903,57,1,0,140.21180813724618
53657.010706567984,39,1,0,134.78917384270778
41538.820538949076,25,0,0,115.48668429577384
30795.434019936583,32,3,0,101.10693129955351
63086.859924202174,62,2,1,320.3419716159672
59753.017669379915,24,2,1,289.73303920679064
48512.36204330926,36,1,0,120.26753633916167
77699.554940715,57,3,1,339.74261167583336
33948.72850510771,59,2,0,153.76848000498782
27117.122436128917,34,1,1,298.8315944498321
39621.378951781335,18,3,1,292.85930554425244
49316.209754667536,62,7,1,312.5245723888818
53650.091739840376,46,1,0,143.47144753283249
46381.459132155054,30,2,1,280.04363998567146
55280.83094771445,46,2,0,169.11692496147998
31226.90863714334,58,4,0,156.5048520432157
71656.46906109889,59,3,0,185.00587974109212
48767.732324111465,23,3,1,290.1256592324345
66759.43747382192,22,2,0,144.53440384556856
55140.88019566556,51,4,0,171.78486392618146
56851.29828730676,28,6,1,380.8630564497762
58546.50920348306,26,3,1,293.3752306772068
56715.628400259724,55,5,1,319.0878106486507
59640.84139801316,57,3,1,317.6666874467211
69937.28795198648,58,3,1,294.29552068964205
52947.817545522055,26,1,0,95.25468246767024
60635.05636382769,25,4,1,287.43206231319607
48653.964585691596,61,2,1,280.8438943028222
71601.75823174209,57,7,1,432.5895017837463
39854.115469110955,20,4,0,119.82468573675021
77014.10649366223,30,2,0,160.22109365387007
49397.63074033485,36,0,0,103.50832125765038
28538.373468229278,51,4,1,295.2749537210095
51921.56622366184,49,4,0,196.68505505494997
39784.22513787678,33,3,0,164.8098446308203
62609.65323483086,53,3,0,156.7603348154307
40210.640310464136,35,3,0,129.60357518399502
43307.248501778304,31,4,1,311.31309046147385
21656.889035817036,47,1,0,118.9527962694215
43215.405211263846,19,3,1,281.1510182823157
13641.81010056565,30,1,0,101.63714629940137
26241.45764771415,44,2,0,95.31039080385133
61406.21984216446,34,1,1,266.9788121508599
61787.00237976248,48,4,1,315.7651349705719
56381.86342677447,32,2,0,121.05212731911922
35495.3578530618,37,2,0,136.58377821026264
49284.3296578703,22,2,0,89.51541482681762
49945.96191364148,24,4,1,298.872660221781
32624.529662111858,35,5,1,294.049623241975
72550.97452650726,28,4,1,333.83512086938214
63160.43435863507,49,6,1,342.45641156458106
46685.53739255504,44,4,1,318.76496246892907
50403.28758491796,43,3,0,140.9896915897411
53125.74211921329,54,7,1,331.92016799509327
19373.97697363564,62,2,0,106.67540900437409
46292.339262191046,45,5,1,314.87993333163683
39770.23628003302,19,4,1,277.0759376983664
34975.69985157627,37,6,1,298.8824916766021
45783.495606710676,21,5,1,265.4618648881678
76965.29790274284,30,4,1,354.3225039068422
59612.64291900515,41,3,0,164.6432603592095
41432.31515325805,55,2,1,278.2465821390464
58588.74172034238,57,2,0,183.15099772019926
70990.33154879004,62,4,1,315.80613026672563
63869.50524369153,46,2,0,143.780824191503
50894.45554880261,53,1,0,144.02875719652477
40295.94833441639,19,2,0,112.93945079690711
60473.34970420385,58,2,1,309.41905938672255
55902.28078132625,35,5,1,308.923232722954
63427.89830041598,25,6,1,308.81074026521367
59527.57702522954,32,6,1,318.67556932151786
65743.29072979002,58,1,0,164.25980132695318
41971.47182659148,34,1,0,125.51942957711226
69760.91098451489,40,4,1,310.1802033531971
52963.994070386,19,6,1,281.59830497525184
81128.91308937898,23,2,0,161.74089117242312
39662.18272865648,46,6,1,309.4190148543466
76039.45704747873,44,6,1,355.4078952889501
52968.66175193972,54,8,1,370.3491310006247
40228.72994578327,51,1,0,160.7564338122234
42741.71248918518,35,4,0,139.4834917491491
45194.7903770852,59,5,0,166.48161705267913
56362.48919602875,27,2,1,283.31378654962276
57842.5323205325,55,1,0,162.6402591366961
41394.49994092131,61,1,0,137.65396829275454
49634.68111608526,34,3,0,146.3247635669969
82134.05537917795,30,2,1,325.5815506126829
75913.14755151067,59,5,1,322.77893535253304
56544.85504511048,44,2,0,151.58121330650772
50570.05217252301,19,4,1,324.97042080371466
51800.46990077392,51,4,1,318.6034697640606
59202.769590956246,48,3,0,165.25961206031332
34658.111522023915,40,3,1,284.8905108146181
46139.35193864982,24,4,1,329.08611900636436
24971.238891836158,55,3,0,171.0227742382777
55988.34683907919,50,2,0,143.30474215085547
59707.939095541115,29,3,0,151.85058760484884
42752.20306550939,62,4,1,297.772134485369
73609.80144935049,29,0,0,156.67871123111743
31613.515054964882,36,1,0,119.14031868674297
28034.376796852695,26,0,0,48.64812710828676
53366.77727839958,27,3,1,302.789757537367
65706.47453918232,34,1,1,282.7640941082779
75258.91537186803,57,5,1,355.0341953751925
43116.7360569659,56,3,1,273.47022179479865
66180.21250146943,58,1,0,143.37868945679415
49422.372957489395,27,4,1,285.70210872564553
47410.59050088771,29,4,1,299.72417993309136
63254.89906230009,32,4,1,311.68923241591995
59784.84317620129,48,4,1,327.27627195697016
26354.11764523626,32,5,1,270.51041491071163
72148.10524588844,45,3,0,154.27721863657987
70701.37031221177,21,4,1,322.0713587462533
40616.55947735706,53,5,1,296.2812057901425
55937.05300156114,18,3,1,279.9282410839753
57410.45279424108,61,3,1,319.94431006199
53910.10648735861,51,3,1,339.58030131378956
41745.422692318694,64,5,1,303.6478400011454
39925.64948092923,34,5,1,271.65973752258316
49616.688935128324,56,2,0,139.752668829655
67590.93528889047,55,3,1,321.1242906934846
58154.002318916486,61,4,1,360.2430442487632
44440.78501870841,50,1,0,137.62447521172103
61575.48065972517,38,7,1,352.20891596718235
7271.8606905488705,43,2,1,255.1089574496896
67231.48550558156,63,1,0,150.4390853900189
23904.293318328506,53,1,0,86.37350261813985
44563.38587895302,22,1,0,140.8448625557067
33204.95158060784,50,3,1,279.10697930198955
30579.777864186413,18,4,1,301.31438650490315
67412.4018106778,23,5,1,323.0625814871397
42984.48198032163,54,5,1,337.4342391107539
55197.55822596073,19,5,1,334.0224701562804
49296.19131681224,22,2,1,269.46083523538067
57155.612408346824,43,5,0,175.76989482413592
51152.32836590383,58,5,1,336.3348078489414
30755.116637171457,64,2,1,299.8529408524547
64944.002291707104,30,1,1,264.4222948266766
42593.65125258031,29,5,1,344.5855904082531
26651.271520103735,22,7,1,295.7801291410501
43578.27258551131,19,3,0,118.98776905579884
72511.39685951466,21,2,0,181.1387840693379
62753.32613170239,44,7,1,341.90805606138656
44770.21798388211,27,2,0,140.76449094072493
44761.13443522357,30,2,1,261.04490001346096
45175.47423173926,61,1,1,296.60774895081806
81151.21975341262,19,5,0,177.3467070321323
55729.0317834733,43,1,0,134.62046240395847
56450.624707866045,32,0,0,140.69973186521509
65454.25181047763,63,2,1,290.33471514294314
53581.8373853977,27,3,0,163.1829840420772
46114.36781268945,39,2,0,133.044324797024
47054.75226372533,57,4,0,180.38172752566035
48925.98110878904,42,2,0,105.51973886030632
49441.66645235238,32,5,1,314.96536049625087
60914.4431545547,30,1,0,124.04626014487678
50779.18828710949,25,3,0,129.95609454951224
60989.60115823369,38,1,0,117.42413445416442
48789.251298371266,38,2,0,136.2842221090188
51179.52785474136,39,2,0,109.96276874596713
20026.989732018385,63,5,1,272.3322476273673
63744.91512053722,50,2,0,120.537450148723
55197.32713846989,62,5,1,303.45221277213284
64970.15164789478,44,2,0,140.61908166495343
6556.1693270946635,57,2,0,77.36395271255859
81325.62057171091,39,2,0,152.32494257762613
47906.15557767239,47,1,0,109.77118600566226
66622.74225106275,26,3,1,294.7424796418906
34401.411093117036,62,5,0,159.55179032226386
59191.608575938546,52,8,1,353.15166735353534
34198.76655239516,35,2,0,131.3134439782589
40643.465589562926,59,3,0,129.93766396446694
78710.4703080018,22,0,0,154.95056782746215
47139.7639885498,44,3,0,108.91446807598493
53261.49309769584,23,1,0,126.91562945159319
63051.015960331315,49,1,0,118.79227427245883
57435.22831958907,25,2,0,109.70256543157485
52256.28357715365,56,3,1,313.5605212795911
55474.41503699338,38,5,0,170.59107199723618
86051.23377857413,35,2,0,202.75232871825398
49135.71804449622,31,3,1,278.4509170960255
53016.485700724515,32,1,0,112.40921944134432
65759.81594011417,59,1,0,128.70380785686186
66582.88899436976,43,5,1,334.3673454184794
67805.4545834057,61,0,0,167.46106959556528
59580.95333043777,49,4,1,296.95116295815745
32854.92630904275,56,5,1,289.47956183872077
74501.47298451644,45,5,1,343.3695827676615
32804.81910471968,56,4,0,169.3002267891644
54539.531978585495,60,4,1,317.08917967137677
38685.86224970963,49,2,0,147.25516394390414
49037.92480110511,30,4,1,304.0872321338
54931.436154552204,32,1,0,139.35461619659128
54820.35823175409,35,4,0,156.9162630862999
56328.81131352927,56,2,0,130.4591103250897
74205.6690358797,23,4,1,339.9539223600694
56803.014522709695,28,7,1,347.480859043988
46337.65047064027,49,5,1,324.1214365188695
64461.307524325355,57,2,0,142.00851365133855
67842.05733386961,37,2,0,116.04774704390216
31585.88277294511,50,2,0,134.25060981177216
58961.00104774787,57,4,1,294.2429376781649
60517.591134663475,25,2,0,127.47560555110151
45536.54744960012,52,1,0,137.90616885028442
70635.6021996743,22,1,0,103.92233447743021
47749.1661945121,52,1,0,133.1443791551473
51883.64680207313,64,3,1,299.63888504295585
47403.922635741954,31,3,0,134.85425632269525
50233.685713722014,38,2,0,99.53071190092037
33555.87369657197,64,6,1,318.6594438768317
28399.236761085584,41,3,0,148.2964357734084
73917.57594837458,34,2,0,154.3356531317591
37295.57977522508,35,4,1,331.55883717012364
35129.114758155396,51,2,0,104.54213823457488
17699.148295944276,29,2,0,143.0390246066964
40415.57378465746,33,4,1,312.38007716135536
30153.653098887524,21,2,0,142.37437635339882
74630.22740204554,42,5,0,229.53890695731658
65147.25634013952,51,3,1,329.8948650307269
39677.74482233414,45,4,0,122.47043639762276
83786.53708016463,63,6,1,378.69013291321306
64726.48230487391,28,3,1,268.6519929402881
45127.529247370665,30,1,0,140.0049261836129
12508.914276896401,48,3,1,307.4317020998102
84364.13858886113,42,2,0,183.63256538017654
29156.41299854606,56,4,0,135.1715991133696
25319.01879564662,27,0,0,107.26186176204263
65338.5564801446,41,4,1,342.31331566827714
86596.28609508909,18,3,0,181.196705451862
70764.09227765776,42,2,0,171.0303089624954
58458.636800785396,45,2,0,134.0518841370551
58921.315124979286,53,3,1,320.4609208928944
62801.23338170462,35,3,1,322.49160498418587
61383.92884680148,23,4,1,307.56623253853826
54217.87135954064,19,4,1,293.7278251825314
51563.01655927814,20,1,0,121.11679445489158
49061.103081507164,63,5,1,333.830342203632
38690.531166999855,25,2,1,271.8607990705435
45789.87384699839,48,1,0,135.0290649994623
24605.647787069218,36,3,1,271.8477226370952
48524.90559807875,23,4,0,157.4193503136093
35171.133392736236,31,0,1,263.7775499735051
33446.160241763435,20,4,1,279.8472461660975
52698.41226730218,18,2,0,129.05590443156797
70880.034295169,61,5,1,344.49670869390565
63774.7490900347,47,4,0,160.37992551324788
26442.490945652346,63,3,1,285.6314782359357
35155.57795144494,36,11,1,316.61174276253143
64111.567819823234,36,1,0,148.49251901193966
35262.68909692536,26,1,0,144.86139198768026
46630.50275004463,24,3,0,126.25199290413669
58250.78148536828,63,2,0,184.57943547747192
35474.83317704547,54,5,1,314.1189582313735
51580.6325921894,58,1,0,117.41676160979856
29989.617576226934,24,1,0,79.44395842853372
40979.48534073179,26,3,0,140.2042089729526
54796.72901213806,21,2,0,122.78245798402551
26105.09399702496,42,4,1,322.917856350621
56607.121069405985,29,2,1,285.5085539374851
49705.433016099785,23,2,0,102.99420677492938
58287.34931625721,35,3,0,149.2205063815108
53358.712010969924,57,5,1,296.5098086806054
70462.10644960766,38,3,1,274.9745618604935
51878.36753971861,32,5,1,315.75814400327386
43558.91688312121,20,1,0,110.09530972463187
51834.46254548425,19,4,1,311.1279296283919
58149.470435545816,58,2,0,151.16786894629175
50732.901054885566,57,3,0,200.52708649463966
50608.87536805824,21,0,0,114.16549384333902
39470.12468289867,49,1,0,148.27995937206578
40056.48623673578,19,3,0,134.15345148311886
28960.920923004596,63,2,0,143.38934441822232
76243.65114780409,46,4,1,354.02981860975285
31342.051469130725,19,2,0,127.54160933025277
39606.42203306139,51,2,1,278.28053139646534
39223.89101646204,44,3,0,165.06165128129777
63423.86565416662,56,4,1,303.97802396892274
45575.75482561958,61,8,1,393.4918197961549
68716.131090106,55,0,0,127.0689205177593
39897.640636341974,35,0,0,93.49317898373425
54184.91243335703,53,2,0,122.26267658435236
37469.794201103636,36,4,1,292.0126648765941
82177.23691660083,44,1,0,171.2611096711834
32186.02371455731,62,2,1,297.45234796627165
54647.31065340541,37,0,0,127.26112708946026
59506.65321398148,38,2,1,337.0322951025091
56206.986461772474,40,4,1,312.45907335519877
47220.68511683438,47,4,1,316.5186729888805
48052.689503998605,42,2,0,171.65719107810946
50657.17207968664,48,6,1,358.5401035534757
47794.96997557267,44,1,1,270.4183181954854
64458.18675192365,51,2,0,139.9772574613997
83157.84502387026,25,4,0,188.47476454432865
41637.623224882496,36,6,1,312.0117504324437
29452.955306313834,58,3,1,302.5539528193277
48675.76927473118,43,0,0,90.312487864609
88695.64006481477,45,2,1,330.51131867557194
37944.88148045404,21,1,0,86.58078933277233
74586.75208166102,48,3,0,178.1538294684208
75165.51221114662,33,3,1,339.8955149573418
41696.176374380084,27,3,1,338.22316449831334
58534.74618777913,55,4,1,330.9057463999065
74425.94934692807,27,5,1,363.8192190799948
44313.08388518769,62,2,1,277.5995905487938
46946.29459846457,26,1,0,71.92898630768923
41274.786290770346,56,1,0,151.61070418754997
34778.649039607,53,4,1,308.1675913012632
40260.83682400989,53,2,1,281.94751000726217
31640.895998566153,36,1,1,246.7438492486541
50511.25202388839,36,2,0,146.48360257595897
38450.40153412038,29,6,1,271.8130377987049
53506.788676861215,30,4,1,284.454492638428
26661.56530694559,42,3,1,265.2092813726354
54963.20348321686,53,5,1,339.7584041953277
62502.93442413387,42,4,1,332.6445602175468
20093.96536142817,45,7,1,326.2022770164966
55610.848547713584,59,4,0,172.5922135708682
68415.03488709938,56,2,0,180.8187282540479
31855.38471963192,47,0,0,79.60883400118433
75088.58580256555,22,7,1,346.4520547907443
56285.285140490676,34,7,1,323.71004819778597
39424.82216362387,35,1,1,276.6170325837965
49163.46383513441,60,3,1,298.72354770587725
58374.903687825834,64,3,0,181.89236240164902
51140.080871186176,38,4,1,317.8341142824257
58081.33988669554,39,8,1,355.04627039049115
36189.89610380951,56,3,1,278.62011815101323
52540.41236054117,23,4,1,309.62244150044654
28794.282546425296,33,4,0,132.8316326711899
48331.60907976949,19,3,0,154.19121370012584
36441.38537802815,18,3,1,240.0152674950317
38967.050861153504,47,6,1,323.76409461872527
68541.39762815656,60,5,1,339.722681570949
66369.65180891403,54,3,1,310.67955756076486
59137.071813607654,40,4,1,348.6862385377343
33615.308529911315,18,4,1,271.5015816039032
45253.87325457797,36,3,0,99.26875175688838
68196.46549968775,63,2,0,180.5204328351099
52125.753704598574,20,4,0,173.21741594805368
84789.94309972541,19,3,1,333.47181041647445
55899.76759091558,54,3,0,123.44601998140918
52880.73674735047,34,2,0,139.03746917521738
45363.25303696248,45,6,1,309.67986209739695
52003.11357173423,35,2,1,319.80226923401506
47712.952454291844,50,1,0,124.35337205285778
60621.630150328856,32,3,1,313.21432046052354
64350.53475191876,39,0,0,139.1635855549915
38210.158092380756,58,1,0,144.44527807576492
30031.50569663333,44,2,0,151.64754936329288
22456.919403450553,54,2,0,117.34654335206791
57619.86990368816,49,5,1,308.73437104910505
33449.50090739189,62,6,1,356.8689656284817
17706.64110571276,36,5,1,276.0961279661688
55828.67906796446,45,1,0,151.19774652119648
87394.99276149186,45,2,0,172.07592772559357
49908.9363269016,27,3,1,291.6301329320788
62577.36161677463,37,5,1,300.7336029913731
51227.440378213476,42,3,1,298.98490865121323
48516.65520213286,38,4,1,316.75149448773914
63786.14724481653,31,6,1,321.5285112036038
45645.88183717023,39,3,1,319.7715459528047
54010.88471107854,43,3,0,186.3017000334031
54825.467092940205,61,3,0,166.9339122984086
39978.64319535427,28,5,1,311.91051931313376
64880.635243047844,24,6,1,344.1660411710998
47375.60364956887,34,2,1,275.3670580800192
38663.82260760733,35,6,0,152.14179497001848
58047.64765355605,24,8,1,334.2120106473946
36522.98027313444,37,4,1,271.0199103320433
50422.717360536924,55,3,0,146.0900089543729
49863.21505033695,28,1,0,144.09051557337054
66288.43348747367,61,1,1,297.138627241543
57120.47349319929,33,6,1,344.30507813170783
49624.595618822845,44,3,0,161.22576501425036
62266.494488004304,28,3,1,308.37621154059156
70853.1132352597,33,3,0,173.0792369304453
58367.154595277934,40,1,0,114.66416113610063
50155.28929765071,29,5,1,316.53215827869315
30322.456514747606,57,4,0,136.94495102893282
34023.29505386941,20,2,0,138.31077593489283
45421.629434679984,19,2,0,134.00060812921873
40857.31696761075,55,4,1,324.2631085645214
47195.43045521831,41,3,1,294.48522478611835
50849.74887345661,46,3,1,288.87013157771077
57945.391315350964,64,6,1,345.19201590376156
48942.518329113635,63,4,0,139.53262421504812
57297.52465739303,51,0,0,114.72989671829534
50967.1162221518,37,3,1,271.7964107767091
20368.00150469193,35,4,0,122.93424073597001
35909.96909271869,31,2,1,288.5689044255724
47838.686664175766,35,3,1,289.5785368759114
31854.578857383385,19,4,0,109.0284178049432
58998.93094994307,18,2,0,149.27406848649804
72961.26248515546,37,3,1,286.3045435328296
68281.42777545974,51,3,1,299.74729998202855
46798.35693604688,58,6,0,191.31444399049312
72360.89205274929,58,1,0,183.71975240023346
52230.01185803167,28,4,1,302.25627714728785
44943.71043322941,44,2,0,99.98930369257516
40798.960046885906,40,2,1,282.94991043535595
45462.95470267808,55,2,1,330.579501645144
44177.34772188157,61,2,0,164.74085135958612
52556.243335632316,20,3,1,281.5680041519368
52408.60971574797,29,8,1,340.571815840254
50045.69030230122,47,2,0,154.75899486494845
56554.072546195246,48,1,0,150.98609626822144
67859.69412179512,40,2,0,124.05749180216583
64243.312031619855,18,2,1,294.9403447290611
27726.53047325145,58,3,0,163.67415866954366
11691.182976470678,37,2,0,97.27939625967149
64014.79866858911,23,3,0,149.26567409839762
29496.819523768685,28,1,0,138.08470790993186
46628.518971609745,52,2,0,143.0449073759852
32448.304609109608,21,0,0,107.57711207471232
22970.293436299704,46,4,1,301.91175287425835
58121.94092307182,27,1,0,136.1731862453812
61387.327404539705,46,1,0,128.4901774222611
41352.34398909921,55,4,1,273.3807758131066
11134.365617826348,18,2,0,75.95021144327545
41806.33327621276,57,2,0,131.09050709292063
55877.060081038195,25,5,1,339.69526805534355
27816.32646838807,55,4,1,306.68112526220267
52750.39879668733,34,3,0,131.31684015892935
49770.35226240507,36,0,0,109.47802814739592
58689.37249401632,50,4,0,159.02551599187623
51793.705526212296,32,0,0,95.38844335420472
35403.96588677667,62,2,0,132.93055591855014
67948.57252496737,48,1,0,170.11332766456795
47622.05640459545,38,7,1,309.3417698300039
49590.43190735102,20,4,0,173.2452173985906
36000.98061390206,19,3,1,279.44520196966187
43350.766232127346,52,5,1,322.28670835333804
36727.95928959649,58,0,0,110.60940318350526
47405.809101148654,33,6,1,325.74148834746643
75675.62720213515,62,4,1,345.3408410023721
29421.482856029656,38,1,0,110.26799796703494
25796.579031848883,29,1,0,89.74700306966474
72067.55491240413,45,4,0,197.38555429557567
46860.14484272201,29,1,0,78.98381314015602
39963.908920101254,50,4,0,170.51633113771365
65598.57031094114,37,3,0,175.4223909700382
40915.766903947035,57,4,0,169.66908582360765
77390.14570320403,38,2,1,324.7284729513851
60168.88807008904,56,1,0,153.86645645839553
42681.32887781446,58,2,0,156.75331060998525
82359.62319898256,59,5,1,369.40706902111634
40914.27615494993,53,3,0,140.0356286532443
61131.430580139604,39,3,0,147.80755580212485
54489.38870609738,43,3,1,304.94166243409745
69526.11934098197,24,3,1,339.8108622453892
73422.66795090279,24,3,0,181.10020864003636
50480.0622359865,25,0,0,122.78839402398202
38698.73194480725,43,3,1,228.21733523013046
56899.582144086744,41,3,1,274.99112015403483
39834.26945371841,41,1,0,126.87853242312033
80200.80871289935,57,4,1,372.39999590576593
52048.02996624106,29,3,1,286.81646426632653
44520.17673031837,64,3,1,307.6413934768915
52770.204587973625,25,3,1,286.0068982059434
29793.10565705455,26,3,1,249.62671919286768
35425.789422340225,20,3,1,266.0350436657526
68006.20861916638,38,4,1,329.65523791372993
40146.58581542906,48,1,0,158.55314348040335
34296.3352597709,64,4,0,153.35265434764588
58049.79128790929,41,2,0,148.5402662598279
67785.56231994496,21,0,1,307.4386039136331
60784.299659976,37,4,1,331.53376874919473
64940.715287087245,33,1,0,153.26787784185552
38648.073671458085,27,4,1,304.8822601752739
28672.839998872343,60,7,1,319.5288812652939
72520.0047793323,43,1,0,155.4319543062597
45159.802417367966,46,8,1,356.9045401829237
46237.50475317429,22,6,1,308.6344611060349
69922.91212773586,28,1,0,140.893881301096
58343.4501410099,46,4,1,317.1226985498269
56838.31658122411,62,3,1,293.3666625280196
82475.03517351625,32,3,0,206.3676319850418
40347.22654429785,23,1,0,103.70935967534308
63917.60192121856,32,4,1,307.3362986835581
50855.19687345627,60,4,1,327.9289306569963
54028.88418294885,37,4,0,194.09530685254902
72927.02639618798,51,4,0,176.01424197928463
57617.53634434436,19,3,1,296.4615962693232
58074.441185744494,61,1,0,88.83740537411748
66087.61005964704,33,2,0,190.50848906971711
44525.70905685672,36,5,1,299.9946279190095
37411.85498991491,51,0,0,55.67260815096655
34327.862089684495,31,5,1,320.6169619644065
20504.65115935997,41,1,0,74.57908946796637
80843.10694910484,45,3,1,305.5020998557961
33451.87451417475,49,6,1,295.13490386293455
46681.19564621342,54,2,1,282.0188651779771
45847.80050166619,27,3,1,321.6528095921061
54611.10046713651,62,2,1,276.30512564382377
62236.05818808945,26,5,1,340.2767254768986
62907.10232539618,41,4,0,157.00105319780934
41253.83842146592,53,2,0,124.96778704137144
47493.174293203825,46,3,0,142.8644106522718
54238.69925732449,46,3,0,153.74801992644365
46269.633107246795,40,4,1,312.4281419795236
74110.18364029989,44,3,0,140.74365361488364
57364.62427457377,48,2,0,197.21763541580884
61023.16679074726,60,6,1,349.80254794285764
59943.21903001119,24,3,0,126.25752100063912
67602.10786227987,62,3,1,357.1272706153299
52715.3233805556,21,1,0,119.14874634686296
30547.5207806623,31,4,1,281.42649775659396
55995.31927628962,59,3,1,332.5995213365427
40229.64659312257,59,3,1,259.7004965969761
42070.74977375365,27,2,1,288.49069050026446
58795.4602813264,61,1,0,152.70945757691723
68574.24607150453,51,5,1,330.88862646214295
50319.073651040926,43,4,1,305.2456019738314
54632.49518898446,40,5,1,309.765845818265
75533.22416952858,26,1,0,149.82497776208723
53611.297692328524,54,3,0,164.6003778920302
89025.24671270592,25,0,0,126.8856009898904
58482.64468447316,31,8,1,337.0874387560526
23588.558612662735,24,2,0,64.93584133941141
61300.12431656799,24,1,0,109.02204207428616
55717.37577324166,26,2,0,120.89399530951891
69346.29131124119,20,1,1,242.1403537708323
60097.72026904937,31,4,0,172.96170533480645
47923.16024024339,34,5,1,328.47814821570745
31635.526455659514,61,1,0,167.68817579754025
46864.65114070962,39,1,0,133.73050271019275
37242.1931868605,63,2,0,120.86127168433165
41292.14825292916,43,2,0,131.9855666054094
58828.67606630914,45,7,1,359.4533302287204
75048.56756527109,62,4,1,352.69616448934283
55920.07294734471,31,2,0,120.24079371453983
32061.754069472234,26,2,0,142.0014052267547
56669.040023302114,43,2,0,161.37885257760573
67949.47229968477,19,1,0,157.6632196288401
40853.25643520927,28,3,0,157.43307008028268
47989.742499906235,34,3,1,311.2521045140237
50220.32292093796,51,4,1,327.1743839960249
38226.5253037664,36,3,0,145.29712293400038
59724.20650765789,56,7,1,361.14140708743605
48185.77777088327,35,0,0,111.27424339054826
56292.98665860542,30,3,1,304.0104190422853
36687.6173329685,22,4,1,269.87077516665823
43438.125495148844,40,3,1,310.4564500828667
60835.72036741657,41,8,1,350.9882787558504
44407.502718623495,46,4,1,296.39260234106047
75904.45776850107,64,2,1,328.66626892730443
44005.45721578097,25,3,1,288.76596626732356
53370.27088627829,43,4,0,166.88623929551537
63988.86247809635,32,6,1,355.58031478552533
28724.514006004523,18,4,1,303.25313751559946
23587.86782028836,45,7,1,299.899609341358
27115.15528144858,64,1,0,113.67458138619695
68938.76155140773,63,5,1,345.89660271580027
41722.127811613296,31,5,1,306.99810909563655
88372.98928502378,59,1,0,181.27653755871518
41536.286020139174,51,8,1,327.5404950635834
52768.269547955555,48,4,0,179.84562211957524
73131.64928851814,23,2,0,159.5429840456836
80091.39332238684,22,3,0,158.01857075313578
80922.55364954597,48,3,1,344.16277300979436
68125.49345889714,54,2,0,156.4040264458839
65360.93788717194,32,4,0,172.19190095994648
58887.90423801775,32,3,0,139.8076407806596
61675.41614249957,60,1,0,166.72318967870058
41732.214255072,22,2,0,119.97133571794086
37727.016748665395,45,1,0,126.14639542648372
49949.38313883572,50,1,0,145.65703534981725
47447.23066212607,28,1,0,137.75826764087014
43201.579260090875,60,2,0,163.36545909021723
60445.81171185073,23,2,1,307.9306344285221
64329.57812855766,40,3,1,318.8481565742256
51326.10329437771,57,4,0,174.07089082338138
72162.95121582893,19,2,1,285.95551504489686
32874.66328799742,32,0,0,113.9377606186531
47095.10811080423,40,0,0,85.97472094334636
39247.66519095792,39,4,0,163.41269104923316
22001.9507439041,26,4,1,259.6620419060116
48759.78971235951,64,2,0,179.71983254677656
48173.78737425074,57,0,0,135.78164342588306
72701.74614863197,47,3,0,181.15706225239413
59462.17526832166,33,0,0,126.79577251155419
34637.19763506192,63,2,1,310.9356035762034
77811.38849501283,64,3,0,173.3108428171749
68315.5054328803,47,2,0,173.74297441130153
58731.465552029236,62,3,1,332.5587363270043
46602.738517252525,26,6,1,320.5874332628352
35608.4114491478,18,8,1,323.08471100796635
44416.8983589342,55,1,0,160.97634031804853
66331.22929556279,25,7,1,329.379224060825
78268.79458901913,35,2,0,133.46240485965754
73148.65292408284,44,2,0,163.2200055991609
42667.258673205884,35,3,1,286.95101146232054
33205.73850066483,49,1,0,118.44227117153362
52113.29370366806,49,0,0,115.21343194435308
23473.409516557225,62,2,0,124.6009329317191
54847.515712771725,53,0,1,252.50023349963635
47785.96120551997,53,3,0,200.08221710773498
43009.452471976365,38,2,0,110.40355074857075
26079.453990998067,63,1,0,127.94967616531272
57704.00159854575,49,3,1,310.3539815581761
42009.487405071326,48,5,1,316.09696054885194
32451.24746434568,54,2,0,117.16536997529383
6916.066800775261,33,3,0,119.47384279648223
49587.27642424046,63,4,0,164.26782581975465
76583.77395004616,63,4,1,343.9293329510616
74918.88821821805,31,3,0,149.7423809976909
43143.55615120592,41,3,1,322.3055842016807
40966.81909457329,42,1,0,116.63504775364383
57031.613841125356,63,4,1,316.3157556587747
35024.21841217563,52,4,0,151.27204241704572
54526.87849729199,34,0,0,163.17942836402375
61491.204175770356,63,3,0,140.00975028671454
68403.99835826461,59,5,1,377.62524641740487
48497.68885280071,62,4,0,201.7666457308769
46944.893747345515,21,3,0,135.14781110020763
36830.261198651584,28,4,1,244.14300554403462
37596.7946894021,64,2,0,133.2484853992252
46602.8166214771,32,1,0,114.9975490457787
55510.48260224267,47,3,1,274.55639520114454
63703.76939349874,41,1,0,106.26485725340032
37952.31573979482,19,7,1,340.33915443500007
72390.32853439283,60,4,1,353.7242994648667
45933.14598436147,51,2,0,118.18757868722814
49679.490584773455,40,6,0,183.67752821523302
38791.82481278265,48,6,1,294.173263536295
13636.396095905875,54,1,0,72.2032482443449
63260.68094541575,30,2,0,136.34319342333492
61052.6584563865,50,1,0,129.46093912028107
45780.0866432268,24,4,1,290.8236626878443
51004.86075837308,49,2,0,143.58450999002378
57739.08826556149,24,4,0,143.54779036658064
26561.81214670186,59,3,1,297.34818069932726
42064.209839805575,55,2,0,159.0182456002349
61913.970194327405,61,1,0,122.17593453739701
31185.658652461258,30,2,1,302.4476843460272
54403.368982499436,41,5,1,316.7439847956474
29651.272930648924,45,3,1,281.61502616927487
56996.449736502895,49,5,1,328.22982527017666
49465.37776553775,60,5,1,337.0671077998967
25773.022761417356,35,5,1,298.07148040722376
67471.09031685758,51,3,1,332.16760842640144
38981.12634802926,51,2,1,248.84107847705647
37846.213444784284,55,6,1,365.4975026094183
53008.53795846414,18,3,1,314.03517249740605
67229.56024143074,60,3,1,299.0353437949747
34762.67271532405,59,4,1,296.3175028275922
50925.197747719576,48,3,0,106.39869111127706
56432.24750495859,18,3,1,261.69684791774114
60396.584108947165,33,3,1,302.4710586466743
52646.62332915838,56,1,0,149.96075899158163
44494.58241375016,32,6,1,337.26909393876883
37586.146690269205,50,3,0,115.46682739606874
51292.158245695624,40,4,1,350.9489237435664
33917.9148202159,58,9,1,366.58936861148044
6179.742747580887,51,2,0,76.15657395812998
56548.39706236502,34,3,1,307.26464348800073
63559.02261629293,42,4,1,316.25805106296593
14556.01346687242,59,2,0,89.22972697846912
34854.03942935094,23,5,1,285.9994611886641
59287.31391507797,48,1,1,292.60939963984436
80862.43204567548,22,2,0,129.73153511903732
50311.905615131116,57,2,0,143.61289117926327
39079.955881562986,57,5,0,176.69710209367713
47256.553383427396,47,3,0,171.37572040980095
70623.14628722277,22,3,1,321.4678321397251
40310.53731313197,29,2,0,115.40719045648397
38012.119900246194,24,3,0,129.7871351970502
42758.847167269516,62,4,1,319.9169003615766
35700.07087611932,30,0,0,105.50763658540663
51840.054739921936,21,4,1,301.0267530552934
74370.17687704341,59,5,1,351.9249974875094
54846.18909674043,20,0,0,104.34123521559577
46214.69746810569,29,3,1,290.6247513386879
45622.83096626684,18,3,1,278.01509481960505
26552.137869550144,44,2,1,244.97271990675375
63246.646657207384,60,3,1,337.9456957417807
48832.44204480797,30,0,0,118.60802863560136
47292.80129614061,34,5,1,301.52149738974447
97896.61351767291,25,6,1,366.3005818704049
54481.2936254853,49,3,0,160.49938605388155
38723.134248572234,37,4,1,311.63983592700487
43604.63605691685,34,4,1,293.6458496114592
67226.68563795132,51,1,0,152.96078231774447
51699.056158066465,52,5,1,356.06255375842625
28425.830325239498,52,5,1,238.05448095206356
63788.43401862805,55,2,0,142.42712421551738
39977.83871691509,59,2,0,147.4808673114847
78099.46664326318,41,2,0,186.7800559949528
66200.72098571973,35,8,1,341.93069680094317
43290.17156511873,63,3,0,136.30751646442667
69215.2454260267,56,5,1,347.94454843322427
51017.83265791105,50,2,0,112.75390013550712
62791.605126833296,40,3,1,309.1640121658742
57270.99225941712,42,0,0,125.11073105180944
37304.6501751369,54,3,0,140.08943233498337
40346.75251523807,44,7,1,313.12132724920895
65449.412263717415,18,3,0,142.81854449451168
44978.37001840189,38,4,1,268.908280259473
43945.27305137005,27,1,0,92.11822957529215
35673.16130975971,48,4,1,292.3730622755748
56353.98598390192,61,1,0,158.9983093781748
80937.87378864718,42,2,0,176.4406048099876
33987.006286185904,37,2,0,136.2245449951812
50363.29185009137,19,5,1,316.39802383635384
71183.30833123144,32,5,1,364.85136231770656
48805.37913131427,45,2,0,125.96918171921986
56785.57694374601,30,0,0,130.97753738817306
34064.0970777968,31,1,0,114.67389617992153
56424.60645811473,19,2,0,136.72921742217864
47192.83602493177,51,1,0,121.35183728373637
64785.94993519795,52,3,0,155.92603092695526
67810.79077347126,54,4,1,326.5401114285626
88843.45463027922,42,2,1,302.6468670135422
58694.497598203634,32,4,0,139.88099152370654
54886.944748732494,29,3,0,148.55031029245274
52915.76452366004,26,2,1,285.1154568057889
44702.505607839674,48,3,0,146.31655609084484
55077.25765192536,31,2,1,261.0023202623653
45568.97884791456,46,4,0,128.78542011993915
52526.91464404421,60,3,0,150.29312008753894
69763.9630341194,55,5,1,386.64231349724764
34901.86152080538,59,6,1,304.84431765442923
67098.17841693568,25,1,0,153.26523561980113
69756.72601009798,20,6,1,330.1252562302526
48228.97209513382,19,1,0,93.33753456597348
18172.17651487108,33,1,0,94.04739012600602
40882.670193583515,36,2,0,113.53215278901187
69454.91819841664,47,4,1,335.8815801759325
49656.97906551677,58,3,1,310.7410513541482
35010.466515576336,33,2,1,232.3573620090645
42428.376181576736,48,3,0,156.61165708005487
62609.300397568295,45,4,1,305.709247720246
58201.00352302069,21,2,1,292.4748063593036
46416.01851245458,27,2,0,131.4699376008925
44497.63382277969,62,4,0,190.67558985446593
44123.62776434267,35,6,1,320.6342287788496
36163.84723252246,64,1,0,132.9839809361247
74230.63534204163,49,10,1,372.7055728806442
45165.192961829904,47,4,1,333.6290064562857
68257.37781238244,53,3,0,183.51879181740804
72819.74077883677,26,1,1,283.70080105831073
64974.66347221941,53,4,1,353.5017535344287
43525.695309229275,46,1,0,140.07211627914626
56055.95135504914,33,3,0,146.56297787190059
49637.06590413626,45,2,1,254.42382550619806
36444.47208904808,38,5,1,307.6693443320296
54865.389225824045,64,3,0,161.3914109205619
32314.40313260296,19,1,0,137.97937874114493
67815.19082692346,63,5,1,357.36107339010806
43030.7405405241,52,2,1,265.97425907276084
53017.39483809259,45,5,1,343.79631276081216
54249.31807319213,53,3,1,291.6125426387297
46116.42539443884,48,2,0,138.22956968729085
58800.40702212912,50,1,0,142.17330992418476
42876.44515066213,40,1,0,105.95725273884993
63069.45946185866,58,6,1,314.42722731149826
29810.304796298773,34,4,1,298.4023759711456
51895.693693196175,63,5,1,336.99630636303345
79083.93498587428,18,3,0,158.31374908586707
34995.03013091638,59,5,1,290.9722819577493
39833.82544212723,40,3,1,313.10786150356483
57708.617744883726,44,4,1,303.08511808128253
52693.72672909397,42,1,0,115.96833194898619
55259.45148910339,49,2,0,135.57750531717429
57337.80695221495,36,2,0,149.2695288585848
59520.82202842655,41,2,1,295.40220786059496
66645.49762934334,20,2,0,190.7769753920731
56147.279853927685,29,5,1,343.35721557326235
46381.13518072186,52,3,1,269.4152935310476
60088.60551804097,32,2,1,298.5843031456619
78498.22902342823,34,5,1,366.7011779022427
48010.493804261394,49,5,1,326.4885785604723
35382.06042994038,24,4,1,263.70040357115926
66606.2100393046,36,1,0,158.44601030290625
48194.282540696026,24,1,0,118.73867696841369
17409.95680978946,22,0,0,69.35980269991104
62711.325157256324,57,6,1,353.0295235138786
41970.07721069116,38,7,1,332.7485841741234
48642.00076543759,64,2,1,279.82905284896646
54979.70495853522,24,3,0,115.30838854985225
52857.495196685995,54,5,1,373.59915791853916
60641.77725708559,40,3,0,147.0321659824971
43467.70444145235,28,3,1,283.0025298354408
57696.58697264124,27,2,0,147.6070432175208
46106.79983624124,38,1,0,134.35276503942634
61082.157213312545,58,2,0,153.45374808120388
59230.5122601958,50,4,0,175.22953058103712
35968.41946933107,37,1,0,124.6034097806667
66289.73174262549,50,0,0,129.9887557434597
41960.54832328928,57,1,0,112.52684544246397
62120.86697421718,52,4,1,315.5005449406247
55509.30970102011,51,4,1,362.0878294052332
77572.75515192683,53,1,0,175.23593394349996
46648.01026442222,44,2,1,272.0827453471248
44760.24805822704,36,7,1,337.32038385860585
49708.70591168401,60,3,0,159.09539684594282
45452.303257485866,22,2,0,142.48481002955748
61999.12852913075,46,1,0,183.6449914532433
25755.34087345118,27,3,0,109.54483759563861
34194.76371280469,57,3,1,282.8941983439934
33982.9561763121,30,3,0,129.38284767442914
64254.61387960364,46,5,1,328.5262141103501
75659.20058872888,22,3,0,152.09473735910106
48433.261721937924,29,4,1,325.59541947168356
47467.67415214984,30,2,0,110.73285908776938
51050.78244669772,39,5,1,312.76026139640834
67428.17453912286,57,4,1,370.6852477824683
36089.70298714139,32,3,0,109.25824717588979
53575.53474102178,30,2,0,130.02054713444335
64627.96444673645,18,1,0,135.54063967893723
57516.41254909768,55,3,0,154.72820924676319
52843.724248981154,60,3,1,306.2708776642921
65015.69138850712,62,3,0,133.0791182240861
9451.515605011446,18,0,0,74.23598399715715
60168.12979296361,28,4,1,327.99540193250425
40188.864753088645,60,4,1,297.98171549737214
22540.506547153145,57,3,1,291.67157039103944
57668.03899287471,39,4,0,160.80456764232122
70604.87817744436,52,7,1,396.97657069635767
47938.27228058462,61,2,0,102.47645080287259
64293.118208044085,23,2,0,141.13138437760804
74184.17386982968,45,2,0,195.99972800937775
69723.7168037607,48,3,0,185.4435441526019
74599.46794057089,25,3,0,146.9575179237128
61131.91236607838,22,5,1,304.42868014674906
51131.50458352389,59,7,1,332.07856897993776
25970.512821542474,61,4,1,316.7253879970756
46309.062678050774,34,2,0,170.02892271125125
37351.30107025713,55,7,1,323.63745648692156
82564.1407624672,26,4,1,357.51169034523843
47361.712813514954,27,3,0,153.2109240177443
51848.072101767284,37,0,0,122.49425534664576
58272.280640607016,31,3,1,290.6287244938445
50654.03669558681,31,4,0,150.7438784604645
75425.7656064613,43,4,1,353.64928798605894
40660.25957398322,46,4,1,290.2005917219168
52919.11182855864,44,5,0,191.60693313387162
38862.94121452927,42,0,1,247.30496071502847
30199.662331689415,33,2,0,107.25514232103414
40823.46363642072,53,3,1,298.6060853102465
49444.44804427382,51,2,1,266.99530869485716
43560.4666322411,33,2,0,123.70996658849681
39613.68530189216,50,2,0,152.6133608299359
28905.23804492249,20,4,0,111.94639247446266
48753.41641056958,40,3,0,165.1913185615558
27429.194389534965,28,2,0,94.93711827364821
61400.83945534404,35,2,0,180.2649860240012
51236.59629401755,64,1,0,216.85223975704238
28136.72750802604,58,2,0,96.806031680186
45361.863844252046,61,4,1,295.51936107446807
38717.65391614125,46,1,0,137.96414996350825
54787.61765628771,22,5,1,316.8844096909299
70106.75669034716,41,3,1,304.4228599825042
21872.41295531383,46,1,0,89.55647807662783
51725.39118721126,46,4,1,307.43124335743823
47598.00806650039,43,5,1,311.92431671922606
60070.101146756984,57,2,0,149.5745361121316
53197.94942356534,20,0,0,98.28986691584322
38720.460023917716,19,4,1,249.93303114231418
45214.19096500073,42,0,0,115.825540702771
38059.612147947664,36,2,1,288.07645771215795
66140.10707897898,57,3,0,176.54766119182213
50319.67473007913,19,6,1,336.8695164926499
78517.86028629511,36,3,1,331.5837596992468
49090.08779278069,18,1,0,113.03920680232582
39373.898496343056,44,4,1,302.1988385447536
27294.28411080759,62,2,0,122.03614934070673
22952.904856160825,52,7,1,303.83491208660814
26237.960854917652,58,7,1,286.5175290731074
54006.89976517225,22,2,1,294.51780520318897
57630.87534844901,55,2,0,145.46785233470467
26282.139469518,21,3,1,233.66897757468212
63425.57471114173,34,2,0,156.65705061746348
42754.08422474841,38,1,0,70.56248269731782
52201.89517978324,48,1,0,135.02128507884396
74183.30942383136,39,3,1,338.73813456544036
63452.58973798298,28,3,0,173.22121028704493
45972.04028141251,51,5,1,286.4101513091505
36632.11661877069,32,3,1,276.86148779566975
17722.768980060428,27,2,0,100.88347761988402
39212.7002113637,55,4,1,300.67607967396293
46833.046417584585,49,3,1,335.2242178881845
35192.30709273224,48,2,1,308.9350174024591
48031.145493615426,54,4,1,313.0903058965469
51152.77824438152,61,3,1,333.5736850684524
46627.16027287882,45,3,0,136.07811904855342
40249.961287648104,48,4,1,311.9660102062207
52529.82007950092,23,2,1,277.6360104334392
56629.109743541136,31,2,1,322.9053383541732
33644.01383835731,40,3,0,151.1190417679078
71163.98569619405,33,2,0,167.79861542121432
48521.17801573608,42,4,1,325.70230046824565
50282.744344172716,56,5,1,304.3888351642875
60623.21634884836,19,2,0,126.5006980564949
53498.24196895253,55,4,1,313.01049006483686
64297.04950869868,58,2,0,185.00978142778848
54306.86247802736,56,2,1,299.52618078825134
40813.43938039343,51,1,0,122.22245817559326
55422.55287809153,57,1,0,131.1777374073225
32844.10689019007,60,8,1,338.78473046555524
51628.39558664785,42,8,1,323.8675960868301
49501.550140333085,53,1,0,155.8089471032926
46878.2471409119,33,1,0,130.91384096878818
48071.93732841604,35,5,1,316.6774498497042
21772.264317535413,30,2,1,249.04638943604422
41769.12638388558,54,4,1,293.1127136191288
51392.673517116724,44,2,1,301.5340445823339
52397.84587996101,51,3,0,135.67431763377493
34584.87288611063,28,4,1,273.30386588759126
68985.61761297051,18,3,0,161.6931040133942
37007.377276782485,30,2,0,113.99492982021933
64541.85800790105,47,5,1,283.35305658678783
56407.91542807527,22,6,1,335.86898345004
40306.59035234295,35,3,0,132.57108070167274
76629.66338914268,31,3,1,294.5879415866047
32095.447523652798,30,4,1,281.6840639101969
63787.31260415002,49,3,0,183.28246601258476
65008.734770644674,24,5,0,192.68739958865905
39940.69686385033,25,5,1,302.7609870694598
70886.97950096492,24,1,0,139.77024524089126
46249.302281015705,33,3,0,144.05020381637988
54330.40443919785,60,4,1,327.9794340421623
53904.82758156831,48,4,0,179.76425256978033
47985.368877941786,44,3,1,312.8410272072177
62162.124097396736,50,3,0,190.63406822619908
61902.33080828319,46,4,0,212.33510600282077
23772.02040142729,25,3,0,169.84567746410545
69565.10364317229,50,0,0,143.57801156197954
25062.620179464884,58,2,0,114.81049973279337
65488.19306512486,36,3,1,318.3158114379659
66900.57705241375,38,5,1,338.33879652793206
33635.50354677203,58,5,1,312.50894900990266
43837.78568068123,38,6,1,316.2228029967735
33414.42997271096,42,3,1,305.13555705965064
46776.18454566897,59,1,0,161.04355601588233
45379.48573721388,40,3,1,308.10823298799676
61694.907984040095,28,5,1,335.0184361088566
69654.63119179412,50,3,0,168.96522127871097
70935.25716184934,37,2,0,173.94947991172518
41567.47960132547,42,2,1,290.2363553830612
46861.671893832085,43,5,1,334.2484615727668
24748.427116685747,57,8,1,336.91645761796406
37911.94900255717,29,4,1,288.40098917354356
64472.77449646186,49,2,0,162.84280133840556
74233.74235322347,50,3,1,357.9447484045878
31484.76692180117,27,1,1,236.79212892898352
41113.036112706584,21,7,1,328.14107610436344
49603.91364561609,32,0,0,104.45003226562551
54202.4173822941,23,2,0,134.68687407045962
37855.94720117531,44,5,1,282.1983756419101
56360.915666961344,22,2,1,331.6274119908593
42892.409793936255,22,2,0,120.5082492416874
49783.215936825814,35,6,1,311.36462366005424
58194.26372005549,45,5,1,363.32481170376195
50096.33404716407,52,1,1,277.56415596236184
43454.21164210147,39,1,0,125.77779727730285
48355.852941112535,51,1,1,272.78885685464786
48674.55561191997,21,4,1,263.53428389000834
44449.83455176809,35,4,1,303.9885636048111
46118.059059993466,58,5,1,333.3676113273547
73979.70755757076,43,1,0,187.50692666326634
58413.791719118584,59,5,0,200.49568176814145
45567.795229562595,39,4,1,305.6333610298261
60454.316067661035,64,2,0,151.8795936406903
44992.70765365985,50,6,1,341.32454053353223
67596.86956379961,60,2,0,199.34345015396818
55544.63288297141,31,3,1,279.2101270847572
48390.467839936566,48,4,1,269.3096765454122
56715.75388715416,27,3,1,331.3552662489596
26436.85771897251,41,2,1,245.775475750174
33098.48796635292,38,4,0,109.1703987777682
32091.12490401417,25,1,0,103.46602886806502
52144.1464214556,49,1,1,271.4931234393326
75987.72499227637,48,0,0,115.58289484113182
83469.50219288949,51,1,0,172.56345886905473
59570.76652161136,40,2,0,150.41407949116015
57512.66712416685,42,3,1,319.5373191124561
22984.133987708916,24,6,1,313.25368715415107
41859.89300398967,36,3,0,143.65356821304744
38183.24372137642,24,2,0,136.58312362837967
40687.28602623326,64,3,0,125.09695163541735
47477.84272122815,25,1,0,77.78938977898936
42918.64133454309,31,3,0,121.75990072945105
20310.502844363185,18,2,1,244.25091520331608
61218.65384176301,30,1,0,134.91385321864178
33908.854613902906,20,4,0,140.49664912313284
53588.702961667244,45,3,0,180.7885403866698
81111.2400462496,55,3,0,196.63390107056225
36209.23112620365,32,2,0,124.82798815474041
12045.687158805056,53,3,1,253.76489883821094
45709.936671798336,20,3,0,157.43099721023162
66514.39452497856,21,1,0,143.55713998396288
79375.21181330891,22,6,1,335.3095596022514
31556.756083213746,43,7,1,297.4263096368409
57450.48834854783,42,2,0,167.99432745685965
43020.3431482992,27,4,1,306.6379341787035
48410.774685437966,25,4,1,324.3208560341518
89665.15020525552,29,3,1,314.7770822309883
27455.4450740727,20,6,1,249.13605445189933
53806.094922418604,44,4,1,320.76930457739917
57015.3975764815,40,1,0,104.59108333505141
66286.7948740902,57,1,1,318.6653869135818
51469.747302063435,50,1,0,136.53419727261445
54620.75809256153,31,1,0,160.7824661525908
44125.271488673134,40,7,1,335.1546212557564
54036.90411867661,48,7,1,321.4279354899989
44852.11586753884,30,1,1,280.91192774837964
59323.57834784076,29,1,0,135.6747530096436
44455.84495934549,52,2,0,136.32640592951284
55656.505908532796,35,1,0,139.18122034257806
49561.057794725326,38,1,0,133.41989096187407
66890.75376158251,62,2,0,154.8217133414979
49229.094146172705,64,6,1,377.76313811388616
23404.512976896778,59,3,0,165.1941331263167
68928.82251070987,18,3,0,157.00581022474086
36414.015487060715,55,3,0,140.1022546907133
40193.504920267704,58,3,1,273.2500675901641
41065.08058934762,59,6,1,343.0423001209413
70616.57139756226,64,4,0,166.78752537733524
17964.886790319568,26,3,1,256.63725058193694
97066.22800489991,40,4,1,370.5259710810613
65840.85213599078,31,2,0,207.3220074832646
53348.5837119374,28,3,0,147.6247279591845
49176.5899907557,24,2,0,150.87126460000445
54283.311122864856,48,4,1,295.9273671448738
57816.836425690075,41,6,1,326.34391269269156
59678.23378925085,43,2,1,290.09482089000636
58334.066990051724,47,6,1,339.7923540656672
51343.71021882873,51,4,0,137.85211540120577
47039.923695390105,63,1,0,130.14664833445445
47730.90074519732,55,4,1,283.8516680874292
47076.375794709784,22,1,0,140.18333058718926
67006.55145300596,22,2,1,289.7836105093793
58903.35083421293,36,1,0,122.86615547191963
5894.170480035798,55,4,1,253.05614849913476
59838.51164794641,45,6,1,334.0917794548532
52921.04292078162,43,0,0,131.2521135008563
49719.36865331154,59,5,1,312.5637853601139
44172.22320366671,40,5,0,167.71227309082795
66861.6907997902,63,4,1,349.02080545853994
64212.89693184287,47,1,0,145.60726965096455
38406.834982645865,20,4,1,264.8354780074328
56105.78430686802,45,0,0,140.10623414681277
35425.14898188071,50,4,1,311.3114962197998
29305.727528166044,59,1,0,140.56922972254984
40599.24163115052,20,6,1,316.86710991365567
62935.902085741385,22,2,0,126.34044790404084
64296.8756806413,36,6,1,343.63398700969975
57696.28130145939,59,4,1,329.18725161474856
60876.43680271995,18,1,0,100.0733191123004
57742.67430672437,55,5,1,296.4571446649049
40377.77607165572,26,2,0,135.47209097661977
56478.83817010911,22,6,1,322.62740041944494
62006.14287841524,63,3,1,311.5115376911102
61314.36994720361,59,0,0,156.88513964640663
67833.70057211965,51,1,0,176.27318636725767
60624.55770801596,54,3,0,150.47070196151907
55271.72311312374,50,1,1,328.0951611481603
66052.25357474641,42,3,0,140.9062276720672
49602.1811112641,59,3,1,315.3688755741897
36771.88023158423,46,1,0,113.16098723177713
47553.99554084354,42,1,0,153.90720627028648
38826.46032790326,26,5,1,306.21346465281715
39872.325875384275,20,2,0,108.69724737129195
47832.219939267234,32,3,1,327.6500361862266
38113.70118500058,21,3,1,270.3614929679568
45380.5770554144,62,3,1,309.76592132830916
21595.779995693214,55,6,1,272.02509917072416
53199.405610594076,37,1,0,94.81677622653072
50018.082130433366,40,2,0,120.55270047645132
37743.67053397714,54,4,1,300.70440576293515
59888.68502648608,64,2,0,194.00239757310715
64063.55206439838,25,5,0,174.9649195372811
25886.602034465388,54,2,1,292.5513123725933
38559.12832150679,62,2,0,128.63610070139353
38462.86475319053,50,5,1,345.49427307328887
35901.45348336703,50,2,0,143.11656045732002
62442.12262897623,24,3,1,303.59002457900755
47092.60791840795,39,4,0,175.66975018724904
46032.27738034084,22,6,1,315.3467538322761
19942.064533898698,63,2,1,273.0586873317669
59531.27045313839,32,5,1,337.0325469691656
31411.12407719791,38,7,1,330.0070912443891
50898.989453994924,42,4,0,133.98594395374235
54160.654069372875,34,4,1,311.68757721751444
70409.87893757976,24,8,1,381.22738881860687
30367.69401321332,36,4,1,291.6187399096383
4707.317662687623,24,2,1,242.07400594529483
52757.743171305425,57,3,1,328.42406782569606
77007.66772266281,62,2,0,190.68236100924423
68584.19529409157,41,3,1,299.4160099540326
53144.891229119385,28,3,1,269.97602441619574
42625.45721551929,58,2,1,321.72758264680664
62106.83894955966,18,2,1,283.9721119060919
35396.80700443297,49,0,0,99.32103445127221
57145.36654034329,57,3,0,163.44513389298137
57582.0523874994,61,1,0,175.2607191813261
65903.1486124832,19,5,0,174.430117365341
91394.90058366617,32,4,1,345.5728556563354
55886.23950768151,38,3,0,143.4301697486048
42365.54561438752,41,3,1,272.0330054530922
49616.38531712008,34,3,1,259.7795779957389
23463.861426663225,64,3,0,136.1543184266872
39579.303033664124,26,2,1,251.4005461554305
43860.76342830344,52,4,1,300.91375252575915
42138.674030981114,37,0,0,100.95399581174833
52285.32308050583,36,0,0,129.37490865231746
37663.70101426699,35,1,0,58.42283572992415
66815.46000986706,37,3,0,197.37378576691214
50003.10597377296,47,2,1,298.6212554940115
49860.495182920786,57,3,0,167.25332412656354
45081.579252306234,18,3,0,113.08218379917452
52327.860257884684,41,5,0,168.88867313753906
62376.47397001452,41,6,1,350.80898121630094
36993.0467643365,64,6,1,342.5615136004585
40128.25266387115,36,2,0,141.06303635981754
45444.10956835003,47,3,0,154.49818179108303
29811.936147901775,43,4,1,282.890723662616
37711.13210417754,59,4,0,129.83023673579584
42856.68689683011,61,6,1,328.40488235614276
63115.83771069092,55,2,0,198.54312818909557
53938.419935028876,46,0,0,99.70937516514061
52903.848670513165,30,2,0,106.13637402527695
62763.46943251958,21,2,0,182.83783223940574
47939.42317400905,62,3,1,309.9686215054382
55856.972748933345,34,5,1,291.53055287758554
48451.67370601256,50,4,0,164.71485512174908
53980.435240994426,22,8,1,339.018700121274
41258.62013582627,45,3,1,325.79809089601474
13417.742625853563,41,1,0,122.85660452928113
47985.81256720544,34,1,0,132.65075822624593
71341.2220414991,56,1,0,172.49687940926384
63893.23103362389,57,6,1,348.84336568906576
64480.96226886756,61,1,0,192.80843566366028
68541.96082709327,63,5,1,351.914145268719
51329.86386442156,28,2,1,271.41777648788
52959.73561108393,29,6,1,353.60427443535957
40735.22156848475,30,1,0,121.24224309934944
45258.90715959425,25,3,0,134.61246447033062
59236.56724656712,18,8,1,334.5162862309344
68058.26655753225,26,2,0,144.50472389051436
47908.305864785005,45,3,0,176.68700698016266
43247.16102722882,19,2,0,122.40366853143883
50007.91938284896,31,3,0,144.4650818292283
59018.10123393672,30,5,1,287.5951738872826
28342.177757996873,19,3,1,264.02899203685513
15557.28570294143,21,2,0,94.94658387457487
41741.94725762625,29,6,1,322.70076822155454
31689.31361128762,27,1,1,247.30808187931814
42377.897035290334,20,3,0,140.8766335560711
47783.29521773793,21,1,1,281.9949559689135
43201.2738646548,23,5,1,291.0615733806386
71787.01301706118,40,3,1,357.82583917979764
54901.1714690348,22,2,0,117.49287075777285
54507.11539416242,20,4,1,269.81291788282715
59333.10716065103,27,7,1,354.3696164850024
32917.50323328846,60,2,1,285.5376809905337
65586.67681130403,36,0,0,145.20916891460732
48863.5357019681,31,2,0,125.38440840116454
60057.20925861819,38,2,0,173.56658633743652
33922.14150439767,60,4,0,169.92849893518525
26693.618509759035,45,1,0,171.5633164117176
62268.344870375426,38,3,0,153.23955977678355
55646.14289146275,53,2,0,146.10294624844389
36469.226684637346,41,5,0,142.01552410661978
36955.053780879585,55,4,1,285.9669852981317
66881.52176622154,34,4,1,329.35490220849204
32158.82160699008,39,0,0,77.60418328437864
74640.09429883945,36,6,1,326.2846079528615
36490.68898028197,62,1,0,130.73751120971238
59575.87888412575,27,5,1,350.0572314161294
45070.72286376523,28,8,1,304.3386677092297
59047.81146623514,55,4,1,335.23419920963886
41838.289968287114,19,8,1,321.4589372370946
47558.106408915584,50,4,0,124.78620858365424
50613.78763093582,60,2,1,289.43694659057934
34967.18816327791,48,8,1,358.315588720451
61112.36518130189,52,4,1,341.25315303526463
42301.79650292622,54,1,1,242.74379060945995
46571.00126989972,64,4,1,318.8553107880041
35084.75938087232,64,3,0,171.94258154562516
11564.995118070343,53,2,1,288.791563495466
47134.58356099747,40,6,0,173.88988300888673
86189.23132419374,53,1,0,166.3775352171766
61769.06431847036,57,3,1,330.826878704948
49711.09430398408,56,7,1,361.5453259583398
46056.637561875985,43,3,0,134.05910470379175
50336.9883921807,42,5,1,322.899499215616
58206.78672762815,34,3,1,300.382770293432
32287.807770367326,32,2,1,282.13155233773693
66714.82542003308,54,1,0,144.01896496305696
60730.719731618665,62,3,0,150.0675685691479
60772.785885619014,21,1,0,91.70485983220141
56577.13608214591,39,4,1,323.23385555296807
50294.249865409845,34,4,1,287.20204502174784
60092.918539502294,39,6,1,334.58080848474935
58877.212006120666,34,5,1,325.57788367055724
44689.38933588464,31,3,0,127.79708006025709
41395.97340654649,31,1,0,124.58784423933332
51527.8444289298,34,3,0,199.64945027185848
73235.30227242781,25,0,0,169.92856061206868
31413.393865191487,51,2,0,106.74594862923658
27987.1210137134,43,4,1,274.577700150268
52471.41261854775,62,4,1,305.9688682045679
50763.31552784027,47,4,0,131.8893748567016
52600.124965556126,39,4,1,315.9494526547968
53659.29796862751,33,1,0,140.03917811043075
46651.966180477924,47,3,1,303.88404009570553
72347.95157903123,33,1,0,152.85797219359407
25986.440322852268,55,2,1,235.6456007515919
37572.54462829631,41,3,1,251.7222320849679
48451.17859776429,53,4,1,327.71582832209947
25352.16783268749,52,3,0,129.2684794284868
47362.18393351893,23,4,1,316.7258331275863
74922.05248592027,21,3,1,295.9412006485088
50313.29732443942,35,7,1,331.5725488233092
53460.51358578025,23,0,0,104.75205570824595
31097.528522411296,43,3,0,164.51886113814314
40754.57887940784,54,2,0,169.90905447610965
44372.054295140944,44,1,0,105.65642805527531
45234.27354865649,58,4,1,317.18402956607946
69224.65692505654,28,3,0,179.63033610851934
58365.36591087687,55,8,1,385.65699334788906
33328.13064594452,33,5,1,284.06053355820313
53697.571676480075,36,1,0,139.39423803359432
57473.32622745178,60,3,0,170.1946364105356
67102.235577819,32,4,1,321.25291858075263
73708.1102985256,43,4,1,282.92019960496935
34773.58712258197,58,5,1,302.70343871646475
37837.137331844926,48,3,1,284.0749917233277
31136.332116280755,36,4,0,153.23296479770013
46489.70211339528,41,1,0,122.4579883326741
56995.37561669502,26,0,0,145.25392494218244
64810.01774883653,40,3,1,284.88476382331135
48860.73464536216,21,0,0,136.26079550453488
45202.28715117734,27,4,0,135.82325777104376
52276.3698837311,26,2,0,123.02730174637335
37472.856475549655,36,4,1,289.1433827320433
81343.08082542161,32,5,1,314.06233453166885
25885.08459322912,51,5,0,153.2113076681351
52771.108683435865,59,3,0,219.16746965623986
80354.0932884446,36,5,1,328.227369659976
50101.99766839996,38,4,1,299.36306574478135
47149.41447497758,51,3,1,314.49144599386005
44638.31865784359,34,1,0,119.92392393934995
47294.12477356388,35,0,0,135.10256854751245
70592.72712014796,34,4,1,296.10119786823486
16822.0713300574,19,5,1,252.34794564317252
73001.50551944488,18,7,1,356.79655408027367
28640.642713247824,60,4,1,230.164641559452
46000.21506148378,27,5,1,281.79260788236013
43561.33369552007,54,2,1,252.09885850220218
58828.299046560795,22,0,0,121.07071912964152
26028.134721743787,29,7,1,300.27414489720024
56932.58999122914,53,3,1,283.9779805125157
80364.64434930279,48,5,1,356.911389164541
29552.389931107842,55,4,1,312.568428906649
52845.592514155935,26,1,0,97.97438276491188
40070.26733305086,61,2,1,287.69802282162897
56388.30809289554,43,4,1,322.1963959011135
50287.21666123628,32,3,1,307.78327687360974
40377.69636433535,33,3,1,254.8553198051602
57318.08427306611,30,3,0,131.33382856829678
77065.22164680115,42,0,0,144.83596776359752
47136.44312409052,47,2,0,139.47627235691894
60796.369132222724,24,4,1,358.5373077287512
30600.905631932543,21,2,0,127.08585660739163
35653.45434772987,60,2,1,277.0590059603
57086.09416820566,57,2,1,298.30329148715623
72261.74042803947,55,3,0,173.61169596655688
55334.2002317849,47,4,0,143.72034998813416
45304.12954215269,27,1,0,112.66312568432701
49989.37108135031,47,2,0,183.21492400739584
31243.883990454236,56,6,0,117.53056825543177
59067.7298953305,24,1,0,131.40760546158108
63234.99593485113,53,0,0,180.70932007606774
43218.645007503794,52,6,1,363.79085439060066
42949.36778360748,41,3,0,161.16282460288744
53988.173444780725,56,2,0,152.95134495362123
43449.20395939107,53,4,1,327.8752252968193
49008.01078061266,62,3,0,166.50965340912944
81495.82683749773,37,1,0,193.7618185158451
46294.61448881005,49,0,0,135.17750978415688
44624.89771968167,56,4,1,297.69543033098444
40286.87291547261,43,4,1,340.9780146730376
61162.87957249905,43,3,0,158.06531676551432
47281.637401728454,53,3,0,132.42732802554988
40259.40442517861,60,4,1,317.4237647291131
69819.56048409519,52,4,1,352.918485738507
71294.04506770456,60,3,0,179.63029426379634
40993.64651391942,52,3,1,300.3284483842635
22001.900729590758,29,1,0,130.06602238424392
65112.705347553834,50,2,1,306.22107341150473
39730.55261359994,53,1,0,141.77121890182335
61859.38398744153,31,5,1,351.1304050375612
20448.442734322467,50,3,0,110.37318070841512
63388.96007448964,63,0,0,144.22417386743405
31832.42106078828,62,2,0,162.4219355755858
60961.46178599787,62,3,1,344.371512332577
50214.096017546515,41,3,1,289.8091612119063
35690.90870905033,32,7,1,316.38706377467656
43894.455306098294,48,1,1,205.74302567489127
60294.77685435051,34,2,0,169.1924173445831
51588.41679672851,29,5,1,327.02043226644923
58766.19470708726,39,4,1,283.1459318563168
79646.60876773228,40,2,0,183.94634893568013
26536.37582433423,43,8,1,331.70983421202686
74258.18862452936,31,0,0,152.85049890342304
51565.339062848194,29,4,1,317.66259592693984
36518.23927515308,21,1,0,103.4562455742235
30045.295613915154,63,1,0,94.78937755095917
47163.1941383445,30,2,0,120.64870312696841
63824.75167886689,35,2,0,140.57079819158528
48086.763194336985,60,2,1,261.8521323191615
72667.3239537102,45,5,1,346.06466590669174
28232.364649226616,55,2,0,139.71935172898765
49818.66578230918,58,1,0,121.1274772984406
31214.098333803213,61,6,1,327.7597410632201
55454.47823937452,36,0,1,285.22523070114755
63303.31085145951,63,4,0,197.13748796998684
43688.5730947842,64,2,1,279.644829274485
10936.792150592984,60,1,0,146.31807885339083
52984.22220194742,55,3,1,311.14679858660907
56551.07827600264,63,5,1,313.48823586654834
56064.421324425464,20,5,1,307.5537060227349
68536.73287733231,36,3,0,136.16236680692043
33934.19480526427,37,5,1,293.7971815117051
60203.24158175674,42,1,0,166.07030724137667
67887.61268716963,28,2,0,162.33464398848335
23321.186239902247,34,5,1,322.19354199509525
54794.777388784656,52,0,0,134.31089005645106
42437.302534884926,31,2,1,302.70526090352143
48777.15990347531,56,5,1,300.65289535145996
55215.14725307505,36,3,0,130.40817196953697
42691.57153829672,20,8,1,340.79430973865703
39864.37881257582,51,5,1,332.77078293232745
50512.28626232037,58,1,0,155.4602383037595
33691.31091705796,39,2,0,99.70256153700718
33712.62306672222,55,2,0,161.76160748861855
60190.59924434755,44,1,1,248.3944259210782
32768.08947262016,38,1,0,144.51777325580483
59994.68751363818,58,5,1,312.4102885860732
56938.86939280927,48,3,1,342.6535814850428
24112.89906814105,44,3,1,263.37987598980675
39836.530214965176,54,1,0,129.96345311713225
67911.6410457106,19,0,1,275.4896562479758
35282.517032904776,64,4,1,276.60042153002047
43033.93606535919,26,2,0,127.79253942836047
56930.913398778444,36,1,0,110.63430966702524
61750.85763923893,59,4,1,318.85208242615215
46226.91670933257,53,3,1,354.76087404071893
41037.347079625375,27,2,1,277.95057150014384
71335.54792547761,57,2,1,311.753216141448
76083.49495696368,62,3,1,353.0126688438403
64682.87076172693,56,5,1,353.994991485787
51279.77213847536,24,6,1,302.2312704576461
37876.0141753861,21,3,0,106.02669536422609
37543.333901651524,32,2,0,149.13147291373332
57837.71157898636,29,2,0,147.73949948630636
56275.97331333026,23,4,0,200.746718627675
71023.97889419644,26,0,0,95.28762409831515
59756.75138804209,52,4,1,350.99481852114565
27453.79547360273,25,1,1,260.0441854117919
65779.21426584378,24,4,0,146.99543334131218
35029.090590283806,21,3,1,284.74806053751837
44240.43092071472,30,1,0,92.6078142472394
53753.00309377542,36,4,1,321.0415310956948
79935.01234675947,24,2,0,183.4264263389795
96648.7783400804,27,3,1,336.3860175067296
59100.84588704274,42,5,1,323.6180149331351
47252.05071919418,61,3,0,140.09025533452677
58017.584727208254,52,2,1,325.1031793091971
63314.831388107545,42,5,1,337.81656004900714
45189.98561664212,46,4,0,150.40583541281094
76928.17033868484,29,3,1,349.99189675087314
53451.06138787103,64,3,1,339.7046247396167
57466.14633637091,57,4,1,325.9175979717025
59988.86378081692,29,1,0,136.08635308143022
56323.79915921683,23,3,0,168.91001629727427
62584.10750704419,27,2,0,145.90795813655694
40741.20220179615,19,3,1,251.7345803856075
41625.473690809544,62,5,0,176.18416486675076
33497.68650542457,42,2,0,138.23089379199337
56592.51845930339,24,4,1,333.3829959661281
61684.04755268171,57,2,0,194.00649544709432
56866.59299227829,40,1,0,176.67883405049133
75117.38650021306,28,3,1,312.9010169497066
49916.059717564305,53,4,1,317.08914478898606
60031.12483388769,40,4,1,286.08450943108386
33624.486857910284,60,1,0,109.67117661761681
44193.50446288398,24,3,0,102.15105725922092
60433.066363486665,44,5,1,362.3953512905
62736.531661147164,30,2,0,147.6129109811501
45590.49578503727,34,2,1,285.90319871840046
48926.011222129,49,4,1,329.19982301388194
27231.89379978786,43,4,1,289.16071412128116
44644.56198790086,39,5,1,317.29967078620876
63355.74745279679,30,4,1,311.2462749985124
58628.07524159849,29,2,0,149.15832706929774
57509.985820718146,24,1,0,155.04429208598035
50746.6053077144,18,2,1,317.5376577994829
50105.94737942264,50,4,1,301.19904357093327
40095.18290789829,31,0,0,126.51990379715916
60482.426303038024,64,9,1,355.9630981983205
56314.59416584085,60,1,0,119.77580270367676
57380.28271989199,58,5,1,327.0864525803841
42109.4773599863,34,3,0,128.5598122665592
17699.856201931336,21,2,1,240.1000342349728
66457.29067630543,56,3,1,317.54193310211656
42817.438159873935,18,3,0,142.8260185303294
37058.36353935319,58,3,0,173.20899993328976
60402.1836787099,62,3,0,208.06193138212205
44119.81040121306,41,4,0,169.00295722033104
65899.04576069933,51,1,0,176.84659557221585
59255.089243650466,51,5,1,317.599720085702
60253.53984800716,41,2,1,316.97586875117753
29510.664331991986,32,6,1,293.9462339088792
68179.159780796,34,2,1,328.4017511228052
53918.75796850784,30,7,1,347.2572218135269
44460.84291130695,24,2,0,132.3828274537759
52150.82701013377,26,1,0,111.15164323689484
23356.471506525202,61,2,0,111.77340341564134
56129.792172210065,52,3,1,282.0570696110529
34559.42737726893,40,4,1,282.5097799108091
29709.945712346984,64,1,0,106.62233518622858
27164.612206731632,56,0,0,89.35731520743916
66690.32562484888,40,4,1,318.8508026474205
40561.04909460817,43,3,1,335.34547404426814
73005.91564874748,18,2,1,333.6202906349902
41962.978054215535,31,1,0,146.59015689917538
24389.630636105798,49,3,0,118.47530565660634
33252.13340077011,27,7,1,317.4181410726893
68537.17430010409,18,1,0,129.3650360533252
47661.52733094999,22,4,1,274.70430346762856
41775.69055264098,20,3,1,281.75632954376357
52400.273387791814,44,6,1,339.57893542136435
57526.741042513175,39,6,1,359.08416173453156
66760.9822385369,35,2,0,156.63647053640176
71727.4884483939,33,1,0,100.30822842691995
44603.470313163714,19,2,0,107.0777764207314
30109.284708769424,64,0,0,101.15007345306202
43798.02258315086,30,3,1,255.50391963769982
53904.20759874329,62,2,0,143.6387446121036
35543.61610684084,33,5,1,320.3101666386439
35642.73627657436,25,2,1,257.31364855144693
55156.81822324828,60,3,0,180.0791902338195
49270.214726443235,25,5,1,313.3950995495118
50491.9549311738,27,4,1,322.10505627374494
38622.569979498956,50,1,0,94.8388616825086
46543.98928691349,48,5,1,329.9003632268722
36136.502835975436,29,2,0,106.66683168869426
63352.9761668718,26,4,0,192.27395796816123
65528.74002085629,54,6,1,326.9092030807199
22307.18206642859,26,2,0,127.20259740633257
36057.33709711385,35,1,0,113.63143191381842
27552.061173648814,47,3,0,137.68525965829446
40249.64098389653,49,3,0,147.3186844381296
48748.43045314459,57,4,1,281.8600789727
28255.321704522048,40,2,1,281.14132954265665
36172.1028031203,28,3,1,276.3747774033787
34940.63941877752,37,1,0,140.02828894281583
53109.00994098416,36,2,1,302.63436973710157
51040.16505554376,53,4,1,335.525651902908
39173.9366999412,43,5,0,157.2316899483711
52652.31308209097,27,2,0,147.32194304231055
41799.79873119102,41,3,0,157.36688354188516
45925.1733451092,30,2,0,151.99057591957427
75101.78135447805,63,1,0,183.9724390587106
70106.91577685522,51,3,1,349.7793352268442
30506.281446086035,46,5,1,288.53454889142125
62445.98626818762,53,5,1,337.45920838055673
62170.948317373884,24,2,0,136.54093213063604
32776.050668710726,47,4,1,304.29653345243224
62281.66465632291,34,2,0,144.98771548209086
73068.97877618829,30,0,0,123.70546622533227
33161.82790633379,41,5,1,293.2429310830681
36237.457684786044,48,3,1,287.81448894190316
65264.922002652536,44,2,0,152.2633557902266
54072.42966238472,38,4,1,294.3843363032408
58272.144128592845,61,1,0,148.47895006910716
55108.83824600745,18,2,0,136.46416964674
55860.43881392216,32,3,1,288.69350673345883
30102.918075333757,20,3,0,109.63619962729106
65709.76559932172,23,4,0,195.1226046182832
67543.8498864166,31,6,1,309.78637883820215
46559.13883897958,55,3,0,156.32904793685557
49347.84575279206,50,2,0,178.139118818718
27033.387461664166,55,1,0,108.71386537366166
57713.821340267525,25,3,1,317.3735387762251
58580.86162571216,43,4,1,288.1402131793345
49067.134745010335,32,3,1,259.2078603986365
66865.30039805754,31,2,0,151.98572497231612
44988.84153530089,37,6,1,305.8534143207004
58469.088888404,36,0,0,138.87693172071369
34705.034919618265,50,7,1,336.94110275738984
49646.71773688643,53,4,1,352.2339730423739
47384.68613145746,41,5,1,331.91807047870145
53379.61883061413,27,1,0,123.58570637058004
44457.096067499624,51,1,0,140.36205565054723
48027.911064924985,53,2,1,292.35361166039746
62390.707571622595,64,3,0,148.09358384868838
43448.53644142674,53,3,0,165.15190128204603
25901.34348891981,33,1,0,113.24563509879746
76243.75856308131,32,0,0,128.1087809555733
70721.8111803573,35,3,1,349.30616028205606
30616.05957341572,24,3,0,108.93885996294388
60345.61707867791,64,3,0,208.7937610832375
42455.37844172985,39,1,0,119.74608787355253
53952.30822996589,49,3,0,125.29668664144063
54413.3619352024,60,3,1,352.02622339245016
46483.88299525517,36,6,1,345.6085328398592
38243.51501620405,57,0,0,136.06962497815795
39641.88421525611,18,3,1,226.0765852312357
36257.12126778136,52,3,1,249.80860870994871
37522.66687654333,22,7,1,339.0800113914766
48992.32564925967,29,3,1,314.96812186094616
39263.60016333872,29,5,1,275.118546945972
60230.7809856893,38,1,0,148.09358699149098
72308.6923300389,36,5,1,339.22071610893624
41299.201379449354,26,3,1,260.3079338549134
53591.067508030654,60,1,0,133.78573402853124
57495.27665454401,53,1,0,181.30224870552826
57080.03406378911,59,3,0,149.1388626303435
51139.32901874131,64,4,1,288.36332583854806
61140.23627539584,49,2,0,146.1973688716027
57233.73429020986,52,7,1,293.6046811218815
31435.063665090533,48,4,1,290.0725392927999
63037.340965839096,49,1,0,114.75930048689617
63309.36255900113,54,4,1,308.6554121145003
38550.70843732128,49,4,0,158.06806323704433
50569.067531714034,60,4,1,290.56426607609245
60249.93489216604,54,4,1,306.69097556717725
46860.29270630958,56,2,1,325.72686658794845
66094.67071649017,55,3,1,326.6905927265966
85458.08741929042,47,2,0,184.33624030179206
38210.209510475266,49,3,0,155.45121554026412
29284.330952693377,62,1,0,120.6739633677694
54557.27893407314,19,3,1,313.5952259859453
60823.43757689215,28,0,0,136.70895805027342
46537.00439232847,37,1,1,253.89337280236504
71798.90994981551,54,3,0,186.87874024109806
29920.91300415127,26,3,1,241.83240365937584
60393.77934547416,55,2,0,102.60373743121296
40912.0876886166,36,3,0,165.0319967832133
75790.66859310945,57,4,0,191.30115754017214
79887.73029752178,24,2,0,183.94038318895352
38500.15118324978,22,2,0,118.8688722307958
41756.6429613713,64,4,1,326.59624264644685
62893.81830469703,59,6,0,227.05238110795855
44193.04025315728,41,1,0,95.35038322829055
49318.83173101643,58,3,0,166.86626432590816
50380.82630813615,24,2,0,146.11013995667017
21204.902657035156,28,2,0,117.29353110906267
49792.433808586444,26,3,0,112.33960507944082
39654.08338903739,47,2,0,131.99829367429209
42603.15766400342,58,5,0,186.10887988882584
71654.48005203222,20,2,0,164.2257648811424
31152.396585811155,39,0,0,136.08801704426386
62198.07780121966,57,3,1,332.76215563213043
45815.55604502287,37,2,1,269.49502920696574
45803.597472562484,49,5,1,339.7639913619026
61855.57844077567,24,2,0,163.57418609808224
55100.76941853335,24,3,0,126.50146624235757
58559.19495829297,37,2,0,198.66721518127426
64522.769907992915,42,6,1,397.50216404122017
45030.374252250156,62,4,1,304.4861581956181
40816.44898238374,52,7,1,306.734055706009
33722.742101633026,61,0,0,91.37493290967512
37618.842050315674,41,3,1,262.6101050243913
94236.41637963089,57,1,0,153.7069066501914
68670.1937110518,30,2,1,290.4425890467606
29733.88450687968,56,4,1,273.4622495778678
30163.130648846447,21,2,0,143.4811980639339
57227.99092577737,29,9,1,327.19877471380215
58208.97196066951,34,3,1,311.62481627925877
58233.25752976046,18,2,0,130.5261759507989
46175.66309669453,34,6,1,331.411950777334
48118.186099956496,19,1,0,115.10744875569901
54918.19286239036,23,4,0,159.37024763633016
51288.39509439996,61,3,0,187.0420762301128
16710.494408786974,28,4,1,258.96211889939957
46553.00554137209,60,5,1,294.49531077284354
37228.903486095296,35,3,1,283.8329816941426
52628.17128362768,57,6,1,324.4742890046897
94778.88503905115,42,3,0,203.08871604963636
55512.22498211457,56,6,1,329.5414072707399
45297.054707414034,45,4,1,291.44663289282977
63827.02252965878,63,3,0,202.079310829606
57240.31830813819,33,5,1,366.9905617617262
56301.417356777616,29,2,1,272.25420672905705
59102.758898235064,58,2,0,159.00300907488736
80848.15347244313,46,3,0,174.97766192982718
33036.673470111265,40,3,0,139.78471088682832
57104.481152171815,38,1,0,128.83006035764583
36104.28305027692,33,3,1,296.27232907483216
58332.689695133726,58,4,1,306.6235104667337
36219.70232770858,62,2,1,312.0322178252886
43739.49779592374,43,2,0,132.15236610120633
45573.651286431406,54,3,0,188.60253785720718
64637.250790170634,39,4,1,360.2973257567011
63776.81665913621,27,2,0,151.75019997511632
31314.239353304234,24,3,0,115.26137436129468
50824.01166499773,26,2,0,121.19502650324489
39356.30217876241,42,4,1,309.00300388755267
31122.42633986998,63,3,1,302.7887428207886
46744.74424363444,32,6,1,314.6233228272577
45372.75817316271,30,3,1,272.5102237510622
86400.74729518284,59,1,0,154.05101770421314
56494.397380410446,63,2,0,180.90333231991968
29335.73748868644,43,4,0,117.00855657484044
41528.389937435866,38,5,1,297.0628868559074
65320.74943144098,40,4,1,327.34604677728515
81326.64159304887,61,3,0,209.27076802233978
26210.250316430625,45,2,1,274.3173828222185
21801.134222914323,55,2,0,96.08990714240252
78064.47763057673,29,7,1,352.63714461433756
55844.21266056356,41,0,0,111.5286626180204
36975.6090218545,30,4,1,312.94100917416944
58019.43629183653,57,5,1,352.44392924741555
10463.783914746833,19,5,1,245.56276884349867
50050.63259895742,56,4,0,163.1448465668508
54917.31759264628,29,0,0,123.41807277610069
63864.05209306745,56,2,0,132.7248732069792
34791.56071561194,31,3,1,300.73847218500896
51285.307421050384,47,3,1,309.71855500456803
36118.63060910619,58,8,1,359.291111166137
53830.756335114755,60,3,1,284.48909905011186
36569.80516455464,36,1,0,114.43035778263777
43878.48741259669,48,1,1,275.4665890497375
35062.769078146564,60,1,0,106.1325665716881
59767.043627354855,60,2,0,154.68901304588027
62876.76674984998,42,4,0,192.0004163622724
46480.69145063879,21,1,0,98.81374886221539
50573.56992440043,30,4,1,305.53380301517745
28271.128780496838,53,4,0,175.1435284900537
45504.85027989819,59,3,0,121.38031378846668
49246.93074437383,54,2,0,145.5930454286707
89311.89636544962,20,2,0,156.17150076541407
33320.49461338755,33,4,1,300.35394564556975
71962.65858128657,43,5,1,338.5102398247247
64952.881601987116,57,3,1,343.10434022769624
54209.54606735204,56,2,0,161.54572058178516
76379.307262927,36,3,0,178.50751539607506
55581.58208910294,63,3,1,333.12885841088416
55837.38793501893,32,2,0,137.46972539367076
49203.19020473682,49,2,0,132.69035210266304
68353.53323627941,38,8,1,370.97698120380244
66447.03850716326,18,5,1,317.5290430572958
40614.84068755682,23,5,1,279.43642214850337
30211.292081018488,44,3,0,110.93420095154941
46955.290439065146,40,2,0,111.82316285021301
37999.421534035304,64,2,1,289.2910348417217
49047.13138076967,48,7,1,343.42446845245377
68561.57202026209,29,3,1,280.44798995432086
43140.47517369815,38,2,1,303.26021204507407
49357.649280326375,19,2,0,151.117545200996
50870.341022125926,22,3,0,137.7853843767459
62726.46323307927,26,0,0,143.2409305184862
16296.659990230924,37,4,1,265.8864197880138
40899.49557852055,63,1,0,101.12780098758853
53169.25538419209,35,4,1,308.02488730594786
68001.18434640292,39,2,0,149.91013217386865
42621.46328740692,25,6,1,320.29239335394743
21851.709409371888,51,2,0,131.43063573694388
59295.67168949205,26,2,0,164.3467052564073
40469.56416761556,24,5,1,282.66477218732894
32155.00011364458,47,5,1,345.2536263441225
40634.81915430164,35,1,0,99.19688914849395
47232.11963516226,44,5,1,319.30678704173687
40928.83003192681,33,5,0,165.644549109286
16916.509143513962,38,7,1,301.3432363506371
63455.99295330698,22,1,0,92.59691179579195
69123.12561918084,46,5,1,317.11938460853514
59772.82987009259,64,3,0,165.00985610374997
32934.714943627754,54,1,0,124.13157650912353
46977.626990787234,60,2,1,277.3083151580153
49902.18027155813,39,3,0,158.23624485219895
58981.91584342865,31,4,0,172.30917906707018
60025.107330771214,36,1,0,150.61819618425315
38987.39301832256,52,4,1,303.7345847861908
51229.933346203405,41,2,1,284.1765094458736
56859.20606922862,59,3,0,175.39036231360762
71837.3348322015,23,0,0,130.5736231909726
60567.59809737085,20,2,0,165.96822894820747
61835.850310632784,51,6,1,325.4299849826119
51257.39941894041,62,5,1,363.1385824075181
71156.88717805257,19,5,1,342.333883851617
56146.44193939246,32,4,0,162.53953290926916
37083.68134739644,54,1,0,127.64830773625377
71050.54955187786,32,3,0,168.2644106273034
60468.54908808541,49,2,1,303.86562611338616
43354.339683072765,38,2,0,157.51117661143758
42807.60548901135,34,2,0,159.71076575792156
54448.63317711143,51,3,1,316.6994828967276
56947.77192901377,49,0,0,142.6735621386995
52959.3839844681,64,4,1,302.82679106089853
54669.63010164327,40,10,1,363.3047298305068
75499.3606186457,52,3,1,339.0769797783781
66073.14728352329,54,2,0,161.21652231344248
52859.53386897536,60,5,1,340.3790873736788
64119.65871151225,58,4,1,307.64961659900143
34512.141447086906,54,2,0,136.93182172397292
55968.90574920213,50,5,1,372.19982893664877
77139.59524599665,42,9,1,370.6923631634868
46729.31156911439,63,0,0,134.15172906071567
37285.49107071373,54,2,1,276.43921219904786
40218.66667110409,57,2,1,306.4590982292594
33655.50443986418,38,2,0,126.17315730843141
38228.57137808445,63,9,1,350.72565980966044
44442.37852114956,55,1,1,267.1442241006405
28916.49471232037,57,2,0,136.62378961003424
50234.27500924405,51,2,0,137.85733930290345
63534.15760679971,36,1,0,190.56177059252678
36383.65729779619,44,3,0,142.05729143156688
72789.25885462653,26,3,1,325.51105393449046
57661.88132791392,22,3,1,262.29515334693536
65458.70878436086,22,4,1,319.87812408349356
40132.481692217945,42,2,0,98.75025020529583
62817.87840599923,43,1,1,289.4258926636319
33620.9914940703,36,5,1,319.40137448808457
63353.71251254763,47,6,1,380.56648949208056
52577.59009690297,53,4,0,192.2670051712775
58298.76829977176,33,2,0,147.89573764067913
32366.080915627226,24,3,1,300.0314170857211
36573.95236585093,35,2,1,309.8203493878275
58958.42327380077,38,3,0,138.1969540992983
35774.77993663699,48,2,0,151.92822386197602
56948.094381486844,18,2,0,120.9208194634815
29492.932903096313,20,3,1,265.5013755272551
62722.61319000002,48,3,0,175.24302332791467
31512.150278472363,42,2,0,146.50230766852326
58284.49906519285,25,1,1,276.35945694872095
59384.46400469002,18,2,0,116.68558190937956
39548.422723556374,24,7,1,286.48209328838686
58730.3985062709,24,3,1,294.60991782581993
53906.63395000334,25,1,0,154.79887011739044
41917.372157108926,36,4,1,289.5647545934808
34871.67973885688,34,2,0,144.3082529739967
20560.614624911315,28,1,0,79.01957400809053
55244.750709495405,64,5,1,339.0961371617263
26527.95842956917,58,2,1,281.255173211121
51430.162991619625,28,0,0,130.99909325589505
46048.27675876626,55,1,0,112.17138246946479
60187.14163157293,58,3,0,162.96065058558563
45469.317507652035,19,1,0,137.2539786248984
45058.28320479363,21,2,0,97.89431301687478
60978.060564324434,45,2,0,167.11777646290392
55025.870436261765,50,4,1,295.15250898726265
54742.33935774167,28,3,1,295.3603272615353
57039.01384712789,20,2,0,138.08835884665285
26966.418151893413,57,1,0,101.91662989855247
61351.83019980473,22,1,0,148.02097354246794
59187.03191020404,38,2,0,151.27677369833597
34749.75307135254,39,4,1,306.6857474575475
46338.79289488698,54,1,0,120.06569319445781
49410.39068558553,28,4,1,329.46347668675884
47982.54823397401,61,5,1,344.0137398233772
55007.89949852802,39,6,1,330.7702406069333
71470.50172746775,58,3,0,156.55754968357772
66226.50091509243,30,5,1,358.5464001278104
30316.712098528908,20,1,0,80.61354659095397
59331.04985459073,30,3,0,162.88046285432026
69933.99979303114,45,3,1,324.1443797087471
55802.12781033804,28,4,0,158.14547152527774
66364.70637778951,28,1,0,117.71517357426279
80184.05668551147,38,1,0,139.65076853040668
65355.64319160472,38,0,1,313.2127932132486
53739.62893462593,24,1,0,131.3773183409999
65676.3271112713,34,5,0,201.9571030655021
52173.31749645337,31,5,0,122.93159330931981
50358.54564927433,50,2,0,135.76736210510768
44728.78646429401,28,3,1,304.9482177806064
73451.20038248162,30,1,1,285.75965521396324
37723.57001086998,18,4,1,250.84825700248481
72985.51587017174,51,6,1,372.22839274429555
57497.96185610557,26,6,1,291.39989016518285
29010.407377970878,30,2,1,272.897501739645
55514.73939487132,54,1,0,147.18562305055556
18499.60238522564,47,0,0,85.81725858934298
59382.62025246554,58,2,1,309.18300203408313
63278.47224483486,62,2,0,164.00455438515476
41114.6606652192,54,6,1,344.50265868657834
51853.21543933373,64,6,1,353.7994098232787
79312.3615062543,24,7,1,381.9104229544894
42413.79943607095,31,2,1,318.567399747338
34116.386194151,23,3,1,259.50263634361255
72224.95103693899,51,6,1,354.94330870392355
79438.80785796192,33,2,0,149.23883766648356
50055.43507771771,54,6,1,361.81000180264317
65171.94553112534,53,1,0,147.33853267187055
70122.13873296321,63,3,1,328.21330606830986
38862.73651192424,23,4,0,139.40647111900748
42720.41246948198,25,3,1,268.81798961185996
68463.11769732102,41,1,1,251.77586502816263
75275.21418062763,20,6,1,351.02697816077927
58443.21290261532,21,3,1,285.1823410479616
36802.784697469186,49,4,1,302.5456535325361
79805.91667549162,18,6,1,396.2489719777255
42035.43653282053,51,2,0,170.8965781905742
44972.933282428225,62,2,0,140.46702456980137
55135.06751734432,26,2,1,294.91603626238407
73312.40631072162,29,1,0,159.41754758294078
62809.63964828335,27,4,1,330.8376473181736
56222.982505428656,27,2,0,126.07240531134505
56949.32795177159,61,4,1,317.8944709240118
50652.72002965199,40,0,0,136.10548363558993
58372.092717777596,23,5,1,309.88629839750627
12056.598834585457,41,0,1,251.56811677619396
45550.88811395303,41,0,0,104.9251782699823
53619.829023751714,38,2,0,166.69827488381128
32734.788745707392,59,8,1,331.9421754615342
55794.8497671734,48,3,1,318.8822286379382
46932.931685208176,64,4,1,336.66981725436324
76332.13547473235,58,1,0,152.5129850003365
73595.29587822285,47,1,0,193.76312898421662
43012.91646322756,51,2,0,170.2521674972346
47737.43432649957,35,3,0,144.27478230162995
48890.78651587411,29,4,0,166.35389989082893
43225.10785760566,52,4,1,318.848966856442
52925.3747604219,24,2,0,132.1246437114324
38625.76896668615,58,6,1,293.4020347981387
33040.7699759371,57,4,1,295.11172033789046
59340.66835850403,42,4,0,142.1025113411086
59442.94376332716,23,4,1,308.55876505324017
37935.26360510012,18,0,0,140.74755930799012
63430.331461439,63,8,1,362.28294319145283
40526.33406252003,33,3,0,108.87402684153568
53797.478570569714,21,4,1,321.75875417045677
62305.16018918684,46,5,1,339.45279537991576
49495.811529444305,55,6,0,221.7963167354041
56821.113682117015,64,5,1,303.3603114734126
42253.55534168643,45,0,0,104.9015170471882
47053.00124857854,39,4,1,284.1312529388614
46912.1085367949,25,1,0,133.13737852922264
38801.324801896415,49,1,1,290.4553601530049
47348.38755326327,50,2,0,130.39930743214896
26770.7255170438,30,2,0,121.14767119297628
42632.69379286843,44,3,1,332.2239907403736
45726.86759945494,35,1,0,115.54061847962437
46157.3037125693,35,4,1,331.1406610578349
46377.53831193832,30,1,0,81.26686254626364
49073.53700209806,39,4,1,309.0267290137958
57191.62277129096,31,2,0,175.0640643930069
63117.75611198784,28,4,1,285.07504492719556
40253.52159727599,56,3,0,170.76897528172177
31951.987169162832,39,10,1,328.6698434335045
34369.33381635346,53,2,1,271.0278386825997
42691.956182076094,34,2,0,120.49175464819547
44721.18023275236,49,4,1,300.8442005837638
38450.059007038144,31,4,0,159.01924524533652
30558.250036251582,59,6,1,301.27756915799523
43158.18758788718,46,1,0,191.15079437577953
52721.39930170957,23,3,1,292.0550632907316
58925.44198753347,21,2,0,161.03911903532907
41638.65420337518,28,4,1,314.14569660644975
43805.032667848485,62,4,1,309.26677109402056
36099.525367290335,57,3,0,147.84985780343615
49528.41244437835,27,4,0,145.52432484681404
37273.57048713778,45,1,1,277.4340965266522
58596.917198618,28,2,0,117.4252651143417
23212.002620988333,52,3,0,141.57534601690327
44605.55491321306,32,4,1,311.11704614506334
54516.610087876135,25,2,0,149.94791040366118
52757.51774483756,37,4,1,315.22170409047897
90395.50495970744,38,4,1,323.7877016277821
55247.00036851861,18,4,0,138.3913914258238
34939.18104736984,46,2,0,138.5667547538097
48568.03629366391,41,2,1,281.9502039321701
23356.304998003223,47,9,1,316.59808076597164
48791.003760548585,57,3,0,180.08577700355326
37504.15914498862,52,2,0,123.00292103536418
63730.85413340243,50,2,0,149.56487577334917
41756.89588106698,37,3,0,137.04797406859325
48248.5112630713,33,1,1,283.1403776171315
40466.63237893395,26,5,1,305.8968808121246
76082.77027779997,48,2,0,195.5911380532649
45181.35850823132,34,2,1,288.64344440269537
77488.35565218802,48,3,1,340.7510641652907
62212.276431774,40,3,1,295.93076156631474
57231.000910030794,23,3,0,119.83404096094793
55530.9972097628,47,2,0,156.30900480966338
55906.95947324377,24,2,0,172.80480857090726
21084.91130981585,57,2,0,136.42908258104654
45816.74908773865,59,2,1,318.8985697666235
62677.36956776482,63,3,1,326.93527079492236
49266.542247888414,28,2,1,302.41426099525995
28922.152297946373,51,3,0,152.30654869882665
49213.93324133796,29,2,0,127.0838311847655
75561.58274383238,62,1,1,309.4119233165085
68703.37573302079,64,1,0,150.42880669124472
49069.939859509526,44,2,1,279.77504443988613
64271.7391558713,29,2,0,113.96608938331818
44502.394694479226,30,3,0,124.0466150206405
24441.926197599216,25,2,0,92.15332577504907
36133.010178056684,33,2,0,119.2424098206207
73443.33152762297,46,3,1,357.5724612615038
45890.10377256044,52,2,0,149.13545361207267
46349.24030937473,46,4,0,181.56921565671726
45502.42705587679,48,1,1,241.28156850160147
78562.04884359511,30,5,0,215.75820953081137
74389.38373043094,29,2,0,171.39444884256451
83281.70350172202,19,2,0,176.96772386870998
47614.321843999234,50,6,1,329.09002206358196
54434.36733120643,25,3,1,339.3152077212461
27250.361758688134,58,2,0,137.92946365801438
72154.01639177412,57,1,0,138.14822339240033
32483.306730980974,58,6,1,314.23858304077135
53251.633456439435,49,4,0,187.81599805690425
33540.46208550734,55,0,1,266.84195866688276
41166.99759891956,45,1,0,128.1167413913703
37441.0635342545,32,1,0,133.8105244278043
40881.87108986273,40,4,1,304.54941065876915
41913.15945276532,41,2,1,313.10793431454994
41775.96807612384,30,6,1,352.5821769925266
62500.00867670461,38,5,1,322.2431339792446
33427.0581040622,29,1,0,135.96041390136185
53308.121405208,30,2,0,113.35368393793695
68269.38728458338,56,4,1,335.5937018201788
42302.05453229906,40,3,0,141.64238366588526
39231.216638785976,63,3,1,314.72670422531615
46542.13062229624,60,2,1,289.6882147316049
67695.87812541064,45,6,1,349.65895557849973
52911.614464300364,31,3,1,322.2545499219061
42031.78558088602,34,3,1,325.1374063137992
57258.14976782059,41,2,1,321.94467624171875
33465.61775245365,51,2,0,158.132369022783
60220.39265664422,39,2,1,281.34934480602294
56129.10961552651,27,3,1,267.29265426918613
45382.87293291674,25,1,0,141.89468524649496
37421.21302329154,38,3,1,269.8678103669453
36699.78616574814,54,1,0,112.74506984304438
58022.260045188654,24,5,1,328.21586343802096
68434.70753733593,43,2,0,168.7546762686556
40440.38379456808,30,3,1,297.31736572444646
56875.80055327226,33,2,0,134.47752316575853
18694.59472096897,47,3,0,117.01445725585695
41230.73404014201,48,3,0,157.90486008925882
49534.11600693647,22,5,1,294.0699823415632
36354.748745272496,49,2,0,123.20682303651805
35952.40437815606,33,1,0,143.62578044651318
39983.306652966705,64,4,1,329.7927187569145
54382.8909248956,26,3,1,289.45216194276196
47190.06472390438,39,4,1,272.93389506597487
16426.53150012542,61,2,0,106.4865152834337
18189.497710474006,57,3,0,138.94397806990213
40897.02233214237,62,5,0,174.50136372299266
56865.29879080328,54,6,1,345.9201603218364
8787.42735912148,31,3,1,310.95932895508395
42504.04735772554,33,3,1,307.3275626660954
42106.28215223868,60,2,0,166.68273825243392
70825.06667312671,37,2,0,168.74619387237743
44224.67282430705,61,4,1,340.1982314305303
55744.83477111393,32,3,1,318.3674231565185
52118.85710131195,61,4,1,363.71556754704676
18041.50280289199,43,3,1,241.99797513800277
61523.10824947606,26,4,1,300.3698407628697
53230.94758184432,18,4,1,276.05768518946246
57624.029595118845,52,1,0,135.3690300008794
108893.56559654491,61,5,1,391.7600700593169
18738.305907521175,37,3,0,145.30752151772845
75870.44974641662,62,4,0,240.38484396961803
45688.28720899467,23,5,1,309.55895936377436
54309.93356604514,59,2,1,306.3263586119759
49317.31632048137,27,6,1,329.26184434749433
43636.454999029345,50,2,0,137.2298775074044
41452.50607641862,33,0,0,94.591028538187
54942.631033595135,53,6,1,340.828517181716
27242.394549924815,23,4,1,266.5944353978579
61258.68751282648,36,5,1,325.2245229632474
43757.08392672119,48,5,1,320.1128277267611
33048.95991439463,19,1,0,104.81521106383174
43249.80713006279,35,4,0,152.14470500235853
68857.2382529386,59,2,0,158.93502830547789
41969.973694756656,45,2,0,149.0062131905022
55376.804273144306,21,3,0,166.6645061429788
39035.6558642679,18,1,0,86.90639858872893
61368.827748854295,64,0,0,143.4025843446826
60282.61608185306,59,5,1,346.96057421635226
77729.13249944618,33,4,1,339.2727981391459
47366.54081751177,62,2,0,154.22381782241146
60029.8220713686,64,4,0,147.7674180201542
51471.01309308417,19,2,0,165.85968793386718
69438.07672794521,53,4,1,334.50348330064935
39217.51418586905,18,3,1,276.5000289696904
61175.07969315922,56,2,0,174.77996215729527
47079.54055824978,40,0,0,86.5742283815085
49037.17734337253,43,3,0,146.36010398497032
51376.287266725594,28,5,1,307.8625152996284
53783.60594640016,59,1,0,167.72773832105685
48256.56435317063,18,3,1,289.10748560396337
53220.6977475579,28,3,1,281.7756216186826
73671.77086343277,41,2,0,165.48855789220224
64781.74528422828,27,2,0,147.82188763320377
63037.318887453446,31,3,1,289.86918675432975
43166.907109641936,31,4,1,296.21368695804324
36661.387576575136,24,3,1,302.46463591562275
64329.50837356629,40,4,0,185.54377769420066
63140.70188794691,60,1,1,331.7549560363289
72090.06013626473,39,0,0,150.0558009701153
40940.290610461554,53,1,0,133.30323842507323
46556.77016959479,44,0,0,81.00520810408499
25407.737562118487,19,3,0,129.4696841503989
44112.93340908691,56,2,0,114.50571397720356
64948.55765869171,63,2,0,197.86836202402472
43002.569311577034,36,3,1,291.70673704207866
59607.19692801236,24,3,0,158.4510381385692
47142.45341003283,29,1,0,115.30082413142691
54860.85542332341,20,2,0,110.00285636131534
32784.62915276499,64,0,0,124.71755304859624
51278.14174450852,22,2,1,248.87654878019262
5132.960436489149,25,3,1,239.57992445621363
47196.557627570226,31,6,1,311.52651262546067
25542.901344272897,53,0,0,88.08180595977262
68089.91774820224,24,3,1,333.67609099415836
61661.11029146767,24,7,1,342.97525283893924
57000.06472949121,63,3,0,157.488145533085
72815.0934073907,49,0,0,122.96017304248028
35766.25218762744,25,4,1,300.30095601688305
76210.44796873338,29,1,0,172.47287846200084
63982.87346390577,27,4,0,170.36869776444792
46451.67069171581,31,2,1,292.6175011185313
67034.30220774416,26,4,1,342.5669345531944
33405.59731382549,55,1,0,123.51996131761874
37632.2875770849,47,2,0,162.06386451007518
40871.154151404495,22,6,1,348.29183761678127
42065.33437903977,18,2,1,281.0193790819873
34151.635358596206,18,5,1,268.5036971486703
68346.24600642988,37,0,0,152.46952321680268
46117.18399445253,28,7,1,336.99962322018513
55287.57452535319,43,7,1,319.54960588241863
41444.72950379479,61,4,1,305.0763492115933
22690.950491772244,20,2,1,261.16247620073665
54050.86037587133,23,2,0,136.7927123319543
21316.17536870335,60,3,0,117.69602731857509
48970.48930871797,62,1,0,126.19876574651786
29475.274417507844,28,0,0,77.5501846013632
79809.13998846212,25,4,1,330.74468203749166
63670.44083262082,46,4,1,325.7044031256669
51586.30686907221,27,4,0,198.59148851475373
68955.60016482003,51,4,0,178.0110307938128
37305.26033801396,41,5,1,254.28511346745134
58152.1906800514,63,2,0,142.19104250315795
52997.1565057807,34,5,1,306.090598203143
53960.30122000505,49,2,0,152.1116764262837
69085.30250160152,28,1,0,130.53067549668182
60987.38154169703,51,4,0,213.6119534080942
54330.85494237535,41,3,0,153.78820337233952
25176.688456575557,22,2,1,244.1308352574901
35599.30557080804,46,1,0,108.71189111108534
48159.36599606414,51,2,0,139.87861949651176
51400.58561414977,33,3,0,163.73281332094217
33046.94412989114,42,1,0,106.99845131901697
86175.15013367632,54,6,1,379.04012909893675
72745.9108288036,25,6,1,349.63989586668856
59031.77480588725,46,2,0,126.9447153535946
51080.55291925617,63,5,1,340.2518528944339
46816.86545148272,42,3,1,306.95709519097596
35721.223099666466,59,2,0,145.7230087611247
51162.20777778294,40,5,1,314.3447558030158
53866.28810214126,51,5,1,325.27666992074484
31373.591367775636,20,6,1,290.9071472281993
55012.64625867346,47,0,1,295.0624555928119
47671.11426762877,51,0,0,98.00777436443695
21382.886631839134,49,2,1,268.4715626422413
37094.22483830747,46,3,1,336.9072782668934
43795.91699867533,26,5,1,308.82068698726744
78315.31486010285,19,2,0,188.65028968654045
58348.29686800637,56,0,0,128.55589459727327
29967.77646350163,24,5,0,146.642174088133
57290.544341264555,63,4,1,313.6384507073026
26790.440165924516,22,2,0,76.98713861038635
66240.3658083061,25,1,0,125.9639366590763
42933.13022273182,49,5,1,303.4562407592933
48595.457168912435,35,3,1,282.91908252523456
69886.94971313285,55,4,1,347.94968309786856
30692.54647123625,63,4,1,295.5114111441276
29043.22722330513,35,3,1,264.74452987902225
41246.01010480993,58,1,1,271.8275132169473
65575.68276528975,62,1,0,146.93663393843656
27209.808867847365,33,4,0,127.67193152006475
7517.666028341468,38,2,0,125.50721166617507
43232.61712386502,27,3,0,156.493459562353
58276.11199866381,59,2,1,255.38090098948638
68003.92624608244,21,4,0,159.0517036437347
43052.57956871901,61,2,0,159.38495718511203
43828.600893259965,25,5,1,309.34084141516735
67308.5110138362,64,2,1,307.9282135297002
21953.874504568692,36,3,1,236.53833006574595
44172.18837225486,64,2,0,162.366628803106
52856.35834887587,57,3,1,318.1427558639647
56738.28081927551,57,4,0,133.25820617209297
42352.899602136764,26,3,1,228.6344382101832
50516.61517558762,47,4,1,322.860050018207
12675.08969880516,34,1,0,107.31081596737454
40126.27381499227,57,3,1,297.1798027976403
56802.63068831701,61,2,0,194.64748457388703
35265.58948617981,32,1,0,119.76155250146098
50884.76332384396,21,2,0,126.23835491604115
56703.08751204047,23,4,1,318.95123047557917
44861.76198713353,33,4,1,276.6082638986194
52556.95656494857,43,1,0,121.26485388342415
35559.01152073081,54,0,0,87.37395515569037
46900.8308045593,40,3,1,312.43408010456716
59153.242543838336,30,5,1,342.6443744095812
52354.59441452652,64,4,1,335.96214381637066
41202.03095654097,34,1,1,272.8681488412653
53363.2460643619,44,3,0,113.84499847321311
60719.14685954927,39,6,1,370.50575315191594
19250.88082133783,54,5,1,238.952782163612
67386.11097433846,36,4,1,326.87599070330805
44956.178919783924,56,6,1,320.87328289224024
56382.348998603455,52,2,0,145.11448136171603
67958.70385467842,30,4,0,161.35532788153049
29424.89454154301,31,5,1,295.3585191750184
39358.3849635868,48,0,0,141.56344906262655
45671.76956186443,62,2,0,147.16532933024135
38243.697183133576,19,5,1,298.03160911983736
76024.04863755213,63,1,0,156.8378335706741
37148.41859259811,56,3,0,130.5362401576386
41666.798307697,54,2,0,150.3098508240421
53065.83547404465,31,4,1,310.81851757795573
31967.757108858666,26,10,1,357.2240086941068
44064.78932365604,27,0,0,132.13600683745744
54761.798918752625,24,2,1,272.96668127839746
45007.09393426233,45,6,1,364.1935648615286
48599.19711650078,63,4,1,323.4985481555988
42060.018313274435,42,2,0,132.38777394595218
27282.945362288494,63,2,0,137.10397301977758
54823.89817008858,45,3,1,318.69026349213937
76323.99607470862,19,5,1,346.1284116441026
50276.02446175157,34,1,0,161.01165800270377
53378.961758713245,21,3,1,279.23899243762486
60390.841326752896,30,3,0,118.12890189771383
30960.042551799514,35,1,0,90.49568331485986
75537.71987194408,20,2,0,150.13674831764965
53034.93194634203,54,4,0,143.46529229880505
74477.85348633664,50,1,0,150.02829125582247
39004.505067140155,58,2,0,113.49813926565488
77270.92883836737,41,1,0,127.33552169150872
61627.33241052175,25,2,0,156.97496118827667
58295.60128778538,52,2,1,324.66552473625757
53510.36681529722,19,3,1,283.3153452358299
46272.07072888326,50,1,0,153.86790337245992
68007.97487710809,29,3,1,331.7589078635199
52105.39804772071,39,0,0,102.01418729053239
20493.954446192714,30,2,0,106.15557899324934
33242.203074394965,27,3,1,262.83350664828185
47212.31371710879,34,2,0,140.04721036217813
54649.98474748332,60,2,1,298.62757111801477
49151.17266650156,22,3,1,325.51329536015135
68284.56184690495,26,3,1,282.2264834505914
20733.472039420627,30,3,1,247.667372479182
52153.8190475774,40,1,1,285.90596659699315
22730.31161919268,47,2,1,269.44070921525974
61395.684432262526,60,1,0,133.44862078835664
48583.11928336996,21,0,0,95.09936044946342
56294.14958036177,38,2,0,138.63605473104184
37041.75559115351,60,5,1,297.75756643043684
69191.97397486627,26,5,0,170.34797778925116
65625.86996088277,24,2,0,145.37386901915633
58753.16454517831,33,5,1,316.62602790969675
48057.241297048386,40,1,0,113.6507534613673
58697.85927942698,40,5,1,335.43046062652
39396.611480189764,48,4,1,280.9946757609445
62833.33488531068,22,2,0,149.30831244096808
74742.21341485882,23,8,1,362.79236434782257
66059.15839968779,18,1,0,105.94835926117501
39055.96295288886,45,2,0,108.83201971755155
55421.259759096545,35,3,0,99.36455240729654
30602.876843620284,41,3,0,149.07229061586523
58585.85466763514,30,3,0,147.71926492617453
56759.05119293808,50,3,1,318.2857356665066
21952.754907017537,27,3,0,131.34876847806683
32573.242341314544,24,3,0,104.62521074190357
45752.916548843496,54,2,0,131.6093968735518
45487.1037928876,49,3,0,139.23424821377654
31857.84596871792,62,7,1,352.7969831221616
55834.68094028276,39,4,1,325.3627179062223
53772.10413410768,33,2,0,130.54300672678906
47085.96302032221,41,4,1,338.08236651259966
38663.127497624555,31,3,0,99.07571854972934
65730.60689624846,28,3,1,322.4209332484381
74831.10669632442,36,1,0,138.49246560218148
42746.577742301946,40,2,0,113.51353746669879
40817.49624267769,51,0,0,151.55223377550954
57368.11498117994,57,1,0,191.11922888800456
44629.559303795206,30,3,1,329.92894821964506
47909.04199005149,56,6,1,326.80750554640787
61094.79727587007,61,2,0,154.8500485285898
21359.65868739061,45,4,1,295.65321759180034
69774.53487279004,57,2,0,187.51261845212832
51090.20786494012,33,5,1,288.6067848809085
43827.602831567296,45,2,0,152.1977008238324
48661.487686678265,21,6,1,297.6395814772845
49436.44032530778,45,1,0,125.9634809663732
24031.980448326118,29,3,1,268.64978608729086
72424.07341179854,33,4,0,176.12981147449696
50619.88448405928,53,2,0,128.73266727917346
56645.03195671063,37,4,1,307.10329259605925
64273.24655861064,43,0,0,141.7089736049514
34682.5631365955,43,1,0,119.24669330810507
57102.07848552843,39,5,1,341.04055821713547
45985.3836365181,26,3,0,108.13880838236831
62701.56162824741,22,5,1,337.0914792650001
18091.58869472757,34,5,1,313.4028953383994
48513.58549638096,51,2,0,163.96701574382922
40957.69016324058,19,2,0,78.4765631591327
56483.94425951233,24,3,1,301.31776126893027
57050.662810523034,53,3,0,164.98677571477225
39385.61157766961,30,2,0,109.85905337658727
39317.39203735934,37,2,0,149.21124346918015
48340.01947164006,47,1,0,143.80355382993818
36550.36659027188,47,0,0,114.98928166856298
62629.7554317819,28,2,1,278.27260653847
44461.89199328831,48,0,0,119.32336355922783
6395.176710175379,20,6,1,300.78904266985853
44377.66915067291,19,2,0,156.68370741567503
34421.84268734042,20,3,1,266.7974081321536
25530.86276808582,32,3,0,110.82865902142092
31438.600426661415,34,6,1,316.46350522762236
51641.12707749455,24,0,0,90.69435804431731
69929.61242372348,22,2,0,109.06944966824454
54697.7671079747,51,2,1,293.3700502816981
40902.449176763905,50,0,0,126.05670620573872
56838.56292756054,62,3,0,151.26809328833187
43113.64534671512,33,3,1,301.3972258524681
39580.99446255283,54,3,0,138.23730027710823
32684.559976505236,20,2,0,122.18877175062043
23722.567898724214,64,4,1,306.34652328110553
44151.14440160832,60,3,0,174.22162100545137
52370.802348801975,38,1,0,115.43336118495483
48550.64494977665,58,2,0,129.99005385865138
43760.49608078962,25,3,0,114.27430996904111
35813.80908954828,39,4,1,301.9829513624309
59123.69287527453,22,1,0,155.20768340554395
30243.021200801224,34,3,1,298.72671332949113
61640.418707652134,54,4,1,307.2576115227533
34966.74471609913,31,1,0,114.0775135803851
38713.47143970447,56,5,1,339.1349551614698
27998.222140764843,58,3,1,294.98932551860014
42478.96779671545,45,3,0,116.79102114266597
64629.68687716968,48,2,0,194.7230538638478
57734.42132665934,34,2,1,318.3312294804803
64676.331680420524,52,3,0,168.8312480778769
57832.13818900904,57,1,0,143.99822189259103
33444.952572044465,39,4,1,295.42190829259437
45038.16163508664,62,4,1,342.99357954802406
38297.01306323806,46,0,0,100.8169913708437
69958.6235605856,27,3,0,194.10135716041557
32048.170303605326,35,5,1,294.0897889393243
63405.465340836665,52,6,1,372.868180818953
63394.30805163154,61,4,1,331.14939963180313
77444.3030257413,33,1,0,165.19694608146347
43854.70111055754,24,1,0,104.9705972481371
60684.83239370243,47,1,0,138.20632619006903
84224.77754808264,36,4,0,197.48388480133957
40735.37484599455,40,1,0,128.71232532284546
26974.396287014606,25,3,0,83.7176108302911
21799.849491383546,34,1,1,236.18968706111264
60690.680432919966,38,5,1,349.0005149779938
21752.74687912124,43,4,1,267.2259765368849
44415.21420593116,45,7,1,360.0099534525751
56559.69780558441,56,2,0,141.99378662153092
52777.63305244871,50,4,0,170.94252088738398
56381.67296276258,57,4,1,317.57142947867806
53334.347837012814,36,1,1,309.11878442486
69182.9871997009,46,2,0,202.25089538045478
35715.25428891805,37,4,1,279.93163795504637
39845.07292312203,37,2,0,131.0531007596194
38410.10832093764,27,2,0,101.52382754608728
62452.87717793915,29,2,0,128.77847823764503
63505.97882592595,50,3,1,339.4710877957749
56768.379789777624,42,1,0,136.6081317266943
67752.40500334892,42,1,0,150.34927395224224
32329.38698935429,21,1,1,259.558520772036
75008.36167326706,21,3,0,152.52148442245104
72848.57932568388,26,2,0,128.28844157260244
61034.3299586862,32,5,1,305.93315382800256
76726.9836315659,43,4,0,175.77811172042647
25150.651884833394,32,6,1,328.5142050981734
42133.27795606022,43,2,0,139.71843383195556
38970.44808977072,45,4,1,301.2171013933374
60822.18985636015,24,5,1,294.95656951553013
34247.88890596782,49,4,0,120.75528694965647
61362.42724006229,29,6,1,322.9471604020518
70558.04215995071,52,5,1,341.5499750933342
60428.04350125999,49,3,1,299.9209036789715
54256.265354922514,26,4,1,291.01064569366116
35181.89988648876,31,3,0,119.86240163079533
37297.23550811953,30,3,1,268.49381103314784
68744.28357945,61,2,1,314.89445159877795
61690.23505857999,50,3,1,320.31344440795704
49414.70720933684,49,3,1,319.1799031109671
43731.356813511644,36,3,0,119.90658844698069
19612.881903329348,47,4,0,131.88975894619148
33937.213719733416,33,4,1,330.93196504146783
78671.28630709586,29,2,0,156.32958772213763
30793.166434962997,27,2,0,113.80011107677525
52842.19731831621,19,3,1,274.66573763091856
65111.65959792798,35,2,0,166.11779473671604
31176.159979965614,30,2,0,102.39426657659038
52770.65712171625,46,0,0,166.04322172576087
64068.73306265983,41,4,1,314.41481282019083
50187.489828608755,55,1,0,131.13524171495476
93026.04583500153,29,3,0,193.40559742565677
24971.01111682707,46,2,0,168.0797178078176
65880.92794825818,39,3,1,290.2069031170469
47407.97393905304,53,3,1,325.0939378856497
61578.802322550124,18,1,0,137.58373784536298
56619.607275488685,60,5,1,296.987673161497
39002.65704335005,57,3,0,142.37783780977244
53434.945886890106,51,4,1,320.3942166328213
22131.47822902569,51,4,1,288.74334674557065
59048.712508570905,50,2,0,180.93532756582366
54472.37698985788,21,3,0,128.18428917629063
59579.90252964653,55,1,0,120.9987036705457
65871.77487630726,47,1,0,114.76185454571667
55514.297603145664,63,1,0,167.77384530557063
52221.34129697414,37,4,1,330.28568957017166
36783.974950080614,43,3,1,288.533913620353
39316.68854526424,32,5,1,289.49354791316364
67801.01930265996,24,2,0,148.42541278858923
71545.03108558968,24,7,1,411.8444342938553
46428.34345531919,46,6,1,328.73735718698833
50690.04120879911,40,6,1,338.52189659999414
36430.78437509351,51,3,1,254.19061343353695
67591.35267901167,37,3,1,325.09137673826
59981.25235537668,32,3,0,170.57943264083002
79118.26154695623,50,2,1,312.7797832120487
36825.15384230392,34,5,0,149.5944145483934
44329.881514726745,37,2,1,292.9866359749609
53471.68883788359,30,4,1,303.3613062274929
59697.34306588656,61,0,0,162.90199036718002
46764.985436785515,41,2,1,260.8819836190458
36905.58364319449,64,8,1,350.91504769786053
63221.11293385357,54,3,0,181.50767289018137
60817.03043818373,24,2,0,144.92199958009977
36255.88849154413,25,2,1,247.02173805664688
70331.64201658244,40,1,1,318.59638051869354
67552.98063794905,31,3,1,284.6988623891313
52014.447458716895,21,2,0,114.67976105751838
51193.96793564055,38,2,1,289.9090825425829
58310.86656673861,63,3,1,330.15265787408623
37074.45394615613,27,5,1,283.5182201320345
50450.47218746123,39,1,0,97.28076113857095
17714.246830862296,47,3,0,129.72000001241344
63146.83468254403,47,4,1,291.11583205934903
26577.60166337211,33,4,1,289.1308488078115
72551.29742643499,28,5,1,344.361118407594
45048.19859050325,39,5,0,197.07693781457039
46824.99527103235,46,0,0,131.28268532629522
40583.991408732414,42,4,1,291.259681527564
45679.416891168854,31,3,1,295.0429565453916
71277.97017722054,31,2,0,174.96984576169422
12682.87015197381,19,3,1,258.76881913459
69154.48079132281,30,4,1,321.83603130192574
55070.35221652562,20,5,1,340.6187274486076
31894.675282141765,47,5,1,284.1517596064531
33870.31410426143,35,2,0,91.09905226993538
75145.89540812305,53,4,1,302.06723380755835
35817.39680085903,38,1,0,143.6297581564523
32699.74234106061,36,6,1,294.1786858326715
67059.71813547093,33,5,1,326.9959262992098
55078.29314428871,45,4,0,169.95702217564295
35931.11635195401,21,1,0,91.40463950479455
53249.37463106929,32,2,1,313.06047850336654
34613.70974539584,18,3,0,146.67038033770234
66512.32097633908,64,5,1,360.7767027173423
65920.56447309701,33,1,0,141.27653846199362
57980.092982329144,37,0,0,114.64958971045304
55424.91591870525,50,2,0,128.44054418989677
76417.8218730106,34,2,0,168.0118789199435
49995.29491082338,22,4,1,289.76872579402266
32271.88811868798,22,1,0,114.31492289757708
56742.1086924846,56,1,0,124.99990478625176
81290.70574305671,30,3,1,297.71426479891676
34778.607602212214,61,5,1,334.012465599964
44578.05849959022,53,2,1,287.85016160724643
56246.69057152179,47,1,0,152.17491530622087
49191.42726491391,21,3,0,159.0274970470082
35265.44629434028,40,3,0,126.27675237720085
66827.86784345706,38,1,0,109.31566959917866
84800.6108302589,38,3,1,372.6469821916545
52941.97188535861,23,1,0,159.79081496321413
36438.97565395999,41,4,1,304.2311123343489
26765.592124197876,64,2,0,123.8796137430647
53869.63971831771,48,1,1,275.633053606314
66558.16014974387,36,3,0,173.04310962171587
57127.51619743073,55,3,0,177.7834281730216
49963.94238621719,29,5,1,313.0017069562944
41160.925223160404,31,3,0,120.97019702269048
33617.54550922866,29,2,0,138.0747343250172
62521.26989487323,32,2,0,135.43689778570558
63706.57432078378,36,2,1,321.78471679026615
26814.053199639002,45,1,1,253.2383760282051
73847.58467271026,57,1,0,195.61003909546483
58611.06831341002,58,4,1,305.99241291347414
70993.9196771869,22,6,1,375.8627694407526
29868.083772723276,22,2,0,109.01972903620671
29512.637668768417,23,2,0,112.52174759272113
47765.46035349055,40,3,1,284.2673859764825
57541.766403427915,20,2,0,122.60735960812538
76945.41234390446,54,4,1,323.2115406052094
60591.18370722697,50,2,0,138.84661225010754
46359.7808478195,60,1,0,145.3819725668974
34604.46188501162,38,1,0,146.83987911859356
68450.00859078726,37,3,1,336.07288595231825
35529.418613739275,18,2,0,113.3668490276074
74427.02832158483,56,4,0,187.8483099249562
45734.23025590236,64,3,1,345.5019381992298
73858.73108926776,34,4,1,336.92179528638326
60183.96935088917,46,3,1,303.5335004487617
47945.06765836313,25,2,1,296.02354684975273
42209.0544226081,43,3,0,149.1863089794222
44886.381839808804,45,2,0,150.33564452009458
56424.75038562856,51,2,0,185.16821391260157
51157.34744326575,43,4,1,291.81606255022984
41092.82887896942,30,1,0,93.50435996918824
47515.528845235516,61,2,1,310.7223700568448
51178.65544578725,54,4,0,178.02713525617685
18068.98858377782,30,2,0,82.83845581995291
56872.52172183048,55,0,0,167.99626818769903
35304.1816292479,42,3,1,295.995470726177
32700.013951913825,64,3,0,130.9158184413328
24689.834793339345,40,1,0,101.27704131858954
23091.612531981646,39,7,1,273.0996288587994
29668.28745331566,38,6,1,314.91302317346816
39364.68563554264,47,6,1,298.8995947803754
79298.88706289852,28,4,0,176.4632347552938
42111.804861571945,21,6,1,311.14477626688614
52666.25159402047,50,5,1,365.834191850946
56007.22079759493,64,3,1,345.5121933063269
51965.97779323773,29,1,0,82.95100009120182
48838.34808911009,26,5,1,294.59880362288794
32070.59354601133,49,4,0,153.55768297332853
71763.91322418817,28,1,0,145.92634890718594
77107.94965456828,54,4,1,368.4648173013746
24760.119588159712,41,1,0,85.07839574902229
34639.57113670431,24,3,0,123.15778055913374
45802.84486434491,25,5,1,291.88764250288426
35531.93307634713,50,2,0,133.89521260080593
57589.48330183798,42,7,1,340.4332252893043
39075.9169639008,18,5,1,313.1726829672265
82475.84101709904,20,2,0,151.77914957243493
67858.22891515394,57,2,1,302.28086179558636
53188.61045948322,45,6,1,385.03659628809345
65404.79394979598,60,1,0,182.6965110855958
66588.50636535963,50,1,0,174.0391898883553
41540.787679126355,63,2,0,130.46231748501177
37756.74133187053,18,2,0,96.03140434115707
51172.14594454471,55,2,0,108.17083375746097
62924.54186746916,44,1,0,150.87810666245298
52085.90597980127,55,2,0,162.46798041778663
26345.052767135043,52,2,0,104.74870667252495
37957.63334073737,27,2,1,280.00294574617374
48890.40704608433,29,8,1,307.9179369822839
48865.01593511255,27,2,0,193.20606062666707
79588.13265184712,51,4,1,324.98201981566024
29210.18086401503,41,3,0,111.1352436511076
57583.83862753812,45,6,1,324.4282011030989
72336.69662492434,39,2,0,182.1945508366125
84071.74618134194,62,1,1,340.2964108949148
43934.03865224058,33,2,0,133.79117676179465
57371.44179080299,30,3,1,351.91745055999223
58546.405357979704,53,5,1,341.6664799371516
52932.22597329936,53,3,1,316.9782313399646
48517.32198141041,60,5,0,191.32841233864198
56539.63084250069,40,1,0,126.6861458121067
12016.308721704721,31,4,1,234.81830523413737
60231.04235093947,49,2,0,148.69117965064436
51892.66855492951,20,3,1,256.88861575990273
46662.87654832602,44,3,0,167.28224180207226
80702.93293579336,36,2,1,325.20875516819484
39875.98971814172,39,3,1,271.5698920779624
43953.86016402454,18,3,1,275.2910780253701
79873.29953307101,22,3,0,180.71298529806577
37519.08042725215,50,8,1,354.5792415570333
41748.27075595192,36,6,0,174.33848998320397
47794.61864853725,53,1,0,102.90880179142079
62611.01723194324,23,3,0,118.87732533516359
53117.0376102997,32,3,0,141.33095918384697
30610.61979271606,53,2,0,140.6635365091766
42017.47155309216,50,2,0,129.61900170742877
40889.68350181683,41,2,0,151.00480393386587
48841.68432165431,44,8,1,384.20970105625526
56387.65487944744,28,3,1,287.9406629382575
56273.08633831958,40,2,0,115.41097728948125
23359.823689273966,50,5,1,318.2641435969576
65959.11481341285,58,3,1,379.3434511907952
53788.53268994935,63,3,1,314.8949107385953
70767.98071390859,64,3,1,319.4547184345382
56662.97490936008,46,1,1,315.6413248243062
66519.84436603643,48,2,0,170.50189535844098
56998.1796717519,18,2,1,289.06926668828197
70193.38634304123,51,6,1,352.1794737102936
57833.75954026668,35,3,0,155.30521970037412
48531.271303356436,35,1,0,107.89352945068794
84086.52080670322,23,2,1,360.5714309227583
63335.55683419838,57,2,0,148.31429516832034
58606.1663150662,18,2,1,223.71089256714868
30855.43375192496,64,2,0,131.0276688327111
30675.385738046934,59,6,1,329.833626112184
54390.732232127804,47,3,1,340.9517638895992
52182.81796652361,21,3,1,283.83252394089465
40788.16152487526,49,5,1,289.1385497986417
52114.7404941809,27,2,0,159.9236022350613
73829.40392065395,60,2,0,158.82662138096825
60431.03711825448,22,1,0,142.8718712931788
32884.872353708924,26,4,0,114.88108044296874
48327.367592855844,22,2,0,110.61801089158983
37925.50278721159,28,2,0,113.30015211482933
44184.50125387158,52,2,0,115.09714712226413
43795.76501555536,44,1,0,93.14392737983415
42835.31626093992,21,5,1,291.2785532585532
31172.969420399077,27,5,1,295.6625592279798
48085.179777227146,56,1,0,185.7073076408722
41590.88544729035,50,0,1,271.68213614073346
6058.26964996598,55,1,0,95.23093959391997
80794.58036752495,25,0,0,146.58381116111744
66331.54481325008,41,1,0,155.58497418623557
44355.48912612506,56,2,1,291.90379196169295
50282.28574610897,50,3,0,177.38827375454642
32425.184790236573,58,2,0,137.9215815715247
75435.84316716298,60,3,1,332.49081377437216
78459.33042159668,36,3,0,157.90240619452004
52350.40592369787,19,2,1,291.1182772496121
65352.959662780166,28,3,0,182.96555484968027
52629.30168400886,52,4,1,334.0685230302129
29949.11841686104,34,4,1,277.10997559053897
43822.64946554514,59,1,0,133.57635710052529
51978.91950157936,20,3,1,326.7183878811137
43181.784218848334,39,5,1,333.18672522067743
46720.20083847446,52,9,1,373.7806200917265
48629.00663736328,38,3,0,134.9092231747352
48786.82253201808,42,4,0,169.0969353628089
50783.87735746225,56,4,1,354.1909415588265
34090.92400405099,19,4,1,286.0294691804892
39244.757763080954,18,1,0,55.62939912701454
30731.23601450046,24,2,0,151.77232468447482
64667.233245293006,37,1,1,312.1437884430228
18415.29587239513,60,5,1,283.0769206333523
67303.85514975389,23,3,0,155.77022301365056
70795.24095894265,53,1,0,152.65216776494347
45467.29119526068,38,3,0,136.3769828245326
10952.943682590521,63,3,0,120.8639858887516
44580.341570490644,52,4,0,176.1640692544786
49037.23758066771,53,4,1,348.27302491075864
34841.0267010663,25,2,0,104.17135589742884
42271.72409287636,21,0,0,120.59894645768725
72952.92798295026,60,5,1,336.3000434461082
59973.90743452612,33,2,0,170.20835262789598
36131.538284328504,20,0,0,103.42077677332439
26036.012456068518,24,3,1,267.1695001059416
45094.74023585343,19,0,0,99.24111907917349
46798.148309743425,18,2,0,148.5600302308569
57442.98781044975,18,4,0,129.31546816923728
41970.24931148512,55,2,1,312.1850617445612
57672.49363042792,24,7,1,328.4362938900408
79027.31060090344,41,0,0,165.41723823744266
62232.51533666394,22,1,1,286.45945908474704
49278.67239003841,38,2,0,115.7245622676496
47252.74293420058,45,1,0,122.88654457074648
44649.90298730193,35,1,0,104.27952889941962
67709.61368678216,41,3,1,290.90990450295635
40590.29831073046,49,2,1,292.5358876680771
50678.34063499974,62,3,1,277.730605856107
50767.96852821628,50,1,0,120.51422153148002
42473.23710782702,27,3,0,143.87642693688613
29413.016781738486,26,2,1,242.00392631892896
54844.61755426502,50,3,0,184.35880009466666
49084.940422169246,50,2,0,185.71154304936834
57503.607041548545,24,7,1,371.4247287074767
41995.9954034125,21,4,1,302.1736829802394
68312.31948219571,45,7,1,357.71112465321977
36848.393281822326,40,2,0,129.2723269939411
75680.60426026839,49,1,0,193.53607746599462
23785.452352576078,61,4,0,118.62529244622189
56521.55096835337,33,2,0,107.2562226969821
57131.46023789935,63,5,1,334.1774446161717
38066.643980886765,27,2,0,126.43579751469483
56365.909067915185,31,2,0,162.46325457102267
69192.78004640239,56,1,0,176.1222874846334
16747.71740968903,53,1,0,133.83914449476575
57541.17211236222,51,5,1,333.5785971382674
12600.937695048837,41,2,0,101.80084800880974
35515.02794715188,35,3,0,135.99492797454147
74437.49547351418,33,2,0,138.38287204444745
41273.26949911919,58,4,0,188.04474876023258
32391.80053386541,54,3,1,282.99824244525195
47030.93406522977,58,5,0,169.8262140958025
81018.59507245329,42,2,0,176.87868800839414
22524.766291909607,25,2,0,89.12955667218675
34230.351325409836,41,4,1,290.09793872697304
72461.4752476944,37,3,1,331.15999289354886
77865.53515306598,47,2,1,350.0006863159979
48448.53163564574,37,3,1,302.35529403429933
31414.209462100363,35,2,0,155.08025032764118
81437.65252713738,21,7,1,357.15145752163295
73916.63587623795,53,2,1,285.8049614350122
60184.20481643349,23,5,1,292.3781639066119
37813.9647659387,20,2,1,277.37591847822466
49264.55988742945,35,2,0,131.32010366843332
47594.598784327536,64,5,1,351.3659519738961
54962.769569233664,57,3,0,167.5856690468722
71765.02157197005,35,5,1,341.26308922697825
63191.25561706105,40,2,0,131.60654678623638
33839.35884522863,52,3,0,92.65116847084266
70647.44675029306,23,0,0,123.08194386180584
54696.98210019733,43,3,0,133.0468455462023
60305.98693788375,38,3,1,278.2725968073362
71998.11288917904,41,4,1,335.8403676787707
33326.29625729674,32,2,1,285.9630891125706
49462.61631940305,44,2,0,149.94100817675852
42028.18172961177,49,3,0,154.18669939474634
26482.108619518163,29,7,1,294.5290535156581
55200.6496640738,22,3,1,270.6443628955657
87673.34827376634,24,0,0,129.11833574857954
22398.833832413708,39,4,0,152.83701674000935
49515.79083425795,44,3,1,297.71440733655095
59608.144026121605,32,5,1,362.43748072189936
51846.17302484272,56,6,1,360.9519150646917
48303.079212263896,62,3,0,195.71111114393847
30511.754548312638,52,3,1,286.9008353229283
53491.80114410246,43,3,0,159.30752942195232
38648.5403447611,40,4,0,121.16069543691911
17151.174425321697,30,1,0,92.67356002236535
67918.88330770595,43,4,1,346.49477626930945
64375.78729763064,20,4,1,365.89450811952236
50774.914652766194,46,5,1,312.1240231081196
53436.12032308554,19,2,0,110.83425358998758
66114.77019073343,45,2,1,330.10729632724315
53365.09485167124,40,2,0,124.59477094617915
63560.26332141971,53,4,1,321.02110633818046
45537.766986892246,23,1,0,155.754200594812
69679.7560786092,28,4,1,315.40216185825847
54811.785888990256,55,0,0,149.64146549206632
52910.77915408811,51,7,1,377.3295673326156
30949.08366931952,34,2,0,106.03869877350252
54304.33781452563,20,6,1,319.81290713599947
37520.67623758323,61,0,0,115.25135527950746
40425.75910207259,63,2,0,146.04865190789658
37769.36557525818,51,5,1,293.4638877705226
34006.476021511626,39,3,0,125.44860769897303
81871.57104525442,46,2,0,117.98710057760853
69970.08592982605,46,3,0,151.35233665646507
78805.51253216392,22,2,0,169.8849084889986
31656.574706666543,27,4,0,152.47045332063854
51068.806248663386,27,2,1,299.7186313063782
30597.385621938563,26,3,0,156.7271055233675
39564.57684204404,38,2,0,149.27218683110993
36228.09524875138,30,2,1,262.51544573304056
68593.76009662342,27,6,1,357.7594981848609
44056.5548284736,55,4,0,138.22241703678296
66025.69000541024,28,1,0,121.93621460901701
59061.81334382777,21,5,1,324.39926190581264
84554.58128157182,63,2,1,316.69981534910204
27808.33665290414,48,1,0,77.39545123252535
68888.49859680198,51,1,1,311.67556856400125
67196.61305601092,59,1,0,176.46566004702464
35399.31742959448,52,0,0,133.04638022103384
65107.00004709739,56,3,0,201.5245560445747
55042.17444539343,56,4,1,342.0731763977266
46587.85610069888,50,4,1,301.3785044352325
37640.967695420004,25,8,1,328.2148122042309
39213.35822826221,49,2,0,126.93768362208243
80747.18143678889,50,1,0,163.1998691481423
50010.24228436224,25,4,1,312.0438977820873
61731.95002297188,63,3,1,314.70670432249443
38136.5092749867,31,5,1,288.14365850383075
38302.20580667542,51,2,0,134.79210221771925
66229.77213874913,25,4,1,356.78778179116205
29756.356826727017,59,1,1,289.7255295763455
43771.79348142093,24,6,1,293.9418977176228
50510.41116608348,30,4,1,291.114099432729
51670.589027600785,38,5,1,339.4334217273005
47313.600724757656,64,3,0,162.24917329842853
55937.29671643885,49,2,0,134.08745366145638
60392.836337267174,28,2,0,163.45389371050823
61019.56318188995,31,1,0,131.29839900632504
35212.9428699826,28,4,1,291.8174561526833
45737.673531068045,19,3,1,276.6448859407953
67921.44292815407,51,2,0,137.80823405730678
63419.70781360808,61,2,0,151.52979426560475
29407.10822778404,64,1,0,130.12725404840387
55272.19850528303,34,1,0,122.21068481808805
20326.621259377847,31,1,0,82.93077920854851
50704.02353090554,42,5,0,146.18955002237075
78466.50525118965,44,1,0,161.95806203829142
35781.609240965205,25,3,0,130.41237194812908
37485.15431762627,34,1,0,96.35104174505436
61460.44672359289,22,2,0,143.53372490243606
26857.97727185531,29,1,0,103.50389342066367
40508.67455172441,55,2,1,292.58001285481913
58946.61706372629,35,4,1,319.77635885896166
40485.712284658955,43,2,1,268.1401358928831
46460.45019183543,48,2,0,145.27671390291812
61162.78565472552,54,2,0,157.100090951869
56323.19125304842,23,0,0,121.233705009969
54002.27594443103,58,3,0,177.60345867270078
44913.16581094942,32,1,0,138.73011493854926
55550.91672903433,59,5,0,196.19713870003648
48144.00979850365,43,2,0,147.1193264297892
56867.08414888677,29,3,1,325.5215845203241
42546.01962323033,58,2,0,124.95202217771764
47261.46538430688,64,0,0,107.25885550554472
35150.63311171979,31,3,0,155.59585476113094
49474.88584990646,18,3,1,310.4719767687609
37834.98704556733,34,3,0,151.9033517328348
33289.303247570104,50,3,0,132.6315975113016
53879.91721783082,46,4,0,199.0519072545858
53191.0966378649,62,0,1,267.9939805078516
61743.10602422859,48,4,1,313.9246809417627
43533.116456373515,25,6,1,292.65626889889427
56120.792702551335,47,3,0,148.8436788763759
58261.963584104946,30,2,0,144.33584101822146
56671.60711747392,33,1,0,123.27537670196737
37615.19475796787,19,3,1,288.5568279400764
52240.45223406783,62,7,1,360.08658447878526
55462.10444081992,35,4,1,325.18911103010134
50107.67700361913,52,2,1,318.22789930143017
18702.83512443373,62,3,1,303.7036298188843
52407.344359602204,36,1,0,131.52160419162018
83187.96559095863,30,3,1,332.1580615564616
44599.41096864526,21,4,1,282.24859640721996
39078.84353217018,36,3,0,178.24383712524264
55600.22839567097,42,2,0,120.78739447767057
54685.67315699858,55,3,1,293.34721206396944
67891.02748124622,48,2,0,152.2088780929592
31131.977661366684,53,5,0,108.45277045982763
60970.70378862489,21,5,1,316.7947595683179
58856.33091877195,56,3,0,167.93994110178338
47867.801945891806,24,2,0,115.07353517288615
55080.30976882535,33,5,1,323.48770690060564
65441.86222397536,22,3,1,278.6473446002674
63084.73070042676,64,3,1,305.1445837040158
32854.71031889407,40,2,0,133.96419279264313
62302.37280133227,53,2,1,318.6281787603867
49029.670924512226,49,1,0,137.45180673317202
51093.11147023273,41,3,0,165.81909420785965
51097.954865025415,42,3,1,301.0706929862427
47746.3551680261,62,2,0,159.89914347486254
67875.61245660597,45,3,1,310.59879212413955
48744.23060226182,36,3,1,273.44647558637297
33206.80807425247,24,4,0,136.68849275223658
44097.05216045407,61,2,1,314.135080065351
52680.42075215714,58,6,1,338.47601217966263
68438.22176445575,34,3,1,301.6940508946592
59046.4202742325,19,2,0,147.44572696296342
37241.97081879434,33,2,0,93.39025226267302
87277.84875018337,56,2,0,196.53699631946773
53971.629664669694,35,3,1,277.0161249190369
69130.86106998523,56,1,0,163.91049409954854
47724.283496341566,18,2,0,150.1427605581463
58000.38867058174,20,3,0,127.64324636615655
62592.02756777607,38,5,1,366.51578836170074
68272.92067631384,47,1,0,170.77218422258292
65860.52458067337,28,4,1,332.78219647658705
63082.95500109467,39,6,1,334.3691461119854
45273.69903208837,64,0,0,147.75640054032024
41423.80937065908,42,3,0,144.08629723824615
54989.11265486296,20,3,1,300.4931623322572
63996.92108511604,47,0,0,170.68889279632737
46659.189488350894,41,4,1,313.3412620618422
65977.5794857158,62,4,1,340.474627888751
71789.25118229269,53,2,0,168.84815690538872
36255.186213898705,40,2,0,112.61534743814747
37446.1894430558,25,5,1,309.24463855424506
47894.37411641995,21,1,0,114.61346251360871
54614.190022837945,56,5,1,359.7495820226771
42131.49479349423,60,1,0,157.1149727929737
70283.04018300716,48,4,1,327.33023899730415
56361.002922776766,46,3,1,306.9843599775637
50591.70572361109,53,4,0,144.07380523156365
28461.357141972087,30,4,0,88.34825971593513
30262.762753587394,58,0,0,118.39370695803747
54215.1387542271,26,0,0,106.87784482596429
18011.065607677458,38,2,1,270.1913919290611
65189.56114466108,20,5,1,307.68291887281714
47627.692334415195,42,2,0,133.44024068773902
98646.394543921,42,2,1,337.6316466575854
84618.74375924165,29,2,0,166.38882692219593
47278.26396128725,46,2,1,253.13220373080614
48404.94496203028,28,4,1,318.5798032235578
64933.722710030444,28,5,1,326.58037409689547
75547.58914877057,43,4,1,312.08385568585885
25429.564138459747,31,2,0,134.94370498531194
23204.3680196797,33,4,0,154.54800354595864
40669.47791668428,27,3,1,287.5169762172854
58741.063747607965,48,1,1,290.6886875148464
57453.103857613954,48,5,0,175.7105110717008
66046.57182475776,53,2,0,141.90021145486088
32004.537074520376,27,4,1,283.68765548403127
15257.842055466848,43,2,1,217.23734997617245
62870.21292953218,37,1,0,162.68759613923712
37577.05590552148,61,3,0,133.42597042193788
19722.68203417043,26,1,0,61.87512734503178
52175.95618939072,32,0,0,93.88276451409871
61897.63532328016,26,0,0,123.31863889053254
48169.14301818084,24,3,0,147.87614623581948
43132.274207262664,43,5,1,306.813371465496
47609.5665178114,41,2,0,125.64059453916617
44441.25856398826,29,4,1,279.900145817279
29779.293320897494,37,2,0,136.14311251947208
39279.789845143525,31,4,1,306.3819637762482
57819.19857520722,39,2,0,152.36731347264248
54825.1781206475,33,3,0,127.65121491927218
52520.8970895023,46,7,1,335.8236403213599
35072.77277219931,49,5,1,299.7287200312046
47277.452567964996,36,3,0,179.58203599310758
17344.02430335718,52,0,0,95.29648455467483
52677.14995828085,60,1,1,281.38232027719005
71432.86561720351,49,3,1,361.0642427904218
27888.018019368414,37,3,0,141.9463924773505
41211.08490023367,57,1,1,295.9051932650571
54936.60168065195,37,3,1,329.59961875487204
68792.63951641225,25,1,0,160.85725532716958
43276.63075549776,52,2,0,129.84407471245765
39616.245061011556,59,2,0,135.61698496613013
20466.152863758754,30,3,0,123.16273200672322
51551.57193962159,58,4,1,322.7167444489949
80631.14060215617,23,6,1,315.80723432478703
54160.37692947014,64,2,0,128.1189127799175
49665.815312244304,33,3,1,295.70264985225236
54831.23466150478,22,1,0,90.71074432173906
49833.61994077097,62,4,1,294.70745193392855
37804.78441609805,51,6,1,313.5927642990003
62349.19873516558,23,2,0,145.32851030744686
53386.422846676316,50,2,0,160.6456747992603
50264.19877900486,32,2,0,154.2575140102017
35369.50959082625,32,2,0,127.27547378057302
69552.61897902138,31,5,1,354.737050048392
59970.54117999665,56,3,1,302.8208424370437
41706.18743949047,22,4,1,272.756164892371
65027.37280522905,43,5,1,332.81953207511856
42536.43742422189,34,6,1,332.7203044925633
38269.94761233444,60,5,1,334.58581083828324
38604.45323779569,64,1,0,155.39184310742283
23433.97170367863,33,5,1,300.87140425014803
57073.13570627308,52,2,0,192.09603194700253
22532.82682492475,55,2,0,135.54227787192525
31573.34253101356,40,2,0,120.28069449681132
18866.179863822003,30,3,0,133.68587643713067
48708.954608136606,50,4,1,344.8429452455229
47745.19309592192,46,2,0,112.16266813174819
45099.55680220454,63,3,0,148.09970378185866
34361.33457994136,51,2,0,109.85537333684647
32416.4936984504,51,5,1,304.99757041303445
56965.54795319861,44,2,0,138.20898654063305
41741.72102437269,32,7,1,338.0615891065115
54745.37482304217,26,2,1,313.1897902424331
36721.269708136664,43,5,1,333.52398556364005
52715.94114156623,20,4,1,320.15036335786215
69549.17055974096,53,5,1,352.4489330303588
58792.48700589175,64,2,1,292.5331064328631
43813.79272675279,22,7,1,348.70826095302533
53857.98455533891,37,6,1,358.91085306711034
46390.0223820468,37,3,1,229.66995239607587
50118.202770420925,22,4,1,343.88025580866866
45115.83421777245,27,6,1,288.5902526380149
47534.971911719134,33,3,0,127.35448182823569
53181.40029611263,42,3,0,166.77027738191074
35099.61950627074,61,4,1,283.9171158096614
34761.81759515032,42,3,1,285.4581613764076
29171.861692531835,47,7,1,300.4545822954926
25995.93343244435,31,4,0,145.30123023019956
31740.75961669281,39,6,1,306.75608618102217
52391.93760206194,60,4,1,313.7666963439544
36608.18726762174,45,5,1,323.66409707896594
57704.216963466446,47,7,1,343.18010675044957
50520.70623128843,36,3,0,168.984530081609
20472.436798429193,55,2,1,253.9058351485931
59824.63376332534,59,3,0,152.10112932854796
62161.979683875645,37,3,1,313.944009087582
35092.0598774772,52,3,0,148.98081118634008
56302.87314342488,39,4,0,164.14900135667418
37152.52643886201,32,2,0,112.82106816131254
51465.05565122503,28,2,0,114.57987560137954
31032.523895675517,51,0,0,109.99299598839323
23103.40321198135,41,2,0,116.55026804972954
44257.74215580547,23,5,1,300.9802743360547
48144.06580587746,34,3,1,329.30768130121857
44034.80459578094,45,3,0,132.83843035364674
32239.54162666161,48,2,0,167.04918168653575
44001.51406803294,53,3,1,294.76490182634393
54039.42128871101,26,2,0,159.22849031466853
49326.604548161944,27,5,1,319.55928705622284
52737.5154589882,38,2,0,166.71088359581222
39948.27199318651,51,4,0,198.00049961688802
67575.7687207424,48,2,0,167.35101463405505
32357.39995167829,46,1,0,99.31599991968764
57313.40445630078,60,2,1,276.3900086158259
67728.36639439942,60,1,0,148.44076362162582
57213.62139123343,28,3,0,175.63284617085958
46962.13659402755,50,2,0,168.06331377441649
42075.54430005531,63,0,0,148.08812553354934
65541.31476569384,18,1,0,131.2952630350362
28655.376121074903,38,5,1,318.9629407097699
35448.136094305344,40,2,0,136.05955606209278
44036.63351762418,26,1,1,250.74154429122956
68564.80636267997,18,0,0,119.36982141846181
55696.51454061344,38,1,0,171.76253797887674
35479.31362234632,39,4,0,116.5680280214479
45345.384419226444,21,2,0,146.8458610572921
40785.15283855559,18,5,0,129.17225040610677
39353.16511649697,27,3,1,285.7002388764686
64683.34337835169,32,5,1,363.3042394158161
29423.853061047415,53,3,0,145.88759395124714
74131.7128360156,46,4,1,336.68249326700715
62423.44535276934,63,3,1,320.1045456243967
66362.92505905547,22,2,1,324.7062731394814
43055.907319621125,46,2,1,301.129729917113
47750.88921381336,64,2,0,173.2671454660751
28502.72278212932,64,4,1,321.2132180769702
42130.063893997954,44,4,1,322.3514460062035
57404.82271464726,42,2,0,154.69548765645973
69440.94592672095,33,1,0,132.47580662799064
33392.64774796322,33,4,1,299.7948365106999
44517.41094522101,53,2,1,286.22671853612917
47730.51169651216,42,1,0,96.01381532407407
29063.161967112723,58,4,1,330.7665480955012
58870.238626376005,18,3,1,276.76437086911994
39140.14502386087,22,2,1,262.78806075728323
47069.14473234464,58,4,1,297.72234696368497
43220.75942132183,37,3,1,275.56968051361736
38159.922414204884,22,4,1,269.0306954935912
49894.32521779168,53,5,1,317.43175192987906
46765.85632147967,46,4,1,314.27016602146466
44422.13176582001,51,2,1,295.9351974862636
39073.07567479486,35,3,0,153.08684626120248
54792.87006174433,19,1,0,115.950157694295
74804.25902738428,33,1,0,99.50380336746258
52098.30849258691,46,1,0,156.48997364735942
64941.77322366693,50,7,0,228.31460335430904
29146.67112269806,33,1,0,93.15210493535965
52366.42158940654,52,2,0,164.47506911734263
33539.475215434,64,2,1,289.91166636499133
27846.12608702148,60,4,1,302.57883272159773
38909.42888811445,59,0,0,125.41308687057168
67878.49001620359,34,1,1,274.8725640722864
64250.23743004468,21,3,1,292.2995451221334
53645.070830815996,21,2,1,292.31773647344335
27009.491601651036,42,3,1,276.8139244483475
47055.79022918095,50,2,0,141.49650269594713
54525.50013352603,31,3,1,320.806229342242
52633.043443678966,41,4,0,110.62443291177544
22343.096247788813,28,5,1,309.8806387507782
36645.23227970192,42,0,0,109.45609614384578
49038.83353776925,45,4,1,310.58356619045503
58044.363642757846,24,4,1,316.7919398290305
17058.082683500805,53,3,0,115.61327095422021
47568.14036780212,27,1,0,99.35736127746712
52145.73154818428,53,1,1,301.6500780946002
62744.179827743195,48,7,1,389.7149732914696
60392.86376356155,36,1,0,160.3856709304512
58738.56978213208,35,4,1,337.7260197551494
38000.89239947099,23,1,0,78.61225101633573
21379.967943150386,45,1,0,120.23045846633784
44104.208644078986,24,3,0,126.53951439732992
65024.4773781284,55,2,0,150.6474592997703
70901.81791286648,29,4,1,324.36665225338845
60658.23653446678,58,4,1,357.503185366539
56440.11234202601,51,3,1,293.80137310570245
55694.59472578948,42,4,1,309.28147454697756
41658.21879858829,34,2,1,250.86377144357564
48049.0955966957,50,6,1,296.7278596535654
75036.04288739496,40,1,0,147.78387032617448
35861.629913121855,26,1,0,130.87629648912622
74221.68186064778,23,3,0,189.60960454483785
45169.57768261912,19,1,0,118.81257789897629
69881.48163642618,55,3,0,178.31977784473847
28897.774857536926,26,1,0,89.0505029802497
58788.563017469736,20,3,1,265.9563919094967
38948.44796078567,33,3,1,257.4732981315259
28770.992121137187,42,1,1,285.56516491962964
53278.01063616419,41,1,0,106.24920079286518
65142.076828939535,64,3,1,292.0514117062537
37325.87842109756,46,3,1,274.01218788841226
27514.76059312398,61,2,1,238.36781763544863
48622.32853497567,57,2,1,317.84131881257105
48688.470068342285,43,2,0,138.53141005724564
58224.79441331748,55,3,0,156.36403463551426
64243.91857046732,52,3,1,327.93708380486356
49108.77228091259,40,4,1,324.0519355802392
77832.54972191394,21,3,1,319.318493799124
53363.52116802938,59,3,1,312.6215189336105
44803.602409896506,31,2,0,103.94101002956012
25826.489613457583,64,1,0,104.12589954168385
46060.107195257486,56,1,1,297.5126166770415
44954.19581883296,24,2,0,126.15432979818218
64404.57194422206,25,3,1,331.5005223355952
56937.25436100281,59,5,1,353.92851849248717
32309.46317551074,36,6,1,270.129125720254
52583.81579616556,19,3,0,150.87640036359102
60072.9675759358,64,2,0,161.55072676529036
72920.4703908175,18,4,1,283.723480567661
63312.559511210886,59,1,0,111.22232047549221
61412.69981467217,55,4,1,314.29781732220175
50901.289919227456,30,3,0,137.57679935740856
55824.68008135175,59,2,0,170.2853978228107
68742.57351059238,61,3,0,157.09105884363646
30008.339037805254,41,6,1,343.88889914183295
44758.41009174566,49,3,0,162.23914976175368
38411.46876865639,47,0,0,108.57261949357972
55687.29678089186,23,2,0,144.43937498712813
68453.33263476181,55,3,0,213.43157685245933
41045.38569918389,50,5,1,311.2225239644009
14145.434487958431,61,3,0,120.31534197570876
43816.68882463295,40,2,1,293.6286686003358
63702.1059802611,27,5,0,153.5215937207661
58064.4485442482,63,4,0,178.4684765506315
56422.79371715864,32,6,1,318.86897249006995
45800.100471882804,40,2,0,152.4549729246072
30814.538956703203,53,7,1,325.7100463749094
57729.41482436701,18,3,0,162.88196623127575
37485.77284948063,25,2,0,114.68797701815664
82761.45100070685,20,4,1,303.2020098215032
58557.60812531774,31,1,0,165.01018813140433
41290.27546169073,34,0,0,90.14497071961688
40829.22128917058,51,0,0,117.5179223595241
48605.836900796174,64,4,1,326.26151728285686
46407.47116967375,23,2,0,144.66497148059992
66752.50663294931,22,3,1,337.1248157856811
52796.2425461607,63,3,1,307.4373832175907
39025.52391637208,58,5,1,299.02288601065936
78356.61027733673,57,5,0,160.33704843687372
50739.624972803336,46,2,0,139.8577507718353
61532.595139533456,52,2,0,110.0111170965055
40876.60238832861,35,2,0,106.74794853958682
55446.73441616785,57,4,1,321.39057144184346
54666.64986714793,47,5,1,356.70492609980806
21655.260618557706,32,3,0,113.0316919557994
80229.1266569096,32,2,0,180.93013706878966
69359.66691383821,33,4,1,325.8864414400264
44042.070257810185,50,8,1,347.7708170186957
33465.953893162165,27,3,1,295.8969056713386
55213.42420705328,36,2,0,147.99450313477507
51300.465491215946,54,2,0,138.54776066783117
55335.03422844844,20,3,0,169.22777728018391
52873.660942911345,53,4,1,307.3639964257057
57593.61483958889,21,5,1,296.3485871751849
71709.5854908771,28,1,1,271.17168534509705
58521.54807692969,58,1,0,138.8723407222525
34255.167516350884,50,2,0,130.0256108995483
70438.44279068678,45,3,0,178.47053787446333
74609.2184523243,49,5,1,343.9088304032037
97280.85101768127,33,3,1,336.24900927815173
33147.58950140603,26,4,1,291.4348338113659
53643.230197254125,28,4,1,327.6833014109146
18768.51945216519,23,0,0,15.640624121938245
58297.23734568814,44,0,0,90.698311126753
41776.99552749841,29,5,1,324.48947336433673
78851.6869223743,39,4,0,179.57082202696705
38380.77544972127,57,4,1,322.7909204218412
24662.254430491073,54,5,1,273.71409778940176
42931.043889462206,38,1,0,120.58262885805243
20367.68343174294,50,4,1,258.6119435644539
61266.491817609654,34,3,1,314.7030379530383
19023.75430615519,46,4,1,274.5396501052067
50426.86371774739,57,3,1,278.04143316624976
18832.82270215705,27,4,0,133.16728426245115
45195.53293195037,35,6,1,332.72763493200404
74650.67233706801,64,2,1,319.9534041661396
55409.718371536925,30,3,0,138.9229207569685
37047.59592552599,44,6,1,337.05895293055653
49531.94766591374,27,6,1,329.2827580266698
50270.2530806667,49,3,1,303.5525096076254
57089.45518765108,58,6,1,321.0975098007144
29497.124550787605,62,7,1,369.3759370360334
58888.509107709964,20,1,0,127.10365804130339
9434.12552595837,39,1,0,121.99014096402132
40551.731714542846,44,3,0,130.6577264985723
42675.89236322683,20,6,1,304.26567288643116
59499.90239106858,50,5,1,323.5003753184935
50339.46279015304,19,3,1,292.8867116602705
28916.5541921557,28,1,0,102.20428720533904
35225.10311274477,63,2,0,149.8991488110773
52980.20014321111,27,2,0,131.6858555955022
48813.989872031656,56,4,1,323.83129403393497
41313.1383554638,50,3,1,306.59678019239027
42787.49315732031,24,1,0,85.47154235676004
60442.51995738933,32,4,1,294.02565361203943
42234.611406961776,43,1,0,98.53677404813752
48678.6313395639,28,1,1,285.8405628363892
82549.04882120814,55,3,0,212.36285887665608
28644.760446741155,44,7,1,310.7683636793992
22222.35902638012,56,5,0,161.19254071727696
61753.8449719791,24,3,1,294.082090370327
39820.354080588455,18,2,0,131.81295845151658
45226.4370838607,27,3,0,197.1525109355451
38282.654328033284,38,4,0,178.3939980874902
46102.99788848731,32,1,0,149.00124413072106
73978.07168144512,47,4,1,373.2923952998196
62031.92687927179,47,3,1,325.9038332923269
62933.352678304655,25,4,1,337.8866719653713
28756.594163110316,41,4,1,278.99667702136736
32732.693951706962,36,4,0,155.1957968372137
7413.820107718595,20,4,1,238.6014800114226
37859.28768375869,32,3,0,164.58056782226524
64350.54779578488,53,2,0,142.78566626080058
57754.197736225564,23,3,1,297.4210810374272
46677.30105571814,59,3,1,298.3644555218404
49665.49574422921,35,2,0,138.74310726408666
39666.716861368914,55,1,0,137.19352576235045
53071.38323602676,36,3,0,118.01490426242438
61488.17419220922,47,6,1,344.8984420653751
25761.698188842907,30,2,0,137.1448827697733
54494.71531756022,56,3,0,161.80053646292987
63986.523064320005,29,4,1,333.79692802589494
43773.49566554945,51,2,1,251.14873910744754
60510.50918180875,29,0,0,106.01395032314463
92219.8166670883,61,3,0,235.9801027687941
48434.85810519662,41,1,0,113.58726618574676
55899.605750079856,21,3,0,136.73190552725768
38929.14374507913,53,2,0,130.54477966480815
52718.76743903076,31,4,1,300.6949338627054
56904.074374734555,34,5,1,263.4892851590318
52922.63510405207,20,4,1,317.952519603245
34704.57020436715,55,5,1,320.60583297204954
53095.42656988176,40,4,1,330.44330940309965
71932.93908076455,30,3,1,322.55177129358515
56729.53646771791,26,0,0,107.15441362567393
64429.80783607761,38,2,0,161.30774452280184
46444.820449810584,58,5,0,162.94636075255858
61248.50359135566,25,6,1,342.2355514488991
54189.01757324789,34,2,0,163.9737221520877
35736.33905469152,33,4,1,312.0247423432362
54777.81507198312,33,3,1,296.1909436019205
35124.550048395344,45,3,1,261.3360395724119
40506.79587672812,33,3,1,293.2115084055443
52839.92460938561,63,3,0,165.95927077675478
54458.66410070186,63,5,1,322.87432807849495
32161.513023843065,31,1,0,129.6064729524624
65809.78656774314,63,4,1,341.38471820945733
58580.094174507096,61,1,0,163.7419079833847
39429.073465836744,55,3,0,98.10454112826827
26936.22805326237,37,1,0,59.77572030208354
47826.43131377853,62,2,0,161.78288085890404
43310.8442920826,58,1,0,145.6718496836966
51697.10685579534,51,3,1,288.9257523282805
44553.250082666505,46,2,1,310.44961408606554
19888.14708882485,20,1,0,113.67728928303688
44174.79592548263,27,2,0,125.79979501007621
45415.713333975305,37,2,0,151.6398381259263
59504.915371610885,19,6,1,344.1165361469057
39527.004880834254,44,4,1,324.80654344096536
75180.1201005885,49,1,0,163.35323337419422
21325.391740223644,27,1,0,104.27935640748782
69667.51246703937,57,2,0,179.4830568684977
46635.215436828425,34,5,1,298.8205683790289
62893.77308515334,50,1,0,121.80187958532986
51197.022260881,23,3,0,127.57238008819405
67093.33304038204,56,6,1,371.2580018310588
44189.57053170783,64,3,0,145.15821910622026
33520.693622332816,35,7,1,288.62851932951725
71307.56430906594,26,1,0,94.88126753067459
48297.79031176788,25,7,1,330.6939522163457
53323.37710436316,42,6,1,354.936707671021
68521.27871067193,48,2,1,297.77116574881074
34520.67136858348,59,2,0,131.12562614840263
58932.36346458886,21,1,0,115.13265998261429
41151.57865305664,37,2,0,121.64120198732026
48017.45966533442,45,2,1,281.1127619545867
51084.184480764336,57,2,1,280.0028116955198
27496.67207829596,18,0,0,110.94180227422365
38317.44435769348,57,3,1,306.75547484273795
70266.09338619708,61,3,0,157.06389488955972
63292.86782877194,40,3,0,150.31247324764664
49060.406340091475,64,4,1,314.54523960242255
53646.85187769339,30,4,1,309.8733699146479
45586.362415453135,33,5,1,316.51654526731147
70348.75078741973,43,2,0,154.3084021307845
46994.71133308754,48,2,1,287.009890608184
53477.63138202272,18,2,0,137.7189014026263
67190.45216213097,34,3,0,154.04100444536414
38339.4277273114,33,3,1,310.22552219182074
73381.83776745341,54,1,0,179.54461700634718
27043.078853849347,27,1,0,96.34785896302796
74444.63196669199,55,8,1,405.57985549132974
44409.86624072038,61,4,1,324.08133983941167
46359.51878262078,48,0,0,128.1278460503503
21649.847432255858,27,5,1,314.06314387735193
43178.079239334606,51,2,1,305.6426861521962
34402.90203459674,23,0,0,116.09814181591992
40885.30481939791,45,2,0,109.41241659784158
47940.33551316681,45,6,1,329.0827456646026
64366.87421709359,30,3,0,144.42963029751692
53114.050271009386,58,0,0,103.886059152282
54615.149801016705,29,0,0,85.80563178176875
33567.20916731657,57,1,0,136.34633107325925
36788.68865595905,19,1,0,110.2638022038906
76980.87527526967,25,3,1,290.2387158052174
38971.9844785513,59,7,1,337.83469964255255
74843.12378085943,26,6,1,337.1426475892851
46354.082016787004,25,3,0,117.90840230190098
50034.31904215256,20,2,0,144.27683367306008
66055.47740344895,26,3,0,153.73253169714897
69078.38632907985,30,3,1,332.72524854827964
48337.811595813684,26,4,0,140.2017737733303
44176.354197176915,48,3,0,101.62717778562923
49161.193272166805,42,2,1,291.7614864317924
55069.36292348178,61,3,0,171.45904411926563
63369.555303046334,62,4,1,330.9681578135552
50063.447884912275,25,4,1,307.2753746927626
59283.294470347304,64,2,1,301.37097380050034
74575.39598406412,48,4,0,184.27374191360764
55719.64418397177,62,5,1,337.79709805098355
54674.79284007168,62,3,1,332.8071888637179
27216.337623648982,48,6,1,307.2336983495083
10539.047947564046,34,3,1,241.62118262090078
55825.63593845253,64,6,1,337.3508940238035
48577.63653078691,36,1,0,123.8064866219911
42278.25987627887,20,4,1,266.00294605484635
53652.95306279517,63,5,1,315.8209910066594
49093.94406204637,47,4,0,161.31714954688186
66916.70375950847,27,4,0,204.3377972428878
51291.66302388467,46,2,1,309.3836442990671
38796.15072394749,57,2,1,284.9152364106226
64852.49358438933,35,4,1,303.0228835743745
46743.03387580696,29,1,0,92.19292410981383
57898.05025508461,40,1,0,159.24502017243077
42838.839407108,28,3,1,302.57743009095276
40252.59671753846,26,4,0,154.48335927130893
51262.52345278544,41,4,1,307.1629933256647
50192.429653155275,42,1,0,115.424149546063
57197.405530502496,42,2,0,122.97923786836182
45970.313700353865,64,5,1,331.37451596321654
22454.60324344404,26,1,0,67.60327599628722
43508.39174617417,29,5,1,315.26007282753557
61907.27700715723,28,2,0,145.47657611574448
45539.358811353406,55,3,1,302.30339856485944
46304.24896228178,45,1,0,127.25454260851097
64795.647588589054,25,6,1,339.0875890677551
39320.401591116155,27,2,0,147.69188815115714
26857.951726356503,42,3,0,127.59665260460542
47590.53320711759,64,3,0,156.5979163780207
42737.39073126894,53,1,0,130.3401685192629
35506.30520370119,60,1,0,118.33039539751447
47369.32316151964,26,2,1,256.5310322551922
57372.584708701754,58,4,1,336.9701249181773
49860.67157648276,25,3,1,254.10808971624604
54604.716090293565,20,3,1,287.34027219525115
77201.11547773135,35,2,0,151.5476243242509
44856.81707663654,63,1,0,106.74994354886677
54175.22951967004,52,4,1,342.5588590339807
42361.79956101298,34,1,0,114.84617394960236
37304.60420169541,53,2,0,142.08145759256647
41226.38519873345,45,5,1,324.2562122711504
42818.62142717467,32,4,1,298.1941464129502
55392.13696320688,36,5,1,355.0825002192308
85236.13680051136,39,4,1,353.51785612076395
39259.3484558624,23,2,0,127.89764578583083
43750.62041576806,64,3,0,174.60395344661038
49053.15480333128,24,4,0,150.97965806012246
55936.9827306462,61,1,0,144.85694860586895
53953.26217932178,26,3,0,163.82261214197476
69261.43690922175,37,2,0,149.3264406862251
13604.11894197188,54,0,0,79.99302915435442
14196.051947064909,28,1,0,66.94254178625536
42561.82741984776,19,3,0,115.47675410000915
66459.50281315563,39,3,0,168.436990936607
26515.279525916056,53,3,0,172.69790857964648
4885.514904593641,22,2,1,220.88695557906252
58567.69109328813,24,9,1,363.6135651802667
53654.85835554072,23,4,1,313.58962578497506
33646.873898008555,39,2,0,109.92559196191135
35216.90598918605,27,2,0,130.36444264269718
35453.84420547988,63,6,0,153.9496300659344
51658.0297621091,57,5,1,310.7648929267395
40605.270857254895,63,4,0,158.6319114276248
57410.95878463279,63,3,0,145.52675499986384
7180.6000564341375,37,3,0,76.77627768349502
37147.22202308301,45,1,0,83.51231181802376
33109.19058633425,40,3,0,124.98127484937876
46154.88982441262,52,3,0,195.1393217763417
41929.28362264792,18,4,1,312.19450190866905
61967.6566984365,46,3,0,129.19267634988086
22109.948425099137,26,6,1,270.4690789828539
50682.37214496128,26,4,1,294.639320991237
58375.04634817559,39,4,0,171.02956527095355
77849.71154842932,19,5,1,339.5880237945248
42773.51043359787,33,1,0,114.51513093130397
54866.87906528776,57,5,1,324.50862993099
22942.058111564525,23,1,0,63.08048992237056
14120.656935304643,30,5,1,261.7286951226449
62671.6156367255,50,3,0,153.71212557844606
49916.595595278945,36,0,0,77.0606064533479
67677.69034697633,32,2,0,134.89791043091714
29398.956665453763,50,2,0,150.66007008703244
57798.53209293129,27,1,0,124.97294615797108
78032.2676081578,18,1,0,153.61876963478687
56295.58412535899,29,3,1,333.5393360779585
54148.72258386573,60,4,0,203.7975201278383
50128.341212365245,46,1,0,109.68195393455436
26436.778143111318,34,2,0,119.74991583854997
70333.59403565522,21,1,0,157.8546747877608
40837.13540292402,46,2,0,118.08127493920739
57567.24884574526,24,4,0,168.68838209515806
26554.485401431197,61,0,0,105.07620806724046
32308.105032383293,30,3,0,137.3208412645964
71526.31098833353,22,4,0,177.08864259927418
44790.46566563236,23,2,0,145.3784936267065
71799.13214063816,51,4,1,320.17821408874886
48826.54011412223,24,3,0,145.74345930959717
22371.53340563214,63,1,0,147.10646209675073
63381.01399597581,45,1,0,156.72441494940904
41151.615233665885,63,2,0,157.89960320404623
60480.33220275565,27,2,0,122.02136445797959
50378.163013101235,21,3,0,101.17298267878803
26853.226580856946,20,2,0,104.8991113070368
52464.421480558536,42,3,1,325.6539180001433
82943.347132292,40,7,1,365.56477744877594
57394.796877716886,44,5,0,172.66113209051454
49137.23370491805,31,2,0,117.78341839635972
66130.15102935347,55,3,1,312.1480457148673
53160.02697804666,49,6,1,332.09537056399813
53143.013453941916,40,5,1,344.13655477807583
33625.622417613464,64,5,1,343.2338501040464
53507.720386843976,57,2,1,287.6774489630945
65531.65124625417,54,1,0,126.43907066660074
37459.06771849963,20,4,1,275.1605421220065
71367.43731870421,52,1,0,157.04191786061386
48624.40963782311,30,6,1,332.0163384030106
36683.45732692189,51,1,0,102.45214350490329
64964.48115380367,41,1,0,195.4688404097396
45698.08646392596,18,3,0,127.55924839852715
61392.723312291615,29,2,1,297.548458660168
45623.62051612194,25,4,1,306.64764300165905
49102.60784705145,36,4,1,285.48859895191396
57403.403065014376,26,3,0,172.24462147735957
54363.45586385009,45,2,0,181.65311128058488
20067.023293223923,31,2,0,88.4660698375711
33181.34389858412,44,6,1,331.54653326606575
63941.149771862234,35,3,1,304.1460192433371
48017.95116647679,59,8,1,347.75528375861126
42144.03045842867,58,0,0,118.73218380029219
29621.389771137885,23,1,0,100.96986683183603
33803.95518086228,50,5,1,315.9429024663679
19673.02040057079,54,4,1,301.64021801116195
48480.78921947701,59,5,1,322.3766297282042
41023.4362912843,42,3,1,291.1202548138087
35501.18163522027,30,2,1,298.27294509882773
48978.1486224807,40,9,1,341.46784224624207
55459.55946279107,53,3,1,320.5379588353913
81397.96898314917,50,4,0,173.50413380281861
27321.748706551796,38,4,1,300.5268606465273
67390.71564950782,51,6,0,199.792118321916
64596.52341522608,53,5,0,182.9285075956081
38313.608909349496,34,5,1,276.28657686976544
53048.53931879046,27,6,1,329.02994057297104
43135.50125993577,40,2,0,132.19528418157364
52785.328706281085,61,2,1,314.2913925643197
72636.96520106826,19,3,0,141.89095520252977
59084.0934894697,52,5,1,362.94722420361364
57629.12559850163,31,4,0,150.92068386388263
43545.36020068036,64,3,1,286.53537305010667
27739.150026134972,62,5,1,323.6497684481061
46872.976841893884,58,1,0,126.420697907754
68099.12232295872,19,3,1,339.2024428374758
27092.482151155287,36,1,1,226.1194798940822
34173.659477349574,33,3,0,127.14812354089369
51894.01604351102,60,2,1,329.5083209625774
35230.178227291064,61,1,1,277.54994646525716
38112.148293271806,42,2,1,261.3331018871913
43646.02127407734,18,9,1,344.0185126667168
29515.73893714776,19,1,0,97.41604847791699
35388.17230675447,44,4,1,319.1056198901444
60551.41875180963,19,1,0,164.90774354200954
30389.45326653554,47,1,1,259.6133429545337
26031.917982577434,27,4,0,124.53807046334376
40549.625306991584,36,3,1,280.24953744370555
60979.332537647686,59,4,1,335.43116510776827
47046.17288004666,33,3,0,154.25092780089713
43031.283828265725,30,1,0,124.43165258992543
50665.38196273411,25,3,0,116.45094375809813
23814.38850710522,48,3,0,106.41432178345013
57420.584806625484,62,2,0,184.37791958759968
55751.525471054665,42,3,1,280.87475491807635
43860.37288856418,56,1,0,122.3816116623153
65088.86767694625,38,7,1,391.9154306644761
33087.55851570442,55,2,0,132.8259919227504
66918.63489880353,58,4,0,188.18707480210364
52317.40498392877,46,2,1,286.68612628749156
44951.7111518274,23,2,0,134.76419560343248
49701.89546947533,35,5,1,336.49881128473487
48391.028512835874,61,4,1,326.95562362178094
68304.24344626575,52,1,0,149.93622351850416
33849.813087934795,44,1,0,108.9111556727477
38562.21141280103,22,3,1,278.91145152049353
65544.54338108719,24,5,1,335.70331925434283
41066.975972242115,27,2,1,231.867975545312
63507.996159973874,27,5,1,335.6192854992978
75491.53974513065,45,2,0,185.28720627225456
43973.07459587549,53,3,0,145.74677186562437
60220.43489862958,27,2,0,130.15517448486088
32694.615779902124,52,6,1,300.83516107505375
61320.99947101714,52,3,1,277.9138075535306
52991.35978980151,54,3,0,160.1278854021408
57095.574232403225,37,5,0,181.15099587309894
40316.41891946908,30,0,0,121.71841749205218
25083.748766492412,28,1,0,149.1537891480562
57548.78097124257,62,2,0,160.34918088196326
19048.952712808183,36,2,0,128.2589244872611
45239.742616361975,45,1,0,95.47853023975813
64117.727996299545,55,2,0,152.20972281229035
52878.46603809554,62,0,0,154.10440729842273
79225.1396718472,21,4,1,332.6298075134727
65376.637288726604,54,3,0,194.84115450802423
40191.524175116356,36,1,0,140.13214225845667
50409.70069777158,54,0,0,161.5136980701604
49289.43946183346,31,1,0,139.69100745492028
26267.34854980809,48,1,0,107.38541970262634
35894.0162527347,45,1,0,136.10965959741236
41588.586395302096,53,1,0,108.37010196858557
19456.692457160952,61,6,1,352.3946442900156
50712.402023774644,55,5,1,318.50110727540454
46263.92233020439,36,3,1,293.9148590275287
24906.591480326388,59,3,0,140.4480200363321
56063.19297915998,18,4,0,168.64898191260247
60738.091170364394,40,2,1,325.47753690609125
53405.51718297333,45,6,1,320.23344453024697
45138.97737186545,21,6,1,292.0356940237043
58871.63227627782,58,1,0,130.89717954771282
60203.305407150365,35,2,0,151.53501978855903
54611.05354579532,64,4,1,340.02700105591725
37630.816243478585,56,2,1,297.9332908913628
54149.01148266771,42,2,0,152.00272780331218
67932.20976238218,35,2,0,161.7363801947718
41050.56412082405,23,3,0,154.50849034987323
81469.09008698647,36,3,1,346.48980040997645
42115.535990219236,29,4,1,268.2995642316143
50486.10520010204,42,0,0,130.67404655819908
39912.71605990495,52,2,0,148.00990434770836
53349.06253880391,18,2,0,117.953235254491
23866.674610470873,22,2,0,120.92039823460897
41809.37301774918,18,1,0,109.75678398536124
33618.18199477149,25,6,1,320.8238866863706
52030.075218384365,56,5,1,304.19883755805984
64916.71063263361,64,3,0,155.4510791022746
59690.09280671827,60,0,0,159.77498898202438
14425.109587116618,35,4,1,288.1276287242698
80631.0447939182,63,3,0,150.32891997534674
54429.19910931303,26,2,0,133.92238390217273
38352.512892604995,22,3,1,231.22588573999553
52356.918784864116,21,2,0,172.82849262037246
52642.847337540385,61,3,0,152.5487587600092
39997.269245726544,46,5,1,307.08300612410903
52968.75001013113,18,6,1,307.46004404044464
40887.91568569539,47,0,0,107.6986998457174
43934.570109649656,62,2,0,133.2330000144529
39705.81296367373,18,2,0,142.61476699660815
28509.93065390521,20,3,1,265.15701734115373
52187.54705323076,39,1,1,270.36268736043866
58779.49154774507,25,3,1,309.92493714125186
57723.25394114558,35,7,1,306.235501400868
62298.87878952851,42,2,0,140.86746878580428
54865.103150223025,37,4,1,308.77591093024296
42009.11752674645,48,3,1,273.2103193030706
62594.95796646783,47,1,0,156.9163004087954
29637.236902370976,33,6,1,304.8385363914749
36489.9292623128,19,0,0,107.44423296527879
35536.99892865133,34,2,0,133.4802884979891
66200.84088708965,27,4,1,348.4460869674963
64141.827712101134,24,5,1,306.7524878338779
57309.578555674925,59,1,0,165.92423868425504
66078.94797817696,26,1,1,278.49131616838827
36810.75826382018,34,3,0,136.00119732447715
55228.926797914704,26,5,0,177.38018258661472
48122.38357425253,26,2,1,302.65184590220844
62703.23155827371,54,0,0,141.36385094018127
48271.636511717035,41,2,1,307.711706400723
44225.856673848786,56,3,1,331.31662763683187
58113.62777841485,28,3,0,144.80736791748723
63142.53750786849,25,3,0,149.99779366767572
39974.82207729798,42,1,0,104.64493986681111
49083.86492971436,63,1,0,129.9899704222727
34123.390495375206,19,3,1,278.3209526319854
12529.08473760591,27,4,1,263.13347494242635
53006.89447120594,41,5,1,319.79817815010523
59133.58034381948,33,3,1,311.8968054108786
53931.002136300885,36,1,0,127.6370262402748
20756.574233684492,48,3,0,96.61757940220642
44737.25854885288,28,3,0,121.28185821871286
16724.78359923378,23,4,1,276.12980692086205
70545.51661481278,23,3,0,167.97365014176265
33709.18126822871,49,3,1,271.4047261412668
68831.05414189845,56,2,0,154.14842813385826
64188.04465526219,30,1,1,275.3424899564384
36491.144711959074,20,4,0,130.08148755479039
33008.225730983824,58,7,1,349.7692631498017
55255.553245795076,52,4,0,203.09671053402366
37335.13944225393,55,5,1,319.735145264735
51537.269632373114,34,6,1,358.81552711558936
42757.58613789622,20,4,0,135.5967695663397
23282.6237830155,51,2,1,275.9262856773999
16542.979713133114,29,3,1,256.4898273923346
53400.263727418955,41,1,0,147.64298216958832
41576.63380504062,23,1,0,130.1221753449608
41703.65274628802,59,3,1,290.02518707835407
60437.95758640678,28,3,1,326.40191683043867
67601.63414948666,44,3,0,159.1642687347352
45911.829179572866,41,4,1,284.1200393618882
44891.01939635208,35,0,0,134.0339462252429
57502.14549670825,44,4,0,176.2035492163938
29645.96645450637,58,6,1,321.9242202314763
53347.295821215455,38,2,0,148.69688973440222
58278.28957733231,51,8,1,357.29516634015135
60203.45312626444,50,1,0,157.37990277918723
20948.709462463026,35,4,0,103.27943361850423
38579.67095286589,20,3,0,167.24515096746563
36826.051207648,41,3,0,119.79580704007196
51498.304316138194,18,5,1,288.0387926380406
57211.16869651976,23,3,1,311.62080057321384
72450.65611168972,36,2,0,141.51865570999058
42575.5177944789,39,3,0,160.10128864389995
42536.41252536179,60,3,1,316.9801347053308
67245.0802831812,25,2,0,127.22109365462823
54448.654077954576,22,2,0,133.42150670852863
69014.7726678196,26,2,1,332.82609588295406
54330.92004514755,64,3,0,156.6529213616944
32643.250719300937,38,6,1,296.8626438496712
30003.0746783329,45,5,1,300.16099143163746
26727.316264116063,63,2,0,138.67295212648082
59930.777521377095,21,0,0,110.98269356132393
67828.95234630513,41,5,1,323.16371884119553
77740.43212079571,25,1,0,164.1690655561009
62646.579984848606,34,2,0,188.40169861088475
67442.57866302479,51,4,1,332.8755216109291
41299.75501019473,37,7,1,317.82599404758645
32653.76274884215,33,1,1,254.0532967560385
62751.1899862633,27,2,1,265.9127265712086
56265.21128359101,51,2,1,300.9018475915947
51611.66561511339,60,2,0,162.43294209171967
55810.57220949485,27,2,0,126.73898632231113
54847.782236873085,47,4,0,136.1141004476538
69257.25289780342,47,3,1,340.957622766625
69424.78377225433,42,7,1,330.16883290498834
58163.305285105205,63,2,0,155.33984211138682
62687.04308844393,60,4,1,363.7444797341314
57710.93828637164,58,4,1,334.16309922142494
43082.45401948072,24,6,1,276.27898019117146
61348.4701236971,64,2,1,289.4529979633099
29082.573967111075,37,3,1,261.26312732054
65808.37328443825,34,3,1,289.85992109292897
32082.155903509472,20,1,0,74.14399692642706
54287.049301921,64,1,0,125.40169664495367
37322.69062360762,63,1,0,141.27334389315473
58300.8347461164,57,0,0,154.2983496604616
49491.12161108137,53,0,1,242.7941415527735
26078.660627550013,43,5,1,340.01920873613034
56310.49446527718,27,4,1,327.89387269680446
41331.18834750934,51,0,0,152.32117296466305
63217.200812200535,31,4,0,146.39349134861294
50019.88533101611,25,1,0,97.63512482451858
55931.31478082057,44,3,1,325.1338396354168
35636.465674771825,27,2,0,128.58089518083452
41160.01652858957,32,3,1,294.50847380378934
43120.420458483735,54,4,1,303.6967016772446
62850.537203638334,39,2,0,147.78651063889342
75160.65631708234,62,3,0,203.36980752136162
37922.42372385686,48,1,0,109.01403457108614
66152.7221698652,19,0,0,95.34297916051364
17454.83873411447,62,2,1,274.878224840189
32087.15898361566,48,1,0,143.43324112305896
35618.32315719838,31,4,1,261.2352480582461
29712.369658389165,27,2,1,262.5967754606146
26246.1741531863,47,3,0,86.49895846276095
56194.983682066966,53,5,0,205.7449412537807
46788.984534082076,64,1,0,120.89049223212122
55691.080964076646,57,4,1,324.4617518131135
60357.09029182269,32,6,1,337.49819554858254
53984.254897588005,31,6,1,331.31057270755764
59866.4476422556,48,2,0,164.4158973913873
48957.01570636596,46,2,0,173.0709158750165
32195.09917541383,44,2,0,117.69747538283416
65867.21271231194,38,2,0,150.40319100830536
41163.318008283095,26,2,1,251.6587113420694
35966.05551856361,37,1,0,78.69452031628096
47331.23186293403,52,2,0,131.6543025821916
36307.836210552305,32,3,0,140.97020317596383
43738.54427015852,41,3,1,289.5307974202292
55160.808823452,33,4,1,337.7796771455522
55225.126088691904,53,2,1,301.2219929078293
36532.54900361556,28,3,1,309.11653853532664
42684.41940576883,25,4,1,297.84425960298665
66114.99507155365,20,3,0,145.07794010025594
57446.00176600912,36,4,1,289.32606100356884
81125.97559022813,63,4,1,305.90112258677925
67701.92260612291,58,4,0,173.17031055906335
67164.39602839909,20,4,1,330.947793119728
29181.971743162972,53,1,0,106.97993912569854
61457.90527450134,42,2,0,133.241921245561
49203.397974546344,53,8,1,353.4710669936524
41735.272946926256,28,5,1,304.1177949231267
52520.230107987925,33,4,1,299.3515529653071
64178.17301917225,34,4,0,182.078383463887
57512.47386506318,59,2,0,152.8596645804996
36822.8929798691,41,7,1,358.0492249813276
61136.8837038893,34,2,0,138.00254483420355
40436.18686886054,37,5,1,294.8753492249525
53250.246784464296,39,3,1,296.66102424151694
45449.748987842984,23,2,0,143.14322492425376
46717.00622396561,24,3,0,149.10070168983327
61493.644625607645,31,1,0,126.20915585199418
34397.09420276153,28,6,1,288.13985773874407
79177.92611415399,29,3,0,147.0481329363616
22683.708960582553,63,6,1,290.7652474796755
41034.984751177144,22,2,0,153.2005895667939
55553.178349126116,22,7,1,320.90184116049574
58764.712496529646,37,2,0,131.26402441394546
48492.86419142442,32,6,1,338.82647490088294
49139.13945497687,43,2,0,140.70339803453922
56158.25127991425,50,2,0,171.8019834363631
46533.9578381348,47,2,0,165.8684110992184
70897.71886902359,41,3,0,193.90872257482408
62590.236713474034,40,4,1,312.63148888684725
63092.36526508452,26,2,0,94.70668702784015
35507.64914944374,20,2,0,83.27395360692786
48809.173633914455,53,2,0,146.77719076612658
45493.010769189445,24,3,1,309.4917095939301
34915.979364658015,39,2,0,105.65097929195954
55402.46275918651,31,1,0,139.21743542847645
41935.31363330275,46,4,1,296.69736183439846
59831.057447753556,33,5,0,208.8324691833826
33947.126556585026,51,3,1,278.22199155379985
75785.60919262731,27,1,0,165.51911338270537
36555.01012111907,24,4,1,285.8055959560905
53289.53505800654,42,3,1,310.2873417508202
61877.88965582101,44,3,0,153.80021053073997
41440.39354699831,32,1,0,124.20531002346615
62787.02965149426,49,2,0,116.60921154860486
31562.246032993757,45,3,1,258.00498850690394
71781.7654877384,26,3,0,145.2746507226888
50212.238974486376,24,5,1,324.61421140650816
41053.828880466805,33,6,1,310.6267873464184
45512.27341358848,43,5,1,272.1668330312518
62133.78904089079,52,1,0,148.49361426990916
41233.17062224343,34,2,1,247.92003980429593
38759.63465865834,40,1,1,286.01488806562
46676.951036243925,25,3,1,299.39978869696097
32345.568308450478,19,5,1,262.62174956690285
77308.15861912724,48,1,0,169.34815045165124
41504.08113177915,49,2,0,168.37761955541376
62474.251792706054,46,3,0,138.4473254587476
53142.051254716585,20,3,1,295.0153253349455
35231.989242770476,25,1,0,112.53966717221846
49910.67936180906,19,2,0,117.01567643479284
61760.04168966122,48,6,1,351.9029471666562
47176.079973705404,54,2,0,132.97562137716824
67896.69418776542,37,2,0,128.91843948289974
65322.73089172796,46,2,0,169.79678802617437
63783.722819874936,34,4,0,159.85451645690287
43105.148415905045,27,1,0,91.50808608002751
33802.36328327769,58,4,1,311.61408423559266
40796.185919558084,39,6,1,324.90799347503685
52943.61411000081,23,5,1,345.1256224214858
58186.80070298533,60,2,0,168.02300430194813
17426.428928593286,51,1,0,94.5449104435442
49878.30197582374,48,3,1,317.1527174534245
52371.338379847766,29,5,1,296.6746492624352
45836.83615526673,29,5,0,189.58362304958357
69369.10758523818,33,2,0,144.13449491677588
56326.70111376306,42,3,1,273.8403308535738
69652.87862121346,39,5,0,177.1415858250789
46760.59219474652,44,6,1,318.2354773605456
64062.16238760387,41,2,0,172.9925737686446
74525.99591791279,29,6,1,328.30537343067124
69675.40173908992,35,1,0,137.54638948043655
33617.876098569,62,3,1,295.3931137364105
46194.85883686429,64,0,0,128.111784076993
44822.529418253056,33,2,0,163.02026625728865
57338.818026144916,21,2,0,150.48780351610512
60295.303325217996,29,2,1,278.45958797534297
37416.60988961396,50,0,0,125.47030998356813
51017.57770875406,39,2,0,133.44855184535217
19701.090017657953,35,3,0,152.3306975383158
71629.17508702834,50,6,1,351.61887376437306
42314.3863898496,44,6,1,339.50243237878516
50837.95909766745,59,2,0,172.1908615923602
45355.25429017908,36,5,1,307.123609396712
67190.41362520122,31,3,1,310.0226614083579
7437.403379039315,42,6,1,279.82735866122937
49750.844865111365,51,4,1,327.9037447038234
48412.71863753453,41,4,1,358.4800997760614
43195.454186124756,55,3,1,312.3639041479204
75893.39818453448,40,2,0,172.8296090596053
36690.05811716343,22,1,0,91.92028230426729
61576.942658534914,61,5,1,363.5534990090974
55343.79183059125,53,3,1,315.39145162530303
68922.78878803275,41,2,0,205.65685218286325
39992.163728337415,53,4,0,191.08923846161935
39005.46651314362,22,4,1,292.4208235043116
66441.04861216099,56,1,0,160.9939132463781
56379.819624951655,23,3,1,297.65654196722693
26825.93979984862,62,4,1,278.16755533248437
41910.42478305094,53,4,1,324.2148455710039
55795.739807720915,62,5,1,332.61379103267416
62566.46332319884,21,4,0,205.6483859595309
39811.54020210567,27,5,1,304.68157126946375
6286.160152745884,18,3,1,220.54647175968339
57848.3477860555,38,2,0,155.80421808973972
31695.189650840362,57,4,1,317.1843258190348
19739.91802816383,56,5,0,158.65308524580024
7515.1111252378905,54,1,0,100.78737625244545
62209.712902966116,20,6,1,329.67773538241875
51929.2617560745,64,8,1,369.4134271074093
46615.154289316226,48,3,1,304.11189595347645
70835.36544444143,44,1,0,130.16069037816794
59559.87024534609,34,2,0,186.42602660977752
74244.50064082874,40,6,1,360.50310421120565
29108.967917495054,30,3,1,274.6476433915652
49481.74064069055,64,3,0,195.21752351462814
25749.299375779785,44,1,0,80.02698646170477
46559.265022167994,37,4,1,349.8904459638802
46270.76219349984,63,6,1,322.1017686019027
59399.20455894606,30,0,0,153.3684809651168
50683.45821712847,61,4,1,301.7989517479648
59351.107074198735,41,3,0,141.90669049707276
60551.60199708342,58,2,0,171.57577907209273
82323.93016074713,20,3,1,326.66775230667605
45270.550170708135,60,3,0,136.66648552131488
35884.65949000431,27,0,0,82.55131565327088
53691.25422974613,18,3,1,284.7507385307928
37965.79959290685,30,6,0,184.95030128424125
72229.41152654804,31,6,1,353.54676964122126
45751.72941582151,50,5,1,331.9557133451185
41516.35448189014,19,2,0,110.35652476580535
42930.26418273323,19,1,0,121.92074590262567
60776.261352074616,56,0,0,111.11541494252674
47633.79525152772,58,1,0,119.51273404811435
40374.997698044266,48,3,1,313.6424108264309
74980.27876435296,21,2,0,161.7209307663454
37157.45239007375,51,2,0,168.99207254998575
50533.491110494906,36,1,0,141.4822708029984
59784.59227415346,54,5,1,311.602803756128
25529.973343743903,26,1,1,264.74119848338864
57203.90752108888,41,2,1,271.27612735288216
34173.38486779326,30,4,0,152.94919725692515
62341.74171251003,61,2,0,157.9155239391549
35560.23482121536,47,4,1,285.13418242159815
60391.535477732905,36,4,1,318.8130466942514
66587.4959944207,58,2,1,291.8542966296989
62921.54788449207,27,2,0,140.08777365648552
53769.749723571535,59,7,1,311.7871487524576
46530.48585605451,61,5,1,348.78538339102005
41353.706354977345,31,3,1,292.84958453088746
72065.52036225656,57,3,0,177.6040348354423
39507.57169748535,37,4,1,307.97954994918916
34444.00889645006,21,4,0,112.2952445374836
59980.53402549245,55,4,1,322.51889407649526
38057.947952202565,61,1,0,140.65727273871462
35749.04753800809,56,5,1,296.8510257964746
28345.936067453527,22,5,1,312.9753423704711
42756.352408092236,59,2,1,287.78804366796436
48759.274641552605,49,3,1,267.26251541655614
53646.37591491048,23,4,1,309.9745646486826
64269.59366449225,31,2,0,143.72057795511606
57903.4688549869,23,3,0,189.22763163872045
47136.9167067023,31,4,1,297.1019185661076
47027.064854304204,29,2,0,148.3807059195231
57652.36203372775,44,4,1,311.7325078818775
69088.55244392855,43,3,1,288.5070133062634
51894.712992248,29,3,1,302.36588466950997
42963.03718684387,25,1,0,121.88786270219556
35107.009983716816,27,2,0,137.2149840710108
28321.921033816616,33,3,1,240.55206110017153
59994.045080652846,43,1,0,151.36911293856028
58669.677854593356,25,2,0,149.75152240015024
58660.45287659993,58,1,1,304.6327420394976
48070.108304719164,62,1,1,238.67493977510557
71104.02118837627,46,4,0,204.50868774508226
42738.22258122773,37,2,0,109.64763366246689
64329.038558108085,34,5,1,349.4373641371027
49418.85657515685,36,2,0,171.8483608774667
40874.73852980994,34,3,1,303.9489305676697
58887.95460976642,56,3,0,172.02140896088477
56144.541780259904,18,7,1,331.56948497026633
55354.591389003894,46,5,1,331.4043312496533
51219.17633084298,31,3,1,276.24908224791346
49431.60377424754,34,2,1,295.0658942415644
85825.57989305658,30,4,1,337.4835509425357
67763.84967794259,46,4,1,307.618917233348
60842.40342478268,51,7,1,337.0555959742197
51676.987373050826,44,3,1,302.9728647806526
65107.35800895004,63,4,1,310.2511697360491
57769.92164587178,50,3,0,163.7322019161201
50393.07129161053,46,2,0,168.32891006083165
45446.53512101127,54,3,0,156.24907308074467
48786.239935059675,56,2,1,293.00509981949716
2443.6139618291636,36,2,0,74.90398533276553
53159.012589464626,63,2,0,162.96786622965126
42672.858798344605,41,3,1,263.53401419032184
73890.04997424326,31,2,0,157.34264785274266
50290.16106217632,64,4,1,324.9516016617372
32165.548706975573,54,1,0,106.45114078108053
49251.79768807824,22,2,0,135.7607095899126
34308.18372406244,41,3,0,173.73189765850145
57101.111235687,51,4,1,332.7250616533169
54364.21046509228,48,0,0,152.1103295484447
64367.59446662401,47,3,1,334.90085203585477
38136.77312458152,26,1,0,140.8063316473204
50510.121443422206,44,2,1,283.08228841928633
29524.67306860047,45,2,0,81.96627916826864
60522.421728870715,59,7,1,353.8907425652206
57783.06770660183,43,3,0,140.04113921676768
57437.07531541356,35,3,0,144.37394976003787
50024.285470354116,53,3,1,291.2951804510027
56221.59336183187,25,3,0,158.53307177823294
74065.08662462895,35,3,1,349.9880766704167
45723.586144369794,37,3,1,317.6364027539016
52079.67775565127,49,4,1,314.6169349536583
33708.10551227885,46,3,1,249.87816889457704
36976.08557602501,35,2,0,109.02562059139845
51467.199396399614,24,8,1,314.5513414833618
66559.0032005286,18,2,1,294.2972618487024
46155.787636226414,45,4,0,173.85646519536672
46461.25206031814,50,2,0,183.62427887894347
43896.721332434376,21,4,0,146.19066098125327
41978.649937335154,37,1,0,76.95801642471035
54424.57183563232,53,2,1,269.69985767660353
27541.135322320333,48,0,0,97.89174509746661
69214.09365000091,55,1,0,194.54662571663727
40018.66552805809,45,1,0,143.32072135216993
60828.55228157212,20,3,1,266.04072520273854
30950.021039091862,23,4,0,102.11068539148577
60032.60195819327,62,6,1,302.188217491302
60079.16911721746,40,4,1,333.5140704860481
55763.03108008845,24,6,1,314.9220758673926
35083.572173003115,53,1,0,108.24060691765715
53743.222843971154,18,4,1,322.2523712690008
32254.157228984164,23,2,1,243.44475355935361
46208.55117355722,41,6,1,307.412164775754
65441.19651432989,54,1,0,156.12397439090225
61950.52890606113,62,4,1,329.48230107349247
50227.7441381065,53,1,0,154.77235904673947
35377.901361157376,41,5,1,284.5848678235221
59683.8156826129,55,4,0,182.6929816561362
50290.71856547038,62,2,0,141.92069453330262
15195.26602654365,46,3,0,114.3883066102913
61739.44739474777,54,4,0,174.8041508157449
49636.50749195462,62,3,0,150.1082615300846
68036.76871974609,49,2,0,179.2310216721446
33570.94221735793,42,1,0,117.4595944571355
2349.442802059988,27,7,1,260.1977211067415
54186.25787517778,52,3,0,164.2568222979751
54373.455150229594,42,2,0,137.14921164957718
24639.92558590322,44,3,1,267.00664119203736
35322.5068120009,62,6,1,339.39208262342623
91328.26615579853,49,5,1,360.1694127890877
45415.84078769295,29,4,1,302.4268799661234
60964.384645643244,21,1,0,144.08971903599013
40240.10258947425,59,1,1,279.12616920737906
18645.45651720265,43,1,0,53.03016499334748
47446.12629806142,20,2,0,147.54650429560127
46015.931595708425,34,4,1,264.24350316448647
44001.82641997443,26,4,1,274.37995917176346
48280.387467404114,46,4,1,303.31473239048836
53964.024074684545,18,7,1,331.94326339190053
47748.2457311929,35,3,1,262.2638869181005
31039.907480789545,58,5,1,314.18427981202376
57292.77187342908,37,4,1,334.19502420321396
20759.42367016365,58,3,0,125.0257426872067
19244.638140736995,51,4,1,277.46986196230137
61087.70742052352,45,2,0,176.98124918769935
57605.30408203035,52,4,0,163.62903668866755
49139.06952388946,33,3,1,246.3706153754171
29068.27242867392,38,7,1,323.1321342710379
39381.33588988887,30,5,1,293.48505947910917
46058.79878470244,52,2,0,128.1561484846694
26061.5904713883,59,2,1,307.85063154006616
38914.5701296515,49,4,1,283.4992486337801
59784.9550726502,55,3,0,154.21002665931726
71409.58046433824,23,5,1,313.50393993981584
43708.47871012174,55,5,1,334.2124996970959
61347.32531474148,55,3,0,187.83565561753696
21289.09894118799,30,3,1,279.26940778115136
59891.768616704176,63,2,0,164.8997109049904
37940.77377908779,56,3,1,302.97694262981014
54610.18425061955,30,4,1,319.898265708495
46283.71372640436,64,5,1,350.3631679231267
69806.21014675751,29,4,1,367.62305868834073
36883.46527490123,50,3,0,150.6029959793936
59414.094463427464,45,8,1,349.10215726465395
45807.388050552,20,0,0,63.32833316529927
47625.41782985504,35,5,0,184.54125381372805
47242.191602611856,43,4,0,183.3448878519611
37314.903432588304,57,1,1,264.5626857479495
49788.51551139993,19,3,1,291.6232377420987
49060.27666817268,21,3,0,154.746270554307
53618.60372610094,45,3,0,124.97313834351573
51267.57718539294,45,5,1,282.78172323755234
61969.918244183544,42,2,0,143.76136566192866
63852.62924071053,43,4,1,309.7387028299884
34240.65017258298,62,1,0,155.23627735976066
63031.587508861565,64,5,1,346.41329021855796
32204.953593352184,19,4,0,149.50962146171287
58817.838322066025,59,2,0,116.25858674101917
59296.08177054303,51,1,0,140.53577893745893
21330.24662506244,47,1,0,95.49515208619002
51394.68869794114,38,4,1,314.1940379183772
42972.558299595265,61,0,0,139.1867065509478
38618.52113096938,54,3,1,288.2992282290025
70262.78496048508,61,5,0,221.28104201661932
40194.81289043871,40,4,0,149.02184340845008
37904.346063229255,50,1,1,259.2516799982345
51135.4241000764,19,2,0,125.12289663842428
60283.846194476246,44,3,0,117.30996829669269
47875.2712098481,39,3,0,169.730574263072
67495.55818503878,51,4,1,331.0644265024502
57964.63492946136,33,2,0,154.9831437559637
17326.830204028545,37,5,1,309.83488607740685
42057.99554739488,43,2,0,97.68854066660383
41572.36850972452,33,3,0,86.72908718486076
57190.414301441335,23,5,0,198.45318562512767
10627.744154388325,62,4,1,262.8985218870038
88235.14563076582,61,5,1,368.85593080663443
57965.39142341315,40,2,0,138.09098194805668
52233.152058765365,59,1,0,143.22406654414948
67723.51574628719,54,4,1,355.50676325884626
85154.81079218938,25,4,0,165.150233093348
63061.19966882605,23,5,1,358.8250685866832
64232.1964470743,54,1,0,144.88513669301378
51960.35036696574,39,1,0,164.46924522113014
47877.11369949578,23,3,0,93.1904499139019
42863.06833992648,49,3,0,131.08842655667402
37608.32012428187,34,2,0,100.08115780466173
39694.78850450754,55,3,0,121.35593797436613
29741.66053485525,34,7,1,341.9789014897408
48861.92823972465,54,3,1,286.2434086575754
24729.9863416042,40,2,0,134.7522440592747
52863.74786215566,30,2,0,152.6756945802901
49455.040879364875,49,4,1,336.42818555595125
52204.029475800315,39,4,1,277.5048448597832
42168.02644970011,24,1,0,127.22632815945816
96152.90555270755,39,3,0,221.38364729700314
70401.7385027047,38,2,0,179.62802099881233
31331.86249872916,23,2,0,111.58859678148413
53493.02131140347,31,3,0,114.60756519846463
40879.907855940146,33,3,1,288.47994918974786
34782.80409938879,20,6,1,316.2689707763127
29898.918933140976,26,6,1,292.9986428832525
56483.25036138881,64,6,1,346.7553212448673
39779.29647395639,38,0,0,128.14685555762424
64517.39036037806,47,2,0,162.31976399028264
64906.733217956586,47,5,1,368.05496256343974
70608.71577817174,59,4,0,194.61338748036772
37214.19850888845,59,1,0,122.22738018468195
57130.484160380154,49,2,0,170.3160120361102
59486.81324963451,40,2,1,314.6237900585104
42887.32737344052,20,1,1,259.7112248216334
38423.42063910687,18,1,0,132.72987916362126
74142.8099866396,20,2,1,279.169188981873
53412.4381359808,54,2,0,144.56124466940915
59539.51626067607,24,2,1,338.8510216670968
37668.859822581086,20,1,0,135.13515852579005
31710.733002167093,53,7,1,347.407652216712
41458.25338261834,20,5,1,282.91031751341603
48139.67918915005,21,2,1,239.83536382854302
34036.69989773977,48,2,0,122.64988266500907
49852.327870244255,19,1,1,278.8443986449541
24672.422178972498,31,1,0,124.06018088139264
33199.28866295192,54,2,1,258.0759748865577
60063.668724153125,48,4,1,328.3859536399894
59056.85780416841,19,3,0,142.69916792412286
44121.848519197,48,2,0,141.11325684289923
34733.5353638457,64,6,1,336.1025774771229
34588.94672710984,60,10,1,358.7637725445805
44400.97631088029,39,0,0,101.61941107380302
59667.77737467937,27,3,0,149.7161282419862
63923.685370164865,47,2,0,168.19955572655553
42552.02396777047,50,4,1,318.2367416441664
32697.613610228243,36,5,1,279.82425106445453
54017.654567995,63,1,0,120.97452310406545
37646.97544061226,42,1,0,138.2455428981235
42226.210417081966,63,4,1,287.2192682684082
69879.14135655557,18,3,0,146.1752292768421
62406.73142848652,49,3,0,163.04219497839327
52369.614683771775,42,2,1,294.20654344874674
30921.214983309157,58,4,0,148.95419729996684
53170.948512059884,34,2,1,303.4227874011851
65939.8593618129,31,0,0,162.51409665622643
44365.495013516964,62,0,0,124.10650964023965
70266.71134980072,30,1,0,126.69719744536808
69391.1793427731,55,2,0,172.46831743135888
74955.9924821521,56,3,0,177.3121176218279
54578.64689797029,19,2,0,125.0926885057222
58810.87549709019,49,2,0,167.83902270719454
71212.80932496635,49,1,0,131.96331682382723
56710.90905603464,57,3,1,304.4487241073582
42481.48838314681,23,3,1,280.0547866749178
43271.85745208208,42,2,0,150.6801442814479
53578.32430660609,20,3,1,305.8592198936314
30641.57867080672,35,1,0,127.75855698776572
47851.11626953711,55,5,0,161.47753569640665
66448.2067734538,60,3,1,360.7773718988015
17131.192232520785,20,5,1,270.7726241579615
73017.23152691772,22,6,1,355.82134740620097
66835.61328054739,41,1,0,151.32533067183766
43103.530762542854,51,3,1,283.978728554483
58150.862418077144,64,4,1,323.7000851838671
50047.2159035949,56,2,0,159.87252323845948
68449.85552658024,41,3,1,329.84835201977387
64740.247141549116,53,4,1,338.2445210318795
28998.93915225486,45,5,1,324.62729495025496
58808.93620196265,51,4,0,199.81985848221694
46915.582195351286,33,3,0,139.73209351542033
51242.488557771496,53,4,0,151.96544888552796
39077.42148545277,24,2,0,98.19450895393763
76222.05603681253,35,3,0,183.0959375367779
65600.92729853863,23,1,0,165.26591931129929
38903.43254040549,45,6,0,175.9400514151876
29980.84089634651,56,2,1,274.6233415598873
44214.910535332274,51,4,1,330.2821717279323
56517.53969136959,58,5,1,318.7412349385067
53603.08765919335,46,2,0,144.623135438919
68796.99237152365,21,3,0,138.25519561651097
61848.795832712785,31,2,0,160.53607113521917
64543.5353862936,22,3,0,132.9556329061737
54902.83100915656,42,1,1,305.77312330069446
29160.519046835147,56,2,1,269.1584679152312
47064.52203279648,25,6,1,358.62575514570665
65901.34609862999,32,2,1,257.26050844593436
49227.15607213031,36,2,1,292.611717332911
57546.3555293562,28,2,0,149.3451799216938
45218.775271308004,37,7,1,324.71370916377697
34552.82227187233,53,0,0,152.66943666463231
48149.83903930835,35,4,0,187.0082627456657
54635.711645489806,31,5,1,332.850029508047
40164.684208078346,55,4,1,298.0576689192487
46464.33132714997,42,4,0,148.74665942470142
35908.05137021026,33,2,0,103.9801780687731
66788.67376346144,35,5,0,194.38298974478334
45583.16363617949,18,2,0,90.15549824254617
71791.33317689275,57,4,1,342.181124421515
72931.21775811363,18,2,0,154.58983676579695
48784.31052917385,18,2,1,256.1315627578817
34873.26901178976,38,7,1,333.5393779214115
18711.531833999943,42,8,1,311.7304156994278
27919.443904598127,44,5,1,300.50096624555965
29392.4776265201,27,6,1,301.1685720096596
70677.04441192257,29,4,1,314.7096766940402
51737.36880840419,45,6,1,328.41083523772556
55844.067861379815,49,1,0,151.23960166670113
16693.68486597311,50,4,1,303.93944921673767
32030.503561741076,25,1,0,120.68984056549418
63306.196646694305,59,2,1,333.0626731280923
54301.6116857388,43,3,0,125.95312498565117
47791.92081971604,59,1,0,120.61571503327833
58472.63537900184,58,3,0,147.0858458470529
74536.96709203723,19,3,1,291.39486721001657
46684.36304694424,52,4,0,154.40879343700234
51040.54703987104,51,4,1,292.2525826504043
52888.953780969576,23,4,1,297.76163322139894
85881.64452910988,48,1,0,157.14288245601503
18509.656033714615,40,3,1,294.5830901214193
60248.34522183212,29,3,0,151.61630940818185
48277.966268614044,45,3,1,335.0889327866834
58501.575892762696,32,0,0,155.3016556704867
40139.411690079134,36,3,0,133.99070738784337
49265.524537123245,29,2,0,131.6838332840342
60671.158691982426,19,4,1,325.664607704857
96693.65301565762,28,3,0,161.4453186438593
62120.54284103107,61,4,1,348.9504314136554
37279.01602954237,54,1,0,154.69610455168527
43643.604769659454,55,3,0,134.83578744749275
43198.78837424219,42,4,0,156.31784205516104
23065.352410549775,60,3,1,271.73529413695366
45048.64712447844,38,3,0,164.1125378900811
60992.43622732618,59,6,1,384.2394051086443
30886.518213848074,53,2,0,100.84239998646515
65727.23976575889,26,1,1,290.50987421195714
57316.62231626507,29,2,0,149.07904225663466
38986.50017043443,27,4,1,306.55710311638404
47877.05543993229,63,5,1,316.2880995443581
73974.8271146155,22,4,1,314.5356032792858
61003.217202587985,50,1,1,326.44012194887904
50131.75482347222,22,1,1,240.0523660173832
46434.75024558524,33,3,1,295.4763372602902
51149.13605677489,54,3,0,147.6292809198162
42323.54663086545,54,1,0,122.45797939815611
18428.75741421478,46,2,0,146.02253067895518
80632.66865802096,35,5,1,348.79124838235833
52329.874987991025,46,1,0,164.9420994303572
55972.208976838054,23,1,0,155.62646983236775
49131.38375184637,35,2,1,308.8287313739757
38973.24798913118,49,6,1,294.692994927273
47211.13278576844,59,3,0,156.48944261308995
26009.078567085333,64,2,0,151.43840469326452
84156.29747079956,48,2,0,202.72140554919267
31482.32002366406,28,2,1,268.509801278074
34520.505742292306,43,0,0,111.13170344940087
43396.111934204,45,3,0,126.77606607800942
69321.13587278567,44,3,1,270.71657279797387
50217.63498893981,36,1,0,112.5763322383712
31457.963059543064,62,3,1,327.34351432965104
68815.0754113601,44,3,0,146.5635280832477
60965.00940178222,37,4,1,325.160792430727
58076.52435824679,20,3,1,313.1675420732788
60736.01361756261,33,5,1,314.4263442714532
85915.42850873676,56,5,1,355.5819663608352
82776.42342554168,61,2,0,176.0437280778022
39699.26985495057,46,2,0,132.19255657611717
74358.27489216728,32,3,1,331.2155098101015
55747.52284638351,47,3,1,320.7739404391949
57486.43724206624,57,3,1,295.7362804470074
24615.937525350073,18,0,0,111.00631592565037
47444.21351917706,46,3,1,298.9636668539848
37807.64614495153,47,2,0,84.42858289190887
62420.88222339964,57,0,0,117.62160553122561
66066.20750604208,63,4,0,180.67965869769384
18882.70473475533,49,4,1,269.0438093193552
49669.47703993594,27,3,1,270.37175720104307
66827.92257191378,44,3,1,316.30321370401674
47199.815565298326,25,4,1,326.0621104088501
60935.954675035464,53,3,0,179.00503538799234
55267.48201440626,59,6,1,326.09432690454105
55124.903479289394,52,4,1,356.5523318904117
45930.275328975535,53,2,1,309.30935881676936
31751.287937964356,53,3,1,267.4214204021298
33177.04778862459,42,1,0,94.91908700126453
60640.28771682976,37,3,0,156.9909760199673
50291.87383278325,62,4,1,330.88294411795795
47922.31633089163,34,5,0,186.76766599233216
43641.64936516471,40,4,1,273.92913111256314
45422.16731778872,42,2,0,135.8240581465862
65703.6769173221,48,3,0,174.4005116428689
44971.3387719796,23,3,0,141.95358648516208
29884.029300476468,52,2,0,115.67117926919298
61154.7766331026,21,4,1,317.75010313819604
46926.85004202924,57,3,0,168.85696522982357
50470.93798299164,37,4,1,276.0129203372271
74113.67459599266,58,4,0,192.75919351327514
49691.59163974239,18,3,0,96.31043068259055
54337.75509678088,62,7,1,325.90166490794286
32316.14763052512,43,2,0,95.35417481580647
46704.9582147356,51,7,1,321.8180153711365
59142.89067812902,27,4,1,321.30705596737556
26669.393992381363,40,4,0,126.46377261106042
53012.676396735646,41,5,1,341.01628404563263
51511.8660896721,30,2,1,289.2598693970187
50619.31183381159,46,1,0,137.79789624950365
65557.38347987365,63,3,0,197.50801478737418
55016.57772272782,44,3,0,133.7046806554001
72171.07847534666,48,4,0,189.7966498453925
35096.15726608946,60,5,1,316.5224673130701
52038.86850827522,27,7,1,332.8375146028152
51267.00179584921,48,5,1,350.5785410754701
33961.1825936738,56,5,1,321.60695798444505
64344.42503137019,27,2,1,285.6764264688554
84870.09958779227,41,2,1,309.716377773462
49744.90888274254,50,0,0,121.96574134281238
57575.316324106505,31,6,1,354.3534270433004
51267.77713722991,52,2,1,309.58092675137425
39296.229951392364,62,6,1,336.2812092136332
22688.595832969757,51,6,1,293.6563284491909
39413.39775356952,34,3,1,278.0984977073308
29120.624285724032,38,2,0,73.0379818182158
75561.53117088677,49,3,0,196.3851106840835
48273.354591151416,20,4,1,308.73257698534815
44811.21006429244,32,1,1,323.5767933380013
63337.30737181709,25,1,0,140.78180611633465
33173.73345716168,49,5,0,180.2579796226111
38497.03942993171,55,1,0,134.86486911131007
51021.084038729314,43,2,0,142.587654353977
65431.53487135221,47,0,0,148.01411884659697
57525.27567753183,26,4,0,170.25768893504642
53724.877137738236,49,1,0,138.45086136448882
51171.766028540245,28,4,1,316.32537620260337
56003.537832901624,39,6,1,365.06380628877423
53024.79357693882,51,2,1,301.54181778071955
34550.415878345964,58,1,0,146.22672350655947
50691.18832449727,35,4,1,332.4774418381676
33894.67011623371,36,3,0,139.6951556854804
51216.23814351235,35,4,1,327.36214738185674
42790.28087767638,54,2,1,251.75987922058897
88090.72434174293,35,1,1,307.18782600151644
49401.58424372432,29,5,1,312.89375389354433
28936.406506076168,21,1,0,102.31501385872077
47987.29683984613,64,2,1,315.93695048339464
57790.38118456832,60,2,0,144.44586760788567
75100.45919228785,44,2,0,140.076571303568
41158.21400091922,22,7,1,321.9578076996013
26263.5803896454,23,6,1,274.33324725977633
62252.555171464715,30,4,1,306.11656659141715
29291.019411505233,40,5,1,273.4729259815046
43457.66837738772,59,4,1,342.0763992280968
46135.69271733509,42,1,0,130.59608825895765
48955.498200498376,63,2,0,140.36044564121013
60337.46685611503,21,1,0,114.1312096830743
39745.48576570419,49,1,0,114.20258943939201
45894.06121749859,61,6,1,366.7215719259719
49785.944705759175,32,2,0,106.03745122774328
52243.96936278182,43,2,0,138.15229290707816
51467.40762061884,59,2,0,154.8959978600427
56540.0866283387,28,2,0,120.12633389642565
62657.59264462606,26,3,1,287.00498584470074
55889.51173476452,28,6,1,309.17740883463784
56803.78285263828,19,1,0,128.17099122365187
26266.652498802836,62,1,1,278.4680449612858
50753.41548748521,44,3,1,322.1996662405337
57192.613220024126,43,4,1,311.2359771599119
60934.11791855675,25,0,0,133.14057263583692
39614.73838649309,38,2,0,149.27623768297696
40114.41087667033,38,1,0,126.20689444763616
41388.48987074602,25,3,0,135.303544417909
58046.20849837015,18,4,0,144.47220911393165
65508.21582386313,55,3,1,307.13941446293643
43888.09839062598,30,3,0,166.96471072528658
63619.434704405736,26,3,0,151.2205069799573
51852.19713746892,45,4,1,312.6615325985376
48135.71334256345,23,4,1,350.5920918821087
46829.236552730465,64,3,1,303.3830967161242
61199.17046903235,40,3,1,303.9391643319218
54883.66725180605,53,1,0,145.60268652772393
84137.38141471456,34,2,0,140.2215544309937
37216.630355040135,26,5,1,289.5903017428149
57771.52553044964,29,1,0,119.07562335333833
42061.98485282731,39,4,0,136.3541788111097
36960.695195170345,29,5,1,328.2882217054818
49836.992944475416,23,1,0,105.26804172914231
52060.28719110554,61,2,0,138.60530216157773
93772.60332590138,26,1,1,314.71815520487246
47237.81276475197,54,1,0,118.5845646034716
33047.31905772975,20,5,1,286.9269120843677
54095.160762415784,51,2,0,141.66975650189042
18880.399436804477,25,2,1,245.22035028938046
48620.64826093601,27,2,0,104.80265608887433
50240.379234427404,64,5,1,345.92424096882735
61919.00574417817,58,6,1,357.83946894412867
64604.33374141771,59,1,0,147.5125993231069
42446.45571638424,60,1,0,136.6201144516412
47740.78978055101,26,4,1,291.51116868085927
38508.187540839936,31,3,0,132.10048892079683
33079.06167788459,54,3,1,252.40011725330424
54648.42169070952,44,1,1,296.26744980475337
30896.21677105101,58,2,1,258.6874396100664
43780.59649142205,49,4,1,304.7301864754858
35072.39060151144,21,4,0,141.73302369927623
58245.2477943539,19,4,0,193.53574574242256
77021.45148899732,50,4,1,359.45269128494294
30476.180257950033,38,4,1,247.83826920392625
22204.722756536463,18,3,1,247.9932879668665
48126.69671974899,61,3,0,153.43681756826453
50235.46693936638,28,7,1,326.96572641312304
53279.889601359464,18,3,0,108.02508430732553
43305.192271484826,63,0,0,141.19639462521644
46990.410517618526,28,6,1,328.2407105988161
55512.656158109035,24,2,0,124.35985259338263
65606.46338967259,19,3,0,143.5487146020825
20674.268445225756,32,1,0,97.39293268863328
44465.908414528065,25,5,1,323.9649725811045
53207.13190911595,64,5,1,343.31995484248284
36230.35843083896,43,4,1,284.7408334796239
75967.5444765095,57,1,0,159.35569429980941
40468.851796568946,59,1,0,140.7545233263641
49380.60969489076,52,3,0,161.12611181470314
58340.33145263436,63,3,0,146.93372134653822
41130.72816797158,58,3,0,132.46048295055263
22301.404282933745,58,2,0,141.20360240969165
43570.182096252,38,4,1,321.3085838518655
65441.60833890561,55,2,1,323.52072521714797
44946.57309822292,25,2,0,141.62599248969624
37303.48547811532,60,4,1,278.5648378669206
63885.083142540825,49,1,0,111.22119503983822
45038.37655965421,25,0,0,95.02344056872914
42347.58779524674,61,0,0,139.22080797007555
52241.841344949644,27,2,0,131.30193341418592
61561.253144281814,40,1,0,135.40258816417332
85725.70297598818,21,5,1,402.01408444123837
62408.541614861344,55,2,0,164.13536913177305
67397.59949582517,47,5,1,336.92003330311917
42410.50701518217,58,2,1,282.72468769143603
34611.97841045786,40,1,0,126.40359135523349
50934.970244286844,22,4,1,310.04471679639687
51607.54872889394,38,1,0,131.71353043371266
33822.30887953104,23,4,1,263.4543905218601
47370.58205143981,34,2,1,293.63256818460803
55989.764025786964,42,0,0,112.38018378731763
55405.9009252712,41,3,1,288.22966257600183
57564.31780076409,39,4,1,314.478911445989
54364.470952061645,30,5,1,328.2279561996816
42394.87011094917,34,2,0,137.96643999164093
42291.49060026735,31,2,1,332.4851916839606
32015.72903009186,51,3,0,146.36706319483952
76771.62558777642,43,2,1,310.20018101899893
50201.7554692894,36,5,0,154.92474653171226
46627.20416307722,43,1,0,122.62758168541035
36068.11877821312,20,4,0,128.77069660689165
94034.86853491666,19,3,0,215.74290603042914
33900.079516656566,45,4,0,127.71911254667475
43567.2811159089,19,4,0,134.83294596012664
56237.552544290906,39,4,1,349.5423369033714
59003.19448616417,24,2,0,159.05141209665769
64368.98082823526,21,3,1,292.80590681141666
77114.12761653894,55,5,1,391.4357874800146
57592.36483191069,56,2,0,117.60563810275042
34159.53800049999,37,5,1,298.2588396604306
46145.82312317328,23,3,0,135.2778303859041
54617.485587708274,26,6,1,337.89316784695137
81023.39062258735,48,3,0,168.8475527773761
29032.917823635544,43,2,0,107.75708418751893
68038.64757837841,53,3,0,166.8979804850182
52698.71554319625,43,2,1,287.36240083386684
62567.45802844221,45,2,0,199.20398438498657
48470.07925046102,22,8,1,370.40471560099485
37363.5105481051,27,1,0,87.3893085974088
61263.09169101998,35,3,0,156.32052185770357
59816.46540658432,32,3,1,266.40741232085026
64580.85448609583,50,4,1,318.52090773568807
49800.43046932047,22,3,1,285.78374376270386
41002.66965020226,54,6,1,311.8450503235573
26618.195074642375,57,3,0,112.31747118912449
62290.5990220911,39,5,1,324.8008596057349
56358.34223665979,39,5,1,302.0390105552455
35513.26050704061,39,1,1,270.8829921574771
41921.39490055064,32,5,1,310.5284408193664
42998.617820728396,34,4,0,112.76916263960511
27755.23352026373,62,3,1,295.9831806750833
37734.764050923,45,3,1,268.5369293907166
32992.54464790469,39,2,1,273.0673065637393
43812.81482168095,38,6,1,299.4169528167234
38919.537525056556,59,5,1,342.5799495097922
25594.926186998768,34,5,0,145.80279761004294
80338.85345854222,22,2,0,170.33995297519186
68788.11096543846,35,1,0,115.05628239139386
38314.708677200215,34,1,1,262.54844998273245
54086.32094980415,21,4,1,319.55161736376715
56261.976347319425,24,3,0,201.7482732712044
67866.28782160215,42,2,0,177.36937183408372
37720.92460009882,54,2,1,311.55569744828915
66381.6017597364,57,4,0,197.78636410781712
41781.420436895976,57,1,0,107.72762277153592
29962.0639374708,60,2,0,126.83158584895868
60862.048389717456,26,1,0,165.98233131713442
69361.37636183642,36,1,0,146.49782268337654
88818.63460296027,26,6,1,384.4465441794198
32004.121023646796,40,5,1,291.8031366339946
60483.79527621184,48,0,0,126.47581423940728
43852.981343097,49,3,0,117.9128437161292
61750.38065786047,48,3,1,349.730329535506
27942.656731531242,34,3,0,103.1458708330635
31058.453364521538,56,8,1,336.051214417282
38361.87765250274,39,1,0,109.51206296542428
51184.460685021266,52,0,0,122.04558752099334
40383.78100192467,47,5,1,288.86055786353455
59885.8151587013,57,2,1,286.8088862547449
65403.41927386871,54,0,0,129.0165991784362
58993.663118680335,43,5,1,348.2578257351445
74281.81459491301,23,3,1,323.30370942015867
56237.399441830144,51,3,1,292.55114520488235
31746.549344897492,49,4,1,346.05977751384324
70450.6477030751,42,1,0,139.16767027041692
40922.65646591004,30,7,1,297.4336239215017
63656.277495283546,55,3,1,301.9139180220106
73606.01324832659,55,3,1,337.96096883543566
56850.32016095599,19,2,0,119.41834930707904
27557.617802530254,22,4,1,297.01275790981214
36226.81750235313,28,4,0,101.3805567440398
69841.16700327703,28,5,1,347.2572689326552
47463.15971535775,41,5,1,300.3989256960117
51193.603024132484,31,2,0,158.94433201486734
61382.36624245414,62,1,1,279.9364918437053
60444.842931204854,47,1,0,150.56963086153635
54181.99718578191,57,4,1,342.4869752536366
46869.974431693016,64,0,0,111.23170230548929
45309.97331401464,61,0,0,115.77404493580838
62868.48237937014,52,4,1,312.9676379884466
58303.5429660169,38,3,1,320.41238318501195
46140.49999073316,22,2,0,143.36672146269785
66231.6846948971,55,1,0,104.50299368640745
48064.48827305324,19,1,0,120.04262440194829
37225.0673849841,57,2,0,132.11087169673146
38615.43951644983,54,1,0,124.69460968583446
35318.88745535351,51,1,0,142.95748472335575
45913.84975094469,28,0,0,115.86611230346601
68505.8641750429,53,3,0,154.8973682067094
37923.572284542366,28,6,1,310.8638106106963
52827.13641527155,26,1,0,162.06839781705347
40149.659815588806,23,4,0,149.51726956887774
46095.36438092844,51,3,0,126.92915158586376
27349.381820221217,64,3,1,271.73248338956756
46691.92656265194,54,2,0,148.8282649430938
47094.41930292557,49,1,0,114.7033592155492
58104.31916053543,29,2,0,121.01790412376046
53349.21369883056,62,4,0,179.3285626879698
32024.11812571932,49,3,1,307.98340930342107
66262.97366065314,34,1,0,127.2788216307228
53154.54560332993,21,2,0,112.1051139425585
52975.9027576623,59,5,1,322.2342386094074
49862.26469922291,50,2,1,295.0754471647711
42233.638291666706,60,4,1,326.6024557771273
53267.03509623089,60,3,1,328.95443408203835
57133.82653892873,26,11,1,368.1378871341315
23796.564629816676,51,2,1,273.2329407380895
41918.587439808565,56,3,0,114.90011958013085
46175.79544394616,47,5,1,312.70264999636964
53842.55908541417,37,2,0,123.83524285636915
67899.66508890688,56,3,0,147.0168753742931
38423.887781048266,40,2,0,151.29329681433302
42530.57229773237,58,1,0,106.24596243036987
42311.988340301745,61,4,1,333.184609220093
37977.086148431874,52,3,1,334.8856733398801
44792.20257331606,40,1,0,103.64223787325193
61562.033299819566,56,3,1,318.96166530257614
34192.46756953481,40,5,1,309.02481817885223
56417.215927293546,54,1,1,317.5406567747194
24471.466549724966,40,3,1,287.2877729241263
41579.93005336691,56,3,0,150.68183112546288
45057.66049673021,45,2,1,287.21299572375773
75122.89509371098,36,3,0,156.11637014876743
45877.96542870968,47,1,0,148.09278805398043
16981.34789823623,38,4,1,288.9561975378027
20016.66639708125,41,4,1,300.54511139554813
50510.44379520021,38,5,1,315.1976475885351
59206.56283684863,43,2,1,307.9968907342724
55631.83786440879,53,7,1,366.79754243599166
52513.55158701485,43,5,1,299.7509181819411
67433.893962585,50,3,1,348.32872171180543
41906.13168894302,53,4,1,321.7644265488662
63423.65834040238,21,4,1,287.425739769858
25519.77672460374,26,4,0,103.34814808190639
36425.782505929004,25,1,1,264.59843647038446
22894.379076022757,19,2,1,297.6754224378176
45877.32048995312,46,5,0,167.08452817254692
49306.08174100486,40,2,0,156.50684762828556
51711.5223833978,23,3,0,138.44274279365587
50928.25029330703,60,2,1,302.4706449056675
36086.70003782408,53,4,0,172.21778710220605
47146.387333801766,63,3,0,182.3712287706146
27538.29997091377,38,2,1,251.7940020857438
70448.43462698376,39,2,0,156.46599817249805
45445.60890652999,26,1,0,101.39557347736073
42666.70821434463,51,2,1,295.1860918925376
73834.10492666124,43,4,0,189.16311781099336
31366.301996761562,18,2,1,241.1269673844975
33116.193289520466,53,2,0,129.6989697037052
33556.69512697152,61,3,0,164.81201907306698
48981.92927450777,22,3,0,144.72966290841822
56474.47444456396,58,3,1,296.3793342368441
61095.13202176751,39,7,1,357.0127809174345
88579.92976242452,21,1,0,149.09368631588674
16258.513186988544,19,3,0,109.3880459292114
59131.033836866256,33,2,0,112.72681136710513
41643.04141141653,33,2,1,291.2151229871083
41203.7727666684,39,3,0,159.26174103298175
40703.41807619184,60,5,0,143.89771187498326
36368.4549378804,18,4,1,291.0523859473722
75267.87251905177,32,2,1,294.62603903542686
62634.45990520854,41,6,1,358.8605635278992
50347.93967836062,21,4,1,309.5545201127293
70265.236287305,35,6,1,371.26650223103184
27312.065520516866,34,3,1,300.5724862603468
30039.42303003611,24,4,1,275.39297255643476
17330.484017079685,62,0,0,100.59847485194165
39508.781898150686,27,5,1,339.0452738720152
52425.47790057129,18,0,0,70.39746496554822
51542.87866898501,19,6,1,296.1295912709272
52240.128665898206,39,6,1,351.43928937012953
28834.147534008775,49,3,0,114.31360282105993
62047.321139210326,46,2,0,187.54039622457708
53594.41277358497,52,4,1,302.4228440973014
60995.814221989975,34,3,0,169.7354594927428
21608.567336149223,29,1,1,251.27246858069063
54672.36288196685,41,0,0,122.92904436918779
32183.521401237096,47,2,1,283.32272192199804
44040.15121172957,61,6,1,339.482852099454
58015.47347954575,47,3,1,322.7490878542266
51366.4040938387,37,2,0,170.15461945191822
37226.90030331022,59,4,1,320.781837881705
50094.097342766276,24,2,0,154.75583993432554
27026.970271345355,59,4,1,290.6404611466686
67254.01093847444,55,4,0,156.0426293154697
46920.73970755623,24,2,0,110.45590924702019
66778.2491638299,47,0,0,173.50343633584066
42102.02469355935,29,2,0,164.9707852975858
42146.36017390126,48,4,1,283.8706922356033
38537.19820043231,35,0,0,90.50742635400603
63142.60897539613,63,3,1,318.44287717633864
39358.532640072866,60,3,1,299.37976566587565
59668.93148622765,19,5,0,195.29888629033627
44263.21403496065,50,3,0,168.66311090844124
20360.550501625705,28,3,0,91.38495263767062
41445.288983203005,51,3,1,273.18863109235457
32313.376784557277,33,4,1,260.68644411238836
50508.540855235064,52,1,0,119.47481812334651
32143.883964882647,50,3,1,259.9015531597412
63889.62651071925,38,3,1,328.5107130118918
48633.86209470459,37,1,0,101.37808542414665
47336.06007861892,25,1,0,124.80264686945435
59838.38206681374,43,1,0,114.42034431233063
64458.60401113794,50,4,0,238.21591244550456
49698.51872345523,43,3,1,310.96911335094404
38431.99550676064,54,3,1,313.2861428343459
23390.455758318058,47,5,1,289.97637890017745
39709.2536444723,48,1,0,138.09548901291274
40741.816300280574,50,2,1,277.91227166104613
51605.86179488445,28,2,0,170.15861309275698
44822.796782929596,58,0,0,102.57014997239747
60318.994580771425,22,2,1,290.7706245114077
40805.250930939656,19,2,0,115.7534757572525
49144.38249720587,30,3,0,117.49977564935784
67759.81164795333,35,3,1,334.9620958575284
55127.378209324495,43,3,1,287.81286703729154
49099.43687467153,42,0,0,87.48504764200518
40970.833370972345,61,3,1,314.9332670175056
40501.52904927534,31,3,0,105.8426090380038
37240.80120572078,22,4,1,300.9704431311221
41884.89701325651,59,3,1,322.3974684565842
61334.98758116472,19,3,1,279.0775482891076
46671.675930615966,21,4,1,311.48809070902433
29753.403959281535,29,3,1,252.94560561260968
76522.53939589675,28,5,1,332.7616482051761
54799.47786717745,21,6,1,324.9806549669438
28895.84899230246,60,4,0,123.90794406997604
43372.26609138764,26,4,1,272.31528593845957
51663.29574242627,27,10,1,388.3390059138603
75568.88139946066,44,3,1,284.6792120196089
33378.31312611696,23,1,0,97.90971208644761
64640.6107903392,32,6,1,345.5940501102732
70992.29640458514,59,4,1,350.5930864144605
40570.18542388145,48,7,1,362.8139071050709
45837.295717096495,39,7,1,350.6845851226521
34455.36128939345,23,2,0,121.34019563413315
46948.082883795425,50,3,0,149.0408285659496
49451.15038485603,46,1,0,124.8507429179039
59894.74997123556,38,2,0,142.58385295801094
66352.7520653067,47,5,1,334.9360255288528
38778.55903067529,38,1,0,126.09299432173492
20490.124036610083,53,5,1,287.65278633566965
49681.32831085637,39,3,1,315.2570268155932
54403.06294952961,63,2,0,160.16171753893457
53741.265315275625,37,2,0,120.69049943961159
45099.90128736434,39,3,1,294.9955110955287
51871.28149495902,57,3,0,159.38779562610057
72731.67212528372,28,3,1,310.9217990923262
55726.01253443764,64,2,0,165.5151256774894
44399.47362495373,48,5,0,135.87435671176638
42497.03274356006,57,4,0,153.46542698573128
47452.21463483404,30,2,1,279.8346832319363
74551.0994274596,35,5,1,331.9790302350569
47250.48935710704,39,2,0,141.9886582432671
49703.08483218938,34,1,0,118.94555216974963
42765.29643595545,55,4,0,152.73210275244293
66484.75036162947,42,5,1,335.7077689069204
79397.55882117013,49,2,0,156.1591727144097
56759.19574147082,32,2,0,118.44086194069084
51241.59355678139,30,3,0,184.63423825495448
50551.74249761352,43,4,1,302.1335406720516
14235.398168213818,28,2,1,245.47422638889677
61177.26296427226,30,4,1,339.25277280689704
52012.49623993765,50,8,1,363.1013737679262
56425.13075991088,54,3,0,148.77762793786684
39328.06708874443,55,5,1,280.15434884813783
44233.14681534363,18,4,1,263.08121335761166
43834.62595245241,56,3,0,132.0146762413148
65324.344761095585,44,5,1,327.61327735033416
44318.6024509536,53,4,0,172.41326958890062
81239.90483164697,49,2,0,157.4613346787112
56462.93628522556,58,3,1,296.8047584355477
30864.760100064024,32,4,1,308.8264883134391
48071.80560122065,48,3,0,187.22243067016768
40224.873167653765,23,3,0,141.0763312411444
17084.26295269964,42,2,0,104.87698457774442
73992.06410170684,35,3,1,317.9461820575932
60547.13813330006,39,1,0,120.34350963135384
57998.10976848969,48,2,1,321.4710975932678
52481.05490449556,53,2,1,299.9895058555917
29269.736469613435,26,5,1,272.7011610158403
42745.74290666845,63,4,0,152.11932787965878
62626.71162176019,20,8,1,371.79274341332615
34231.69955326246,50,5,0,142.85432723178013
12023.460256237791,44,6,1,280.60312475944403
46593.40988328611,60,1,0,188.8032548559118
47873.63668958692,18,3,1,270.1453852229666
52033.45124622064,61,2,0,158.44845745624127
60927.77965271805,26,0,0,116.75689160861236
59564.08718346813,22,2,0,191.2189144892018
53881.54707865883,32,3,1,324.1540212684703
67932.97082130064,26,1,0,146.6697197820727
27215.45328780028,62,4,1,280.4138125703156
57568.72721716086,45,4,0,152.0202461048017
59398.07545005414,30,2,0,177.8585261112075
31406.565708796406,41,6,1,283.7514690076265
27456.94086976416,62,3,1,298.93537227452646
38810.86810286598,27,4,1,302.6302812353093
40076.878362270625,59,3,1,343.105475165504
61301.29195253646,39,2,0,120.27311935398083
40781.918244633576,56,5,1,328.96216197379175
37154.77222578194,39,3,1,297.757815217335
40825.493949581614,54,2,1,297.6731292120107
66779.48501231318,56,5,1,350.53340720299934
50195.65061565428,37,7,1,368.51161345818707
47311.234619646326,27,2,1,281.5208828495518
48349.917519484225,27,6,1,308.28066744317715
69380.90501489784,43,5,1,310.46021987280204
38762.42410095137,42,3,0,136.30666320611198
69732.62436410156,45,2,0,152.24438389040557
53157.44448382255,30,2,0,156.72105321485353
47593.709270369785,32,7,1,306.4922464113329
87513.50746901422,23,1,0,203.00385042000167
34165.40765302106,29,2,0,118.71939966827074
44694.71360649491,36,4,0,173.80274939613201
31513.531412539996,49,6,1,335.3075555288718
64286.92955804254,28,3,1,289.00527536993883
75337.83400477518,55,3,1,331.452653404
75048.84172106959,50,3,1,355.8379009406851
68359.23129719007,19,3,0,173.45772715459205
47035.692983060515,32,4,1,309.0014671907624
44521.385337652304,53,3,0,161.54659869781858
24932.453412589024,22,0,0,73.6596846189234
80538.10302772689,32,5,0,162.99785036759312
57034.67117222701,60,1,0,175.51023214639864
42620.646426957755,27,0,0,93.47976858688247
69920.85333480452,34,3,1,294.1932195346408
35408.532248599986,51,1,0,155.24926700192728
56099.33051334011,41,2,0,151.6226386325103
47410.56298563748,27,1,1,230.4680790729339
59580.157098204516,47,1,0,118.97350178679666
49046.396912208176,20,3,1,292.0900259909015
28236.081633331636,54,4,1,283.6019843157002
51133.64559005057,20,4,0,159.1934239141422
65732.96212813043,57,2,1,308.43132852048325
49561.75391219022,22,3,0,132.18873618332478
61626.72682383629,45,2,1,312.2498433530579
34317.057714889204,61,1,0,98.2277168980888
49606.08810095222,31,2,0,106.99128107287108
40632.34317367134,56,4,1,323.6283190717666
61204.712601570645,28,1,1,287.62108283546337
50472.37343392993,25,3,0,168.67199125049635
60351.10514504919,54,2,0,134.11106099648777
66315.656392368,25,3,0,160.57690443546215
60374.27862682083,29,5,0,154.95396982042126
54096.776514404664,32,2,0,139.77038047079378
35026.81612232892,36,2,0,150.12078915122981
49958.20833999648,63,4,1,335.7705094829491
42003.6439697625,45,6,1,312.342105151705
44839.0406494366,24,2,0,128.33496344511485
44381.98773874623,57,2,0,138.50473238071697
35301.116378266335,24,2,0,100.39615489398277
20639.92116299015,47,3,0,111.34456910035507
39977.8542750835,35,5,1,291.59135114948043
52900.69177886238,41,3,0,173.0897869927164
29777.344318587646,23,3,0,116.55960783099945
50235.233547074364,21,2,0,125.6259817843899
78504.02636466447,20,2,0,149.12701563947064
65345.84832878359,64,3,0,216.41521279907093
74653.12263680794,23,3,1,287.4481856839881
55866.91815399089,43,4,1,305.27896632093467
67512.64734479669,61,2,0,166.8304613223221
39140.52904298319,55,3,1,293.8297340724596
40334.89599467024,28,4,1,309.3352899590143
8912.89690793791,46,3,0,162.7699314532477
67792.18211063449,37,2,0,120.77070432789722
73104.85969729829,27,4,0,153.75714488840353
41702.341319790954,43,4,0,153.20713457886995
46190.72440404147,44,2,0,146.630255843894
38692.06829463558,31,3,0,111.14865876558353
55739.803272162375,53,3,1,317.85102010383775
66873.98817954861,29,3,0,147.01905577495833
23858.420391784384,40,1,0,113.08911033568343
56141.57795963378,38,8,1,355.3075857952433
45849.923424212815,25,1,0,125.40149906121249
51700.91587950034,56,2,0,160.3508167949808
56884.91002511437,26,3,0,163.02028548521204
47176.963418407686,41,3,1,267.8718147164304
48446.19719891329,48,4,1,316.4628231747752
46791.87248668042,42,3,0,167.68842865393617
64554.74302682422,34,5,1,339.5588889846934
56281.39940191245,59,3,0,150.60003821586398
53308.75306606041,46,7,1,346.0640701507804
30935.72418361576,20,2,1,258.70340213596444
44321.30385180269,38,0,0,111.664010011687
63480.03740508761,25,1,0,130.77202869465444
50565.44859685884,31,1,0,122.21536093155636
59892.97204383707,56,3,0,179.31132881210826
76497.6770049145,33,2,0,130.76829025422782
65579.09103813225,35,6,1,333.29618146295144
51397.37506549613,48,5,1,309.4575016656237
42335.162447064096,28,3,1,301.87770536112276
11696.756059161526,55,5,0,132.94018554560893
47474.22616290721,37,2,0,126.86289716674632
45109.81256274726,63,2,0,139.91909406903653
55855.492915930634,62,5,1,326.1944618380986
47691.42159537969,21,3,1,313.8186066306165
45194.224108448085,37,4,1,301.2206616899802
23309.01604239169,48,4,1,304.14149656165637
35900.482562749006,37,3,1,278.14502616535236
57149.76561200836,28,2,0,169.1676922459297
75738.61446699042,18,2,1,327.5639374667419
48537.11924381565,61,2,1,297.88976444771896
54917.166103611846,35,3,1,315.2429096765393
64287.17235429208,56,1,0,156.66059101238844
37836.59095699625,61,0,0,117.89597065996875
55502.21064928163,50,0,0,124.48617290948658
38892.64840501762,53,4,1,306.42062389774725
62972.366577365174,35,1,0,140.50632233610335
52271.04571927599,64,4,0,159.74771059467741
54476.77720972159,48,2,0,156.13795622291116
38261.02103872116,52,3,1,270.7089694329475
60605.48539416178,56,4,1,332.37312755507793
81270.69381846524,55,2,0,162.2498804172883
34881.32456857691,32,2,0,148.22680627157348
44903.61488528714,64,5,1,341.71323652594555
53474.112112521376,23,3,1,301.01492258747163
61796.09317993725,25,2,1,306.52415344781474
41606.80572065797,57,3,1,312.1247744595621
7504.545647858897,39,4,0,130.22741247501767
70387.84241246038,18,3,0,127.51751964163861
61407.59179376214,30,2,0,135.1871893176238
23855.787042700023,41,0,0,81.79561896174258
40886.46812330666,38,1,0,105.38149531327446
73522.7364429099,62,2,1,356.8925240674311
71716.946276868,60,1,0,161.0551124844579
64079.60034018417,21,4,0,184.63418148344536
47358.31349060206,24,2,0,126.56722917221884
51244.81128218765,29,3,1,281.63764358188865
48036.1129231081,30,5,1,314.0693052116272
66923.59674903256,61,4,1,329.45024813659836
36862.36390257335,33,1,0,138.89707238840995
37913.00517673693,23,5,1,267.0189819152752
65154.11880254024,31,2,0,167.29394796099012
49334.578167326574,48,4,1,314.89010067577453
70677.01033180712,53,5,1,344.2445680810983
39927.31689529181,54,3,1,294.4790219135437
49178.32459491763,58,6,1,346.12372074472677
36163.8052273407,52,0,0,109.64097305678791
50110.44022135351,27,2,0,152.82415215371006
27821.795945018017,34,5,1,259.04578474344794
42685.49868567556,59,0,0,111.55791942706331
28456.19202607823,47,1,0,94.89018124745456
60408.84849786887,61,2,0,131.6784798046041
60748.84009639478,24,4,0,167.4817907260163
24046.059042734825,35,1,0,129.96747322588408
70008.2861825086,36,5,1,346.1853750325959
87461.2268962978,32,4,1,336.531964483733
50690.095801045114,56,4,0,184.7361192681039
40383.28609663033,61,2,1,301.39654974510495
92364.95886504569,39,2,0,163.32805409290353
30215.47252546234,56,3,0,126.00749181059332
50301.59700303648,59,4,1,356.46898598347894
52694.33408947885,47,2,1,322.3281924429897
70177.21430678622,37,4,0,186.872122304436
55396.08462690183,49,3,1,327.4590975704907
42520.49156317323,59,3,1,325.7103524978372
35732.234444180656,42,4,0,171.69113611097106
44872.67269630796,40,8,1,362.89181933769646
34896.08958582284,22,4,1,270.7629840331564
50717.37979677024,58,4,1,323.6320217572131
41537.057302092704,47,6,1,343.68909762821966
27589.43310065374,56,3,0,139.55764706480414
68827.18682562356,44,2,0,158.82789994606705
42534.91214856441,59,4,1,302.8773377451326
30977.94792537031,54,7,1,299.0370889529441
47476.11298268688,24,4,1,286.8757635036447
51025.57348951488,22,2,0,107.5848489154119
23802.999116314495,32,2,0,115.33256240582004
54974.71500688644,59,1,0,133.53414372065734
34292.63646964603,25,5,1,296.50853875962224
75665.43213786182,26,4,0,183.53514552236805
57859.407681151024,28,1,1,288.00728947144296
44001.500148360254,39,0,0,103.67152980134499
38822.48344523974,51,2,0,126.85608188338013
48425.48438654564,52,2,0,145.7439473625006
59191.861123749346,30,7,1,345.50831565304077
49617.588071222,28,6,1,339.89551904515935
46742.61789294715,49,4,1,313.14167481265696
50875.554362268434,59,3,0,139.1022327905445
40942.11603144568,32,1,1,257.02488950482734
44851.91109735444,55,7,1,327.9587686717888
18713.11341642494,18,2,0,90.228746538796
64605.89346278552,63,5,1,356.997879805952
54481.96670482643,41,4,1,328.46454371411613
38398.16233949855,60,4,0,162.36511706730641
78481.02472032858,57,5,1,329.9442285337412
51305.2472058858,39,2,0,127.36706302027268
34457.84642037205,20,4,1,276.4660438928938
62851.06132205688,31,3,0,169.68843067034416
55970.72324763894,19,3,0,116.54912744776922
55918.69978226329,49,4,1,298.6771315018227
43613.66593022614,55,4,0,171.57496837846475
56757.43585667052,50,2,0,159.69895005273503
46073.625646683584,63,1,1,316.60219881214846
58339.121774687635,59,1,0,186.0174082597947
21425.833189840418,23,6,1,274.46240837328344
43491.898055312166,58,3,0,128.30363848283608
75832.32646712293,56,7,1,356.7583574695982
38493.98816899549,42,3,1,337.8375338713638
40942.425537602205,51,3,0,134.9199011228926
43280.57992325037,28,5,1,332.72750771272
31777.90796167035,63,3,1,318.94211210854115
16875.788356576217,54,7,1,274.9016933182611
46541.20402214581,58,1,0,141.40112671867155
52037.89136122485,24,2,0,137.0962216530172
49212.423971920216,63,1,0,159.9487355404825
47826.8215707817,39,4,1,333.8247240139271
50645.613062755816,56,0,0,147.4787038925358
65342.62207326146,27,3,1,313.5056431056759
47143.30721106175,38,1,0,140.74815141370038
41388.76134369096,23,1,0,62.960516855801785
45783.117726678705,18,3,1,257.3901727652588
58690.20139635164,51,0,0,120.8784751760522
71180.40317814874,31,6,1,352.3248854448569
40577.843912462326,53,1,0,101.66516675174611
51484.00680543326,44,4,1,320.6746737287088
55075.3616290394,26,3,0,169.8500468766643
35111.329899067656,23,3,1,234.73221495824856
50306.25750819377,48,0,0,165.0018355667327
28014.892139868574,34,1,0,84.6796130478923
23464.245443909018,60,4,1,306.3126481675379
55501.19611838386,53,1,0,122.9630994324741
44241.87888003826,38,7,1,336.5633097683063
53034.20611431829,44,3,0,115.89443684022041
49731.57534487475,58,3,1,331.1496130621288
35353.99927004304,45,4,1,270.4389121806232
49321.185470534954,33,3,1,303.732648613623
31503.48042477717,52,2,1,297.15277297615677
70864.58537002101,53,5,1,336.27161660791495
29660.444827100542,52,5,1,291.4005391063035
47063.22093547128,62,3,1,272.9712115585031
34365.92617929127,36,2,0,125.85547964908268
58556.31760041193,38,3,1,310.5905427047251
45028.52943077746,50,2,1,271.4984820864647
42219.999205681845,40,3,1,292.07393783354956
62798.02317577331,23,1,0,106.21109668233584
50441.458875163284,49,2,1,269.04962249323876
57749.666689039506,39,0,0,141.94836270432913
35280.11095223803,20,1,0,102.14301088272742
28927.745841087395,52,4,0,120.34706371233398
51608.119430602004,33,5,0,190.45336182041092
45217.30466757903,59,2,1,291.11073940660566
59396.52008680916,42,6,1,346.9964233475044
48801.373210061756,34,3,1,305.47064047822596
53076.13008851945,56,1,0,141.2533873936139
25649.26205088135,30,4,1,277.4971360818038
78326.55409421385,45,2,0,193.53329259647887
47536.37022451952,28,3,1,263.8037911445509
60463.80455508798,27,6,1,292.98848060382426
37458.624946705604,56,1,0,111.13839038482402
54620.148533260115,41,5,1,313.6447567568094
30457.32854712882,55,2,0,94.10185747219252
56781.017573895064,41,4,1,325.9660314717646
44660.38873421251,50,3,0,145.52257898305385
50437.85755903351,34,5,1,330.4186419618853
60469.61045195146,61,3,1,319.131498192456
31511.895331695796,53,3,0,110.52128505369978
39732.62404080805,52,4,1,291.0159812188377
56859.86421630148,23,1,1,280.18976641902304
81473.3221182012,33,1,0,185.5850077856735
47928.76498007777,62,3,1,309.61804616205245
58867.04176885899,45,1,1,293.05940873771726
48395.4279521228,58,4,0,189.88079812212027
79133.68392134449,49,3,0,192.1338381515801
23791.674995521167,43,3,0,123.35376959554524
51419.31567004037,28,1,0,110.7490782040994
25616.839496569086,42,3,1,315.79346292461935
12401.426441949254,48,4,1,253.84704426551315
54461.93079676725,38,3,0,141.0212514054168
52092.46694221188,62,2,1,262.21624295714395
45727.44593386698,20,5,1,343.2996653676587
48407.088649403704,29,3,0,140.00012887839452
96474.49151106886,57,1,0,206.68265904483957
46127.37292952849,63,5,1,330.4209014372981
57651.86541875112,58,3,1,329.1783667142517
40259.527705791785,42,4,1,293.04792761830487
54428.48862560905,34,0,0,63.10274367786635
46426.494874165735,55,6,1,353.99339322556256
43842.22275905405,53,2,0,138.3620546662681
77283.47798300488,53,5,1,358.37520304991494
67657.77444776508,36,3,0,170.5172789232013
52051.19971098846,61,4,1,310.74625586319814
15436.820960840501,19,1,0,100.75956885726646
44584.86165121145,34,5,1,285.14011673648906
90545.41346607625,47,3,1,345.88039726490734
46540.07500040438,64,1,0,125.46108654809878
66548.26358080487,27,0,1,278.96169811686934
71629.13602928902,52,4,0,186.95666696621575
53284.458737839625,53,4,1,330.8000174046954
37372.67552197771,50,7,1,300.7877979443031
13470.315023256677,18,3,0,57.36448201934323
60262.44812913432,35,2,0,142.69560919413613
37778.65995764678,21,1,0,153.39161093693295
52642.25677831538,64,1,0,176.83673412738918
31252.694906159537,44,2,1,265.7994480254819
46021.436892946964,42,5,0,189.1189251630421
50505.7858235158,45,4,0,190.10186307114554
54028.90371566447,39,2,0,121.27816119582644
33277.667189713786,59,3,1,296.77204718601683
67953.66423142029,42,1,0,102.52696510250394
41046.57822902043,34,3,0,127.1546792210045
24882.95809320132,61,3,1,268.9127825419081
48364.648700548045,29,1,0,132.2971578846283
50515.6296353969,33,2,0,128.74162280338547
52408.841497576395,54,5,1,320.2155815597532
70431.98605527618,33,1,0,172.32853651224136
46453.26744896211,34,1,0,82.21446679122192
48205.70563446843,48,5,1,294.6573816113909
33452.234281503595,32,3,1,290.93534650463687
62308.30254331845,30,5,1,314.8574027623699
52764.63596117155,57,4,1,328.9316592303631
43699.58409058756,44,2,1,308.6462474495514
21429.879598018044,38,3,0,136.36195944979667
71666.18292582632,19,2,0,176.43569731456168
31584.80053315914,25,3,0,126.48393717969162
41130.82985945442,59,2,0,121.96158630460599
55375.16766614005,24,1,0,103.84340403968307
32051.631070749703,27,2,0,102.68005698612744
27597.353326202847,21,1,0,113.22984043153258
18140.78625949003,60,5,1,304.5571826358198
60814.95429358454,58,5,1,363.1134429724264
41822.206329105175,53,1,1,304.84369838112764
93909.05138709996,52,6,1,358.72577987215044
35084.6740155369,60,1,1,291.365581252212
36178.234648566184,20,5,1,289.98674032282815
41519.105445718975,35,3,1,266.23922477959275
53647.01982707734,63,3,0,196.7074102522085
42946.94991822033,60,2,0,138.8587241072026
59184.98321003768,41,2,0,167.70337215729526
35321.17415017018,49,1,0,162.1225994542215
29276.124223046285,51,1,0,84.03058872242168
23026.778908863387,19,1,0,92.35891628241174
16646.387480942052,19,9,1,299.28724519242917
42228.96470787415,27,5,1,300.2388094390373
45485.29531410167,40,6,1,329.15089108116433
40528.44458775225,32,3,0,120.6031511539781
68651.08695780743,29,3,0,176.24737043135755
68420.45314412203,60,4,1,360.85755366266164
44977.955188332475,34,5,0,172.51914243161593
23091.183302120557,35,2,0,121.67120384409705
41499.42337917421,31,3,0,132.2673957982563
41002.67909124408,34,6,1,304.12419899397315
40142.97556582913,32,4,1,293.02697765907914
39534.216441526325,29,4,0,144.78619701660205
40198.056564127895,33,4,0,141.73732165069603
44201.87576153361,49,4,1,308.44565272420624
40466.88351776665,40,0,0,92.94741759341228
53124.83762938388,55,2,0,168.6893938657981
55405.53073857292,51,6,1,338.3522144068589
36340.32369226265,51,0,0,144.4938228931099
69065.9798901055,33,6,1,367.05771019132004
35299.06547239079,51,2,1,299.75925984831974
25732.990792769942,57,3,0,124.99074852942786
55711.67107047577,24,2,0,131.06806474866983
37738.8779837849,50,5,0,160.1344133250565
54819.37206136082,21,2,1,293.02020767420356
13944.970983492043,60,2,0,123.1131060329717
70886.83912224602,24,4,1,316.45304167098544
60084.40112060603,35,5,0,219.30032729903755
27492.851762554976,21,3,1,258.07242571240084
27818.343142305715,28,4,1,230.6020771020023
75083.98856146292,60,5,1,337.495148023859
38939.30144753062,37,3,0,140.69331270509
37487.22726901065,28,2,0,114.67696138466856
16009.218587760755,32,3,0,122.25290580750983
44738.326915976686,63,3,0,157.13972455544794
46584.20577746371,34,5,1,307.9270878910483
60732.39645154228,51,2,0,136.89759115343142
29013.823577232866,29,5,1,309.73791521324836
27195.698116390857,59,3,1,262.89082102165975
56764.43952164715,45,4,1,302.8914009269893
65100.95106840597,52,3,0,200.65234278631243
26432.714733231755,25,7,1,302.1907630007977
66222.71129449611,44,2,1,262.7029384098095
50563.12762230232,39,5,1,335.357618559369
66377.08008611968,41,5,1,369.95749653970125
48946.69457723575,19,3,0,110.3638070109219
12165.831237680744,48,4,1,274.692720665107
47720.48926525941,39,3,1,340.49265395021575
65902.15728006905,18,2,0,172.8710810001781
36593.80971374428,31,5,1,336.7082590015183
44180.525466388215,42,1,0,114.0057318440002
47357.997446735324,53,5,1,316.1652917634047
6507.291801972773,53,3,1,289.14581028629567
75070.21363156215,58,2,1,328.86258889671666
36479.36480154238,20,1,0,132.0813021064592
57586.03148709198,22,1,0,122.96394833000124
48699.48295777687,18,3,0,155.827601575347
68864.2858453904,36,6,1,336.3502133773725
56090.84183642121,50,4,1,300.6934169641312
46476.13592718538,59,4,1,319.6276016611108
36597.273612210796,47,3,0,125.41627083818405
61967.76052073208,29,3,0,126.44972274356878
21898.38044068075,27,6,1,262.9147663460701
59688.35630413839,51,3,1,326.9734926098696
33514.32872667691,33,3,1,278.794468666363
68784.2549293496,57,3,1,309.332699553406
52419.49313994043,63,6,1,347.06774048898774
59661.85651775163,46,3,0,175.35864001208276
51229.83220737079,32,9,1,365.8358223132108
23714.34357288505,28,4,1,287.70641041347005
37089.062549069924,61,4,1,317.26234852878645
60085.840064170734,51,3,0,154.27428302111954
52499.83726039766,53,2,0,161.72155151203742
67714.84857958509,47,2,0,138.2304139813172
56049.11844555758,52,3,0,168.46397168226878
35499.471639460106,26,4,0,121.44073416988238
38059.03793419049,35,5,1,270.16623250792327
51543.76085784856,36,6,1,294.4810891870361
15289.339009998417,56,0,0,54.86535546549902
75101.62828434477,21,0,0,146.4708487263047
56626.20104566336,23,5,1,343.7663380585397
68405.51895573309,50,3,1,348.37809437998766
26290.940887862464,49,1,0,123.96963252903093
68668.47740532883,33,2,0,151.670187097195
83472.48366541622,28,6,0,178.65108275924186
30186.824669340236,39,2,0,128.59246072763221
61571.0269235565,53,4,1,343.4481864952525
50016.6491703094,40,0,0,117.49356693114954
26833.492276276334,43,0,0,118.8348879251545
57393.259577778044,48,3,0,145.87594546655257
62504.048072560225,46,5,1,353.1343134443038
40983.1017099673,22,5,1,293.9160920189227
67488.74780382834,55,3,0,189.58158904297227
24998.548898162036,42,2,0,141.34710160278456
27578.657803255337,51,4,1,274.5153167808949
52048.96093383129,29,5,1,307.5200778282554
50380.77916958408,39,3,0,137.26107329068793
39251.39767363842,26,2,1,294.8551072389492
62143.91653957829,37,4,1,342.72276192601885
57963.41471323924,46,3,1,304.86555580108444
62872.08606401024,61,4,0,195.6322172584439
48152.95346971598,46,1,1,271.45723536655726
59038.70401967511,62,3,0,154.36738144827856
43315.24545455008,44,1,0,135.78616426767644
80807.28035129893,34,4,1,349.95818513657065
37811.813448170215,22,6,1,289.5835773540922
81579.46144187468,62,1,0,171.3535435890297
50523.319206341126,30,1,0,120.95116980965118
29367.33665646886,59,5,1,271.1843882996334
70521.19025732901,32,3,0,155.9886018805477
51888.52082592439,32,3,0,150.85000987515522
62766.86147570357,35,4,0,155.81936353285136
68357.8387781389,19,2,0,131.10298554269173
55069.33331217538,40,2,0,144.8771193540924
41116.38732780778,60,2,0,141.17004580277717
64635.70066503875,30,4,1,323.3254366863137
50011.332611818936,60,2,0,150.06014895385738
60287.86727912629,21,2,1,305.5916484108695
17694.04139312808,64,1,0,124.45968740332452
56704.72575514778,42,2,0,164.46538647959832
40421.21262282455,28,3,1,306.8467743657461
74799.64455767797,59,3,1,353.9549864760517
59346.310218336424,29,2,0,129.8375826698942
53597.86618773945,30,2,0,114.06813646946054
57294.649900253324,26,1,0,143.49488051519847
35023.38720684923,62,7,1,363.04928694634077
74348.8503579208,55,0,0,138.38968479542868
79870.55627625357,23,4,1,347.45507943163267
55893.70265822324,60,2,0,190.6594208714632
73856.05352860458,60,6,1,361.1846553917784
41462.77701991199,27,2,1,248.44654974038855
38043.29650662529,40,4,1,326.1047004873902
50613.871230933844,32,3,0,159.25615980827843
56524.11557551848,62,1,0,151.665735985475
44090.19978135319,40,3,1,309.1557176734394
58066.522855527255,57,2,1,301.61768191411323
54595.84223110121,54,2,0,182.81042450504677
35025.398370634175,51,1,0,119.2739382769813
57781.89526177582,33,4,1,276.8651006997673
62952.923637822816,62,4,1,326.10652915769003
52572.039763855864,58,4,1,283.40037735255424
67289.72154892539,64,2,1,320.56313457422516
31738.94309754572,49,4,0,189.69475977561126
57019.25633197778,55,3,0,141.14364409861983
32445.789404048377,57,2,0,120.80580096194187
33288.77962650369,63,2,1,255.53023480959143
40536.03749393315,22,3,1,279.39316560692873
35869.09724638633,34,2,0,127.23562484840699
41780.06271888293,39,5,1,272.05666828257546
46787.74533933217,56,2,0,158.78344526471008
62557.317294970766,58,2,0,156.9174291600301
45182.614419414465,35,3,1,288.8657676844263
26215.61439845611,45,3,0,107.50696064595779
67101.0176974274,30,5,1,333.78028186012216
37443.64799577441,59,2,1,319.1833106493111
49119.193593430566,18,0,0,124.32543998770211
56698.047604110674,36,2,1,311.8717469579534
52994.156276041744,51,1,0,112.42476537558827
66412.69321282214,21,7,1,394.96029329416626
57185.04715089138,60,2,0,147.38755037200997
37080.356304543384,20,3,0,139.36827857641828
82678.43260987493,58,2,0,184.5687142948272
52915.0019500735,27,2,0,139.51174019481542
47789.896600677406,45,3,1,318.04217938272893
64458.881345833564,51,1,0,171.45435114833055
53741.764188951085,56,2,0,120.1372749089842
55988.422894089905,64,2,0,129.5630285366027
87382.7599790103,36,5,1,352.8338286531295
45873.1785761743,59,4,0,175.4334308525189
45233.58658973906,63,3,0,157.80169954611617
51748.67768018696,53,2,0,129.64725990409704
66072.73903371558,60,2,0,182.3986641171071
27401.989547144014,20,4,1,308.2758582025495
20516.661627852423,40,3,1,267.908716224015
41193.27094069779,34,3,0,148.33462258586184
25491.155614110692,24,2,0,76.01201463530252
43627.529787115425,43,5,1,307.94188954049434
57537.495441939354,60,2,1,320.7896864502956
36638.76704671605,35,3,0,136.48509222251957
28597.601348279863,63,3,0,124.05483708839824
51040.05742573022,63,4,1,316.1075825134919
62938.152269227554,23,5,1,341.6795866768684
24575.39842225081,48,2,0,112.55173974123308
62303.48597458976,46,3,0,154.36187205444864
62259.5930560749,26,5,1,333.33638478403947
64311.276532349424,52,3,1,318.996440299305
68277.2032230753,34,4,0,195.66182290653367
83030.20886989424,29,4,1,326.91329642447704
44658.619270714174,53,2,0,149.3158269034288
51643.57370116787,41,4,1,287.1832777801929
43753.42350127962,27,8,1,340.0691992693641
50029.652671337164,47,4,0,191.7939924716658
72993.10033454468,46,5,1,302.37846521912803
29824.78274103997,56,2,0,136.63914533431992
37084.254917516366,27,3,1,273.44243522163373
70657.71404756841,56,2,0,167.73194266035907
65300.54760353135,45,1,0,140.75969164805545
44553.02529774383,35,3,1,292.73000733442495
62816.03001681079,58,3,0,181.87533093895198
55118.2376373805,34,4,0,135.05284411161318
72504.11913501481,28,1,0,157.58737082789264
51117.64390740159,18,4,1,332.1853351224111
65384.48170808874,34,2,0,147.55100861790558
89630.1786573893,53,6,1,364.5710536506147
58971.48732571199,53,5,1,331.47187063278056
50739.92248692265,63,2,0,157.37436180387536
60836.70477831469,26,4,1,298.7177768801662
44520.78712694172,62,2,0,157.12331150687777
85819.51558287098,45,7,1,417.54367685993304
52701.06556543972,50,4,1,351.1750237458535
45906.00019661731,20,0,0,125.18970752448232
37464.66492469946,25,6,1,328.8493885516354
66458.30287409658,23,1,0,161.42727357985905
63007.811192416084,23,3,0,154.9669536620522
42539.684428788605,46,3,1,267.11174857330167
58646.77017683634,54,6,1,365.4356969025407
27371.660476807152,29,6,1,272.1501747392838
52774.55862609734,26,2,0,124.625398988905
56791.34528115042,58,5,0,196.4231370202624
75609.94714338834,36,6,1,336.57648767691813
38437.71795906966,34,4,1,334.19837884185586
30824.710567965136,61,2,0,122.92159411865063
36568.58058612437,49,7,1,306.1171046898897
29951.4724952762,52,2,0,131.8750590141681
70049.86036638475,31,0,0,120.6801942691592
73229.58942536055,33,3,1,311.435465259498
54803.24866923243,38,7,1,354.44903612404045
68319.42418527722,29,8,1,378.5316718166189
52009.37570870353,41,3,1,313.67302633338454
48573.32528448851,51,6,1,332.1572153338713
45004.435714193576,25,3,0,110.07099190713143
45344.135129336515,61,5,1,336.2790653538306
26782.97665536453,38,3,0,127.71940145415685
53963.82145411009,25,3,1,298.8465686185457
49394.99134678934,45,3,0,139.05459792824286
61180.41086116814,33,4,1,322.334120351325
51402.85244657915,27,2,0,123.16967526107355
47559.44447646362,32,4,1,308.5972672251532
36932.10454988554,21,0,0,61.88208111349269
51082.29855232642,43,5,1,354.0962443239091
61073.55846224243,32,4,1,321.25885555732884
32849.91513374209,53,5,1,301.3510591125792
51312.10630521109,49,4,1,308.7912037811833
53495.644272942256,60,4,0,199.34074926318522
39229.02824572603,55,4,1,286.6588857453404
41182.15542638,21,3,1,270.1844472159726
53459.16273149322,58,7,1,329.09109030014037
32998.684725610656,26,3,1,278.68187614477944
55248.85572874089,52,3,0,172.6033621731425
36569.684395111995,45,2,1,283.60585197183354
65942.80539549825,54,5,1,352.5658374245632
85067.4161808245,64,6,1,398.36182901736186
37088.647974472704,26,2,0,117.39930506718487
58013.11793562012,19,3,1,279.915051888651
39098.87142676971,20,3,1,260.7167688293723
65614.31260696684,61,1,0,140.32186221219186
31021.123863721776,22,1,0,125.28322488776315
57208.80137641569,27,4,1,325.5398324671134
36905.16549665971,45,2,0,79.66279649114614
46895.23116352447,32,1,0,127.97752977652812
34534.620872790394,31,3,0,139.93570293158524
62335.25706343631,63,2,0,149.50310040251642
37445.294683406195,40,4,1,289.2677945248185
58279.463889977415,30,3,1,283.6758077295525
44838.529576065004,33,4,1,276.58666663240655
48282.91442301706,47,3,1,291.4271315417341
52216.33861100193,57,3,0,192.94136620721486
38572.62992511727,25,3,0,117.45934184363708
53155.5067031133,34,2,0,135.36373822270934
72955.01846531617,47,2,0,148.42165999998056
38328.57821250928,34,1,0,76.34956009791918
67577.15214910767,52,2,0,159.99995559744886
72471.46450231677,18,2,1,320.2180847201155
37757.67516457934,41,5,1,316.3498211935208
28174.18092364172,42,2,0,108.68630308917056
54529.41350257647,19,3,1,304.50650868237875
41788.8871584969,42,3,0,134.72217983808795
78029.04828744504,31,3,0,146.8710630720557
50522.113107497484,56,2,0,105.42982184819667
37967.00887947231,50,8,1,338.46623861584635
32792.60733482433,34,5,1,346.02354668636576
66348.57438636245,48,4,1,306.58468946928804
41432.240388737206,27,4,1,279.8596694266018
50657.43199190642,23,2,0,150.32103267844673
64337.04117668721,56,3,0,151.47885672220602
42736.124721037544,42,1,0,126.73762561489917
49311.06756889759,55,4,0,147.73653897743623
49751.4738526622,54,1,0,106.32936111350384
60249.86767274138,47,6,1,318.7933746384166
58861.165032654884,51,4,1,324.91073207856465
46698.294031177575,35,5,1,350.88913679364947
50954.73592244776,41,5,1,318.069399496477
44423.314827147675,44,2,0,154.47483366514834
27835.81389620833,44,1,0,92.98411372075546
53864.01286097194,56,3,1,311.52571093720667
78382.87641249601,38,5,1,320.67482358212106
36744.21288963406,36,2,1,269.85688391674296
38404.55435595945,56,3,1,286.0707503483557
36939.08342534388,40,1,0,140.5423228717101
60868.876680846835,56,1,0,143.46156520588232
56727.2818129466,61,1,0,145.8442069042537
47621.93461375315,64,2,0,173.4250807804648
36229.714075415526,32,2,1,285.61378522336844
51385.651874598865,60,3,1,325.5480275548901
26530.668089962935,19,0,0,57.35040900513225
52151.3985028624,52,3,1,333.7722818615783
63072.86579131901,37,1,0,170.59825562071939
31232.01295049483,45,0,0,123.56080159642957
27012.225847555044,32,5,1,306.8099442635666
73691.5683754229,33,4,1,338.8905116710419
40823.60540743123,50,5,1,346.14488542145125
67039.21768915733,64,4,1,339.4364196323849
47690.03502203253,29,2,0,152.0279285230758
47570.677745880086,56,1,0,150.71033910224094
56576.19049244968,56,4,1,332.9356311065198
36740.01714880339,60,1,1,297.96135035554187
51987.45715243468,37,2,1,292.7441210856821
44277.65877763861,46,5,1,335.90492773376906
30192.598348924526,60,3,0,156.72446771121977
55062.23112089599,20,3,0,140.78852500083215
46050.38289683126,22,1,0,127.8124253256748
47644.62757332938,19,3,0,106.06905900018373
31847.585848787632,40,0,0,114.78770381885414
73871.00551644206,43,2,1,264.33932211284946
63150.71279579174,43,2,0,181.07966183414334
64462.33826257968,24,5,1,297.66759035140694
45418.32946337477,27,4,1,294.71139699719197
24062.256657448695,22,4,0,149.56251479251404
79293.76073734266,64,2,1,341.6964216332132
49083.53737991198,29,2,0,121.56903393929191
38768.00305969919,49,4,1,295.8772733735466
56252.02361724671,59,1,0,162.75286923512837
67506.81182004946,48,4,0,165.21135150578965
49654.241658718005,39,2,1,292.4570265196845
69178.62751909062,34,1,0,133.93787795153776
66244.99907775303,37,1,0,154.5904846176541
33854.282188969126,37,6,1,322.7922681082312
39893.148415107855,60,1,0,122.4286728441155
64363.05744919651,25,3,0,139.0334141688878
9310.811542843432,64,2,1,250.1974617901502
47758.16460252517,51,3,1,277.8149538882401
28537.53197562992,40,1,1,230.70099792672835
42851.69297849713,55,7,1,358.4860284350285
45517.69866456194,45,3,0,155.8650513978981
44626.33433138738,30,5,1,296.02622399066786
41716.08121831087,46,2,0,161.67238675717846
33542.845255567794,25,5,0,158.13178999950622
84378.6690022803,28,3,1,337.847236516062
78011.93006242026,64,3,0,211.48206977897163
32569.012696155754,62,3,1,312.88762530409826
73731.75126955351,35,1,0,164.6718664108239
44008.01764290721,42,5,1,313.582745954576
51937.81209997566,39,8,1,351.30622371767555
49050.89060154626,62,6,1,305.19854035735176
40103.77038119051,52,3,0,152.5102202442656
64757.7851540922,46,3,0,179.50418723712536
51888.29795864987,38,4,1,309.7504808678187
42851.72865171138,24,3,1,243.45998655314773
30431.158342992912,29,5,1,252.39155568866443
36596.07479421319,53,7,1,288.7057267310952
25379.298265968548,41,2,1,236.06499563608187
50183.35322622754,49,2,1,297.99316469770883
32050.016115734063,44,3,1,284.29986517753923
46016.59231222188,49,2,0,140.5175789188859
70551.52780415556,49,2,0,158.1944730631659
67989.49359382378,49,4,0,166.12962379208446
49515.846588460736,43,7,1,330.2411034606604
48693.72910785275,28,2,1,278.96047617164766
78198.11824131513,63,1,0,183.4365504871038
57811.34180538067,35,2,0,160.41162974716826
45082.90310185216,56,4,1,314.7108086022769
28609.728243193218,22,1,0,62.81302777036879
55908.09827247115,33,2,0,138.83052512419326
62439.856588742936,28,6,1,340.5310331405346
40525.227132295346,52,1,0,109.75503178785678
54368.04132707049,28,2,0,177.48785331776358
44546.400576274566,59,1,0,121.19624698673181
47239.51401201496,40,1,0,119.81545438182029
12682.669136565033,51,1,1,242.23226844421828
46673.27894425797,34,3,0,117.79526785741041
64540.539536120814,27,2,1,262.8367310157165
40528.96166650163,35,2,0,116.72491594288483
50787.895523229745,61,3,1,251.12998817963344
38660.73939962119,25,3,1,284.5538627413992
55406.6251443916,43,4,1,307.70892644047603
46752.1520369574,20,5,1,293.8487099542239
35911.3768897699,41,2,1,284.7245523046363
69988.27201497692,20,2,1,285.04003750209563
63933.98020298323,55,7,1,342.8346971878464
40926.398541077375,19,2,0,85.00569515837108
57466.82464126666,52,3,1,283.3084492922633
58061.180042305714,34,5,1,344.23763797941314
59634.51852516764,26,7,1,328.24371457374093
24586.161560073833,53,5,1,297.8016573822275
65099.09811548942,39,6,1,333.7610402210024
41454.51555611403,48,4,1,317.7414566096354
44632.580998380996,51,4,1,292.37009079730745
89568.226283903,41,5,1,339.9999467239903
54528.100710815175,26,3,0,114.59852052297485
44205.16286829237,63,1,0,139.65506349059314
16920.58440866141,60,11,1,371.73664829518344
70846.46200919533,19,3,0,171.08869748442874
29821.85493787096,38,7,1,337.633911706884
34948.41644750745,51,1,0,122.09172221578895
45029.71551368226,44,2,0,147.59195498439055
71246.17687550439,54,5,1,364.8321169456998
61598.59979998639,24,2,0,122.25806067152843
47632.437352396104,39,2,0,160.21050742258333
54624.38095458232,21,1,0,133.56456036887917
40994.21460693341,31,6,1,335.73240615650434
52094.805343480264,51,2,0,162.32694758336396
51100.05117167205,40,2,1,259.2348910688011
64531.5484352203,61,4,0,199.9428384530599
64507.67183658424,59,6,1,358.89718161696015
57409.660733084675,42,2,0,139.24044081045835
44564.786636808465,18,2,0,133.68160841374117
61127.3344158519,32,5,1,339.4214360872388
48620.4730069543,49,1,0,161.35223807197858
33771.284469303006,31,1,0,144.08811834919715
43950.68312133592,58,2,1,303.36335631284004
51267.90475676487,38,0,0,129.6568749437518
63653.23675497118,64,1,1,319.82374366113356
47247.07741764271,24,2,0,118.43740516549789
31862.019331405907,53,6,1,337.71207163225813
50851.12524945229,38,3,0,138.24953067196205
51701.840600848285,57,2,0,146.20980528263567
52787.564433541294,29,0,0,106.19812134030228
63798.072739316456,32,5,1,314.689540622787
65283.84860134848,32,2,0,170.6259506465947
41086.836914275,34,1,0,120.10758134349413
40757.84812926585,51,3,1,305.5648994876988
34397.0193356679,61,1,0,134.6224039106404
60482.23505420714,52,2,0,135.21052790748544
71732.30162506574,56,2,0,143.73675644933593
45273.77108136615,55,3,1,337.54147092696115
46378.541529125105,31,2,0,116.7962649406127
72001.73835348464,22,5,1,339.4815563199357
57583.36779822512,47,5,1,327.617119112893
56543.535572015826,21,4,1,305.7048676977533
32136.2524103941,32,2,1,281.2116377545616
60180.921039191286,56,1,0,129.53987497981782
36062.95489235363,52,0,0,104.6425522446234
32989.69721097563,62,2,1,309.0237044717199
44798.42634849931,27,2,0,127.65077606735218
41213.10914826965,19,3,0,157.70455720389938
46676.00458422441,61,5,1,340.01522008193666
28385.27548212622,41,3,1,293.71283091898965
64382.24459701509,45,4,1,333.69407064215403
66915.29441774644,39,2,1,363.72771391963585
20789.862887887786,61,7,1,307.2552397254477
64676.86708499825,49,4,1,296.342361562197
37842.07055267561,48,8,1,324.7832243274948
62854.63305474179,36,3,0,156.19981032578596
48973.30261000377,38,6,1,379.1729172093635
50431.63346121498,20,2,0,145.78087972002854
47223.53525868172,23,5,1,331.0818029093355
68181.9380635023,49,5,0,149.34902551072827
31406.179812124577,19,5,0,131.989882856373
59117.605081025125,41,2,0,162.62298548680798
66519.95247334326,62,1,0,161.2880135070058
60745.10120810616,44,4,1,291.3444649835614
84870.48371485126,26,4,1,345.6692225937707
42065.798559129515,30,4,1,282.3187370187609
64359.572338902966,31,5,1,336.683192276065
48408.640469878694,28,2,0,106.1013311489324
68501.09114529005,31,2,0,153.21489519503882
49884.665064179455,33,1,0,152.35040534418624
44181.863272062954,27,1,1,260.01355054295607
69591.08305807444,37,3,0,196.13651945622854
42626.57091471605,33,4,1,275.49297841484963
28809.113616491657,51,2,0,115.9598650923167
42247.29675239257,33,3,0,147.9569943179195
59285.49419882799,31,6,1,321.7032963635482
70880.58127380637,45,2,0,156.78761058908418
51666.94062944768,35,2,0,115.53913295062279
69772.95600851037,43,4,0,147.59962601805614
29627.376177836097,55,2,0,133.5591461566002
43351.04802773146,24,4,1,288.6604746175224
45671.37324268848,62,2,1,320.02417998444514
48281.608587912204,51,5,1,300.9941175924202
51261.41582375295,64,1,0,134.53314325134235
60363.66436088289,62,3,0,157.05850114667362
43327.897427442644,24,4,0,126.12355359307261
52085.43030429688,50,3,1,333.63563317781734
49323.15664513923,52,0,1,255.4503924052254
36111.651441632755,56,3,1,294.15689930743184
48294.99966377847,38,3,0,150.71918773785555
47845.10705154323,45,3,1,280.1069319234092
47523.79152495431,49,1,0,148.23959252663303
50476.39184872176,61,3,1,288.2004600884367
51135.10310920079,33,4,0,180.22418140613024
43515.57231339005,27,1,1,253.56274308949082
69090.72100956898,40,0,0,147.42697696935312
32457.79056195475,32,7,1,361.43770976986025
39185.448372951556,60,3,0,169.25755399516729
91699.45436335335,23,2,1,297.50042082806146
34430.12967516155,50,2,0,77.9647481262462
29693.67987935362,56,1,1,295.495231889927
61017.15117501827,29,3,1,309.75778459825347
18843.20219339189,53,3,0,156.1657938161031
46470.89135041342,48,2,0,157.18594031439687
82187.37387614732,27,4,1,335.18985498539183
26825.96116769899,51,4,1,317.041883622687
20270.5327139193,58,4,1,282.02814163488154
27512.281970634525,27,1,0,135.60326742508323
63475.39352520478,28,4,1,308.17158678673866
66871.6507997872,31,5,1,324.16731511866203
42311.16804532237,20,1,0,124.0188455283217
60248.18606001603,50,6,1,339.03472112127446
70853.82991267985,24,1,0,158.24558768363983
76810.19621644738,21,7,1,352.60733813169117
46304.970782302276,56,2,0,153.43027818301294
15477.924234950195,27,4,1,294.4214758288527
37686.8161638547,32,2,0,126.23569424884408
43597.93707597114,33,3,0,135.78377589347636
46115.918051324144,55,3,1,299.04963204944875
47182.108984869206,21,4,0,163.51749479661615
66783.41896896003,21,5,1,350.1501555939719
69116.42640031372,53,4,1,299.54607438350587
47424.89519112825,44,1,0,142.44739562282018
66477.27314077728,39,2,1,285.1059655035851
55364.92049946634,39,2,0,135.45484122840836
50967.58959293857,34,5,1,318.6036560508462
63598.16235664946,62,3,1,324.26529726271997
51083.780723568736,51,6,0,183.94358803225066
80867.16765646644,49,7,1,381.53671134893654
28423.832498081614,23,4,0,118.63296058851802
42272.43651361973,50,6,1,338.1735655320273
48102.216545690746,25,1,0,116.84173052861665
56591.79035686986,53,4,1,330.0340889454639
69019.40730654633,22,7,1,340.8437494871385
49634.02149145765,22,6,1,303.36422517058975
28666.555257406893,64,0,0,89.98038001365079
62637.70844682507,27,5,1,318.74084247681344
61324.38149212947,57,4,0,159.46744785895027
20872.120109308908,24,2,0,121.73373182273527
49942.93799493801,29,4,1,313.7179843832178
26147.87253979553,47,4,1,266.45977380048913
40030.23353746906,42,5,1,276.30379443451085
36457.866095558005,45,2,1,295.50652517371185
62138.970473629786,60,1,1,314.32023541725846
51752.452612582754,30,2,0,110.59601654886626
30716.134988659585,64,4,1,291.1087427428169
63200.98944436014,39,3,0,176.01964928870478
28492.912641073784,35,4,1,236.72514987969376
54951.70685706416,44,2,1,276.285127411163
37789.83996062666,25,3,0,118.26699306023204
44514.843762042205,23,2,0,141.55364608965883
57564.06122057576,28,3,0,145.60697282735276
57821.74098589293,46,5,1,346.47003829624964
70054.5361033394,58,3,1,314.34217298936267
48766.1945049282,22,5,1,317.9436120170541
54596.76294445011,24,3,1,299.91924065437235
43433.94016393513,39,1,0,106.27453050003317
52729.84823934196,64,5,1,325.4842770287513
56592.290720127676,21,4,1,314.1074220573509
48525.35228818436,49,4,1,312.953548303377
22943.742738612556,36,2,0,119.5359398111417
54972.06344496343,62,5,1,352.4498034562613
55468.42216033186,50,4,1,315.8376238635161
39797.397854780735,18,5,1,243.9676155198003
30734.194458912287,63,5,1,288.8149150732694
72138.18725755948,58,2,0,140.53760376012275
57371.68266341603,61,0,0,108.33592707161291
46563.78453617435,58,4,1,312.37330998745455
32944.50675278769,25,1,0,113.86176469352523
37672.777573679814,49,4,1,276.7878858515316
69538.85595179348,47,6,1,367.68880715266135
52064.92911302069,63,0,0,149.52375617042594
41741.1939949894,45,3,0,183.531073079784
57645.33846836984,58,1,0,165.20182170023978
37784.02718830515,49,4,0,172.91312805393824
72512.64545420567,42,3,0,177.017074041555
70292.00802345088,51,5,1,327.00135169073997
43001.388931958354,50,1,0,122.38664742608424
40569.94629453709,30,1,0,136.5734231299756
10728.0020196158,42,4,0,118.07415073288395
27776.28842672948,59,3,1,291.14382212845595
29907.953375633657,57,0,0,125.72918680560102
52027.85511481079,56,3,1,312.4697737527457
45106.49443337961,61,3,1,300.79897680492905
29819.96768877138,61,4,1,287.4844707292253
45782.53936303164,27,4,0,189.94492810568408
57580.05721471023,48,2,0,158.6778731464158
57917.59024873381,61,1,0,125.95079974990361
21504.945787116783,28,6,1,281.20624604323433
48076.04779274254,42,4,1,308.50032685377283
29249.888345425843,63,5,1,323.33605290602793
63525.93045710411,62,2,0,161.59400154407476
61762.196245302475,51,6,1,316.86980756794134
36529.59160513312,37,2,0,86.91454210336624
38509.321963994,24,1,0,74.74566135611367
43080.99424252539,50,1,0,138.2060234556423
16208.099079029911,52,2,1,265.5611805961031
55039.52260160865,46,2,1,283.91847722609594
45907.331804898036,29,1,0,160.46156884162696
64552.626238517885,22,2,0,144.4753646193814
33523.86173056171,29,1,0,75.22520931870427
40713.15577625103,46,0,0,110.65123249557743
27402.12112941327,52,3,0,141.86254754773458
34935.6415475862,37,0,0,93.23472778611492
32270.270058976716,54,5,1,305.49095073028144
64939.60518269669,18,3,1,316.0351328092118
39526.07226872911,33,4,1,300.01407555644175
51862.6352711692,47,5,1,337.946085074819
44288.548942072935,26,2,0,141.41931360423789
30958.021009807806,59,4,0,119.35953544095098
47475.49365242536,27,3,1,302.3125126826499
58986.549977953924,30,1,0,146.2067648179094
31883.609111849717,37,5,0,155.1662174213818
62136.69186097068,46,3,1,321.54997080893435
37254.186177834556,21,5,1,279.61045060324807
42755.24110890739,63,2,1,324.7617363181148
57960.246845150716,45,4,1,331.9548168986209
40048.45764170768,54,3,1,310.5227278264078
50563.62289003799,30,3,0,173.2395825362493
45279.637568178616,20,1,0,132.2646921647555
51940.520100557274,54,2,0,166.48841943139226
14288.913417147545,36,3,1,213.4557910629617
22554.772771878757,45,5,1,238.0319308583595
59239.50509070257,36,3,1,304.221197511346
65557.72108473575,34,2,0,157.56159290112345
36342.69944702718,35,2,0,130.5367389505235
46339.57471743299,35,3,1,299.47484143430563
54420.78879353452,40,3,0,160.13164300272757
60398.26402488056,57,3,1,321.5517967145372
19584.84092493727,26,2,0,87.49160681750813
36709.396295324346,46,2,0,101.50367939506992
45011.30930225187,59,2,1,291.7685036209745
60547.10295854074,46,1,0,130.70708047683172
87476.45725582243,19,2,1,308.428776125729
46579.914097854235,34,3,1,260.00960006235914
28895.338068440167,62,3,0,136.21582927407397
56034.021158019474,48,2,0,154.94203426806092
69814.93684311066,45,3,0,143.35175712360345
51620.21181469251,60,5,1,340.1039749166375
36400.27182268561,56,3,1,267.1970385295441
64369.90912220029,47,4,1,337.49155364121555
59953.184277476525,52,7,1,339.83495736933537
34608.78733706563,37,0,0,123.85482353851384
55721.38426301513,33,6,1,316.72081736694804
64958.98351488309,51,3,0,149.2986559213286
67728.3506383834,31,2,1,302.21258126484184
49003.26537035816,43,2,0,147.22996329998583
44628.80830731022,37,3,1,311.81228228970997
68409.10733121894,59,1,0,169.424334849563
31847.592455286725,41,3,1,262.5291910580399
56578.68936381508,60,2,0,161.3880452510156
29449.600589533562,35,3,0,102.48928564738814
65980.64408389405,60,4,1,355.4956298386563
46129.31726583258,26,3,0,165.5261118447578
69028.74853471204,36,0,0,139.15087531553067
57371.1913453329,37,4,1,309.58182269790143
31651.69654907105,59,1,0,152.44488228110868
71369.41598115864,47,3,0,201.48682147410307
73268.67899641594,43,8,1,334.6622717046764
63234.297388988234,48,4,0,186.29122280550325
38576.182024456706,52,5,1,309.47591173118076
45409.790684638865,20,6,1,284.37109160898405
52181.40826108639,57,2,1,331.56374220243157
39444.3440100285,46,3,1,273.5109665920876
75385.19858694807,23,5,1,354.058552840763
52164.89707589055,18,3,1,277.66350067468994
9449.779293389642,41,3,1,234.08015022244913
55090.33719134331,55,4,1,323.56013540697364
44777.639047740304,51,3,1,266.49369768392575
48876.101658223284,24,5,1,351.05238483566706
44470.709513214504,28,4,1,310.5267367420702
62105.69624910031,28,5,1,313.1969021773383
66795.31667830072,53,4,1,329.66706836594744
54245.79743387981,37,5,1,302.9875076523432
44910.33219292761,33,2,0,136.36339109604285
49379.94192786245,22,3,0,111.5470357652355
50293.99424866442,41,2,0,108.68667089342699
37963.54940202745,47,2,0,135.25358156272324
58683.929728568524,47,1,0,172.8671270578906
56900.63485790699,56,2,0,135.95824272040394
73106.6185966501,64,5,1,339.5700012108223
68830.24670432712,54,2,0,156.31768545274667
39714.87623614805,50,3,0,132.22749461554264
62304.47561763447,37,3,1,303.48922732079444
35735.69925358293,39,2,1,282.3915933773364
60438.98151411275,58,4,1,322.7418435755452
42250.787018598385,38,0,0,76.07006836903955
34651.20164936624,54,1,0,113.06842832173449
54200.68014046107,44,3,1,312.4244038418029
9881.49307768789,55,4,1,260.06812508789767
23735.36638392158,52,4,1,298.5925608252039
47337.62174338575,55,3,0,173.03591744740234
51236.62649952264,57,2,1,304.57500675959193
44460.218447627165,23,2,1,258.2433549398494
26308.45551923602,49,3,0,158.79716730472103
37731.62236792242,33,3,1,304.7761478404362
55868.13990856091,45,8,1,362.23831143662045
58726.72655942544,33,3,1,296.81620159331777
49756.65323606088,44,3,0,171.65073616721457
67352.50671555483,20,5,1,333.00787172688814
55960.955351888515,38,1,0,154.1282398937741
38788.165190626816,55,5,0,160.06070516441912
45792.46919882574,55,0,0,114.30934327172542
28957.00764188218,47,4,0,108.29759612974206
48377.91514412875,39,1,0,159.13110399258068
66681.50928832009,36,3,1,340.3299265148249
60279.35127066452,48,1,1,281.4919664021858
71030.13988878683,37,2,0,162.26872534613108
45456.7213430151,64,0,0,140.76239089692942
70191.49691771387,36,3,0,180.75087040559453
47100.436603280454,19,0,0,112.37802218886605
72073.77623854841,57,3,1,321.03454074994335
49672.14878836815,56,1,0,131.28714941897448
60608.47060706415,44,2,1,302.65951829956384
72126.68546464783,25,2,0,147.0126877008767
47098.58557128192,62,0,0,165.826122240009
53275.83481316261,44,6,1,332.4991915086643
69332.95137809453,32,3,1,312.13503005443346
48004.952541049046,29,1,0,115.83707067420018
30186.615762407582,64,6,1,299.2380656243167
82145.10581877365,31,3,0,194.24384835941007
42953.53303494295,24,3,0,100.4622793571784
52381.34076406314,34,4,1,316.2102932013296
67340.10004176691,43,5,1,312.50545838960176
40872.591444031976,54,0,0,126.85940622904239
34881.98130166805,37,4,1,314.47316811050325
53806.059451622496,27,1,1,289.616719058556
23103.854031314157,36,2,1,245.98831195458573
45681.4088469812,35,1,0,103.25700296547403
53675.57996473109,47,3,0,155.1267674104905
45950.72154762254,47,2,0,116.53869108160455
26848.235852213795,42,1,0,92.5287556634879
73912.66934306017,41,2,1,305.41476606279195
51553.07230923763,27,3,0,156.37027639326718
71467.28176642611,19,2,0,194.38982823545342
46099.45624729333,55,6,1,336.9936565839366
36799.82027463854,49,4,1,288.8394431588796
54037.7138038274,52,5,1,352.9539221033151
46763.19310507671,54,7,1,364.19998228154026
32333.57813012963,24,4,1,300.2575795837019
72046.76388181244,24,1,0,165.01099816151188
40665.94665659006,44,3,1,329.27121856414726
22396.00422806647,27,3,1,216.30648188563225
69922.49080936,50,3,0,172.61095590747107
42435.52976281065,60,4,0,139.65283120444874
40882.64161076563,24,1,0,123.45779107573854
23519.18619455039,23,2,0,112.35941477469542
76114.12229895487,23,4,1,335.27412349231633
30657.79119185469,30,4,1,276.0231599820653
50876.74221058475,30,0,0,122.21890319198656
63689.304838106604,19,5,1,332.89187558468
56325.753995046456,36,2,0,135.91151976854707
49105.185320117125,36,1,1,255.40868833381833
24475.012125688758,55,5,1,331.8138897984766
37854.12746349074,19,2,0,133.75609627303865
52817.00507063783,43,4,1,239.50484518264352
38192.388950195054,23,2,0,96.69537818700186
53050.391899981514,37,3,0,142.8661796375086
60226.151132227125,40,2,0,164.13456334229468
64437.54328700152,32,3,1,270.67294380968144
31607.30963280975,23,1,0,77.4706373310867
82949.69082468431,45,2,0,170.68144004807186
61512.19016831196,52,3,1,320.73091753057093
49974.28769496404,28,5,1,300.30772639792355
66343.04874614961,25,5,0,184.9294201520217
85481.1165799996,41,1,0,155.0295964544973
28419.198484146957,38,2,1,236.8872454080608
46621.060362629694,53,6,1,339.2293756774224
14323.525101900072,24,2,1,259.4162272213057
52889.77298972037,22,2,0,153.2057651223386
55480.91362887711,46,2,1,273.4162839776212
49412.568268358606,33,4,1,316.9745137772569
40181.99643502535,23,3,1,288.8633371920742
19257.28225717512,31,2,0,141.26425795399
55603.00525117653,19,2,0,114.4352961801837
71831.51725872987,42,3,0,174.69456176359665
41134.72316399852,48,3,1,294.2835885979581
56600.89893534718,30,3,1,268.75051394567174
26477.835298699243,35,2,0,141.3139607524351
56858.19595538771,34,3,0,135.7521339424569
44099.26553383014,62,1,0,118.49684395108079
38563.730740956285,45,6,1,317.2884940415171
38594.54538175804,29,2,0,106.64296869736344
44095.82626950485,52,4,1,321.7953567411277
55736.49973538803,39,2,0,145.36991295753904
30317.551982067234,56,4,1,258.43033850534175
44043.270026482205,18,2,0,87.22705704413588
49377.92333001278,54,2,1,305.839502091936
33514.41163202211,38,2,0,107.65732568189378
76949.97802512525,18,6,1,344.6028555038702
37197.56779907987,21,8,1,334.2711938577468
39958.44629549764,49,3,0,121.89664607572671
35325.38075266253,18,6,1,278.28627405302836
76977.20130707177,30,5,1,354.45944285464685
58293.57842899222,63,3,0,161.7053046804707
35951.11990634537,64,5,1,341.8774804583877
66593.47338289954,34,5,1,346.0227193617866
53010.48041433317,29,1,0,134.423391100576
53858.80131667253,24,7,1,374.36300302420034
44832.84186871321,20,3,0,123.43973152201389
38758.7601956454,43,2,0,120.81218562753887
55066.49148581902,48,1,0,151.8547157857928
41823.69155006614,53,2,0,137.3881583402628
77251.33444362658,43,2,0,154.5468031617022
30960.633421353436,20,1,0,87.87627104401878
73042.35159282418,61,2,1,297.13845649411144
48330.21726803299,45,1,0,132.79477485435243
54486.28601031659,61,4,1,338.8482457432721
62497.366499441516,34,4,1,318.09287123199476
40546.260574933454,55,4,0,173.6613076347761
62963.72577047955,64,1,0,153.81722114227136
9386.84216928234,47,2,0,97.02363891533591
39200.157001670916,19,7,1,325.0487402435602
36139.05788988402,25,1,0,103.88890413016743
31197.409814423576,31,4,0,135.50002254193222
46775.67742881573,54,3,1,301.9379118864857
55786.249522725426,52,5,1,305.5457363574467
60539.899977489586,59,3,0,175.60529396164782
53613.151358006115,56,4,1,298.87721018842893
40014.598026596796,28,4,1,286.4084967417767
55535.24656737751,32,2,0,183.29590909523876
51864.28542276276,19,4,1,323.1167750360092
64040.84251904024,54,2,0,146.68681475505028
61654.05054397275,60,2,1,292.40307803178916
50457.146208809434,49,2,0,137.4486825860779
36541.20490758115,57,1,1,279.3659299563158
40205.747662518785,30,5,1,269.36386322989875
41753.1596054295,60,3,0,143.71189256868473
45271.004991256166,34,2,1,305.6884181149617
54020.7564138463,32,2,1,283.9013647594951
60727.61585192088,50,6,1,326.3108264581544
49233.219604769336,33,6,1,301.3957308115308
50241.87181850709,30,8,1,320.6210933385629
52149.594575000054,39,3,0,177.16535691018825
42261.4203030149,40,3,0,146.73503273574747
36119.11613535566,53,1,0,121.27229762058428
23668.431540339352,60,1,0,130.6070317037643
39572.759628846914,27,2,0,139.19709665272865
57097.181799016806,34,1,0,132.50530329203326
39456.32842940649,47,3,1,303.52627574989367
46432.89443861091,30,5,1,286.3321878152901
56996.46931118475,47,3,0,158.54152543450346
57810.34244634003,63,4,1,326.8505724482838
33807.00721750942,47,1,0,89.32597633809667
64955.89034680462,24,2,0,139.04955353036848
66910.25134033228,27,2,0,190.1931264510843
33052.252141721605,52,1,0,127.82628783358453
37642.44695538269,19,2,0,115.14698821439107
67866.36024719288,47,5,1,319.5524518454365
47797.197181170486,36,2,0,170.57803604689977
16703.330788222236,56,1,0,124.88010825017537
29004.777429009708,54,4,1,309.1334220468512
46259.45562241278,20,0,0,97.80730927243366
32554.36024573097,42,1,1,218.56284220854775
43798.64344045338,51,2,1,316.12826854805525
50485.94320525368,39,4,1,337.65000360781227
71933.81906052094,55,4,1,339.18810049670105
45643.191256583166,31,5,1,284.8459197822422
66088.12699359139,56,4,1,341.31333411818684
71431.40243055156,19,2,1,296.7234158213433
71514.64504028115,49,3,0,207.73049994378306
54271.318900783524,60,6,1,343.8513895973065
20550.662782415387,20,4,1,268.0927894716989
56912.37298105798,58,1,1,286.4480867539401
65725.99831720312,25,2,1,291.29535993301465
48783.993418468744,43,6,1,308.18676685464135
76168.75805112872,49,2,0,191.2879937601919
62897.50342201187,28,2,0,121.38021427995895
58524.10065729176,18,1,0,125.04041815222277
66295.71066808757,32,3,1,318.90449793519747
55000.54776891317,21,3,0,113.28665866961605
12607.842509069698,21,3,1,241.76921954814054
42512.91572794451,45,4,1,308.418242649306
67957.5204087178,27,3,1,310.1747947646719
37886.129898525556,28,2,1,271.4287681347945
46647.912421445915,40,3,1,268.83308246041986
34327.45529145393,64,4,1,281.46120204116426
76758.83892802654,20,3,1,329.2216823928078
75222.38686127024,56,5,1,372.74760882951534
36741.96657288906,56,0,0,137.81505819724157
52209.47000583626,34,4,1,308.1613087029963
39792.58928353929,39,5,0,171.3187841153539
59224.16958547067,44,1,0,110.15894188739469
57645.24615863494,33,3,1,278.35983305974435
62175.58357419899,33,2,0,141.29591408489335
54978.77671561831,57,4,1,321.31316656185396
94031.09309582702,20,3,1,324.8623877636836
34581.14352483892,64,4,1,300.21593687914253
24340.949683452287,50,1,0,84.52047907162452
44103.646989478075,59,0,0,111.67929279401136
26480.176016595986,19,3,1,238.71228892985857
27613.065949910106,56,5,0,178.4739053563916
34980.2801870305,63,5,1,295.1562660309295
36167.16641852559,44,0,0,121.6758913678046
35680.7284707491,32,4,1,290.4440607000469
57773.284256681174,24,5,1,330.1705367449612
42407.16408371996,62,1,1,284.41334139896156
47307.2813769128,59,2,1,287.0837702265663
63413.491617514024,26,4,1,307.8775897363546
38505.16212827861,58,4,1,326.72377014025255
46031.81151942917,23,3,0,122.34365157075746
55486.399791393735,29,2,0,134.1841672922662
20876.48299069668,47,0,0,128.00586006521974
14226.417365741261,37,3,0,106.73396770951231
55191.75993196584,37,4,1,313.9797490070529
57380.21420850348,63,2,1,274.35779485393573
80963.30202278616,44,1,0,157.92597874176056
52371.42313800215,37,1,0,128.5867354493395
62296.09575887142,24,3,0,148.57267121404217
47067.910346210396,57,2,0,154.55626861200844
54458.4083237763,57,4,1,320.27140441238726
75008.85262624301,47,3,1,313.72829892334465
18140.107728115465,25,1,0,81.08563588503628
56204.243863575204,19,5,1,324.47627883633123
82033.80095116049,31,2,1,291.4025413459971
54230.51328814014,27,5,1,312.4866731368229
74758.59444849272,35,2,0,164.1794017035748
40561.817757058365,35,2,0,154.81430863446698
49519.2875875443,33,3,0,176.88791826761585
50502.87053582881,22,5,1,321.275838076967
16736.13380961844,48,4,0,128.93467322083322
32477.332582246996,54,2,0,153.6321254043371
33546.873809240205,37,2,0,141.5400764221534
62330.99117048791,40,2,1,310.09455334218865
63082.296585260825,49,3,1,333.89543142189547
54860.546640598,59,3,0,156.70800580369553
62361.54345283558,34,4,0,141.3233851115944
47537.75880917339,30,1,1,289.2114403095045
68028.97504309315,30,7,1,347.8942929329517
50131.82663948108,34,1,0,128.09412395414697
50867.96071140135,32,5,1,319.6722266213834
46016.11050106383,43,1,0,146.35038628946307
60266.75716454642,61,1,0,137.5004603427691
43682.017750806306,45,1,0,97.07054905495485
64646.47065797102,59,1,1,309.0902290537542
33017.7628892599,62,9,1,377.85335700148795
33516.25617907709,47,5,1,279.23041424895126
60311.40132689756,60,4,1,333.82929018576993
48671.83678125481,52,3,1,310.3435562325249
43191.628757703074,39,3,1,328.7061561862596
63350.865987131896,27,4,1,327.4498224041456
40891.078788708735,28,5,1,282.9527986428131
46996.98118549445,55,2,0,152.93195146490652
70988.41925106739,50,2,1,318.61143416179465
73087.13518715976,23,2,0,161.46228417219788
73585.97315405491,54,4,1,307.07809509838484
45768.11334599133,24,3,0,114.25786156160338
68460.54357476706,61,3,0,158.11167608019525
35765.707583469826,29,2,0,157.006902010568
36396.45687916908,24,3,1,279.3611340056091
14743.162210634582,19,2,1,225.69000386801423
75093.02302847795,18,2,0,159.17482302167562
37040.30226385883,40,2,0,131.36125011316676
48102.0113037941,42,3,0,157.84510328171146
36345.134871075745,35,3,1,261.89587994189804
60427.4787249521,61,7,1,365.82160430343356
44365.4950892399,24,4,0,138.11276034127164
30427.74664350576,20,0,0,75.83894415812556
56624.93846279091,46,6,1,364.9600775976495
28494.049627846573,27,6,1,329.0413284147054
37438.91412026763,60,1,0,132.8255760606803
18396.663280608787,22,4,1,258.7952896241907
28640.6283170359,51,5,1,306.35809590806434
52677.937545807166,25,6,1,255.4122110463824
20531.95942845613,31,1,0,126.04476642546322
27782.814130674265,57,1,0,147.97302485922955
49964.46625800788,23,3,1,322.33572166269215
41845.89655860421,18,5,1,283.88009015811576
79880.54953938964,50,3,0,184.49826931629323
77508.44819036563,57,7,0,251.5013225690448
36981.163058732694,28,4,0,112.27701713422468
58357.06427605223,41,3,1,313.2942041239769
61239.23835319177,27,5,1,315.4414754618599
41037.81712963395,61,3,1,258.66977556112784
27566.87695252694,40,6,1,318.2620395198217
49815.52326037914,33,3,1,300.3106289456972
47407.31487778833,54,1,1,286.20391927935617
43463.532545440714,33,2,0,107.50584677815948
56634.75302246728,61,1,0,170.29725238922256
38739.05589491602,48,1,1,280.63518471988294
32720.036786312852,23,2,1,273.1273477098393
51636.244555247475,47,2,1,314.1815415691158
55789.55138853314,54,1,1,304.5158913148626
32350.325841499205,18,2,0,98.55280186084768
63921.35916486622,59,3,1,333.5668393201415
23442.78293335883,42,2,1,266.1702221456877
41328.29811926535,63,0,0,124.2008065137416
46129.871957035866,38,5,1,327.17019329844067
40456.644310221054,52,2,0,116.20850267374405
41524.09289673211,55,6,1,278.31538009921803
78066.1172346217,22,5,1,332.28747596921966
37236.73866441652,29,4,1,258.9338971423365
86618.32583707871,22,0,0,139.91744821639477
56556.901695965775,26,6,1,295.840427918864
51380.82705967988,61,4,1,323.33656780401947
57143.60530081499,26,6,1,327.9336084178016
87948.91623877929,52,4,0,202.36257104356304
35096.10494102828,18,2,0,125.44893167019042
33193.73121595416,64,2,0,157.64940033252535
38677.007051421184,27,8,1,320.34866888710906
50482.14720446841,63,3,0,166.32676559472029
24113.4331278114,56,5,1,306.67183779601675
50335.08858977912,53,1,0,107.44193973740502
75403.20700120508,54,4,1,360.2903592214494
52271.11085937166,52,6,1,319.9420376666699
45609.718115370844,34,2,1,267.51556602007264
40727.59326974559,30,1,0,109.33139061441723
63477.675568273466,23,4,1,293.9283886259836
37612.50840142929,54,3,0,127.65370016624598
77695.93880898872,49,3,0,191.7441449198549
79000.39621571536,28,2,0,139.185723094818
53851.261979926814,34,1,0,149.25100465306738
49827.273678850324,22,3,1,271.8087830916498
65459.89712362339,23,4,1,332.6552167926792
66421.97753340988,27,3,1,318.37524641471543
37910.12403410877,50,6,1,301.79267913230024
42101.67300294947,47,2,0,116.30173489821142
30164.78847975057,38,1,0,120.500735442345
56135.974075010854,59,1,0,166.49596012482752
59999.41825185336,34,1,0,137.65747070950957
29751.115432080907,44,5,1,324.3700004365561
43172.01642775761,20,4,1,316.9401636926183
29791.191236279763,46,3,1,265.2561892376276
36518.00284634244,19,3,1,302.15527355105235
58265.25590339449,46,0,0,144.5767821735022
38997.76899982581,53,4,1,288.7342523611377
45487.61065951552,51,3,0,139.19670549487577
25590.32408079027,54,4,1,315.2081854134416
52804.853145869965,59,2,0,182.38093759098413
49335.90020233027,18,1,0,114.78714857331865
39065.611249502566,43,1,0,167.6975072865083
47164.78553476289,18,5,1,337.1659950663064
52704.42320755166,21,2,0,147.23363401483005
37776.977766359836,56,5,0,177.61498456127194
27856.06183997331,31,2,0,125.55486552661665
77083.61649030223,63,5,1,327.95914384447025
40500.90942934591,35,3,0,126.38627888408742
48548.59845219666,51,4,1,313.48996608256647
65162.5960253047,18,4,1,307.1190398494512
102935.82781355726,39,1,0,195.65959374735138
31332.703251667015,33,3,0,131.6282087680894
56747.40820589765,39,1,0,148.25318137383522
39386.71572058841,33,2,0,122.34552888957012
41918.14543134934,45,4,1,331.30494405437554
39196.81968489815,45,3,0,146.48833122026892
33115.175482991224,39,3,1,278.61817370924103
49380.62957323008,23,6,1,334.8800411228111
27882.459694276466,42,1,0,124.4264325429602
64202.11349767806,59,3,1,325.93482307186076
50825.04404050062,19,2,1,250.70218754473922
56336.52459352159,24,6,1,348.3157962122162
43007.170820806656,34,0,0,78.58437287584762
44491.94098682378,52,4,1,284.299366083345
54313.45857750992,37,6,1,335.4461667064208
32539.240513912617,61,4,1,294.86449450745306
44630.14348379996,19,4,1,296.32028889458985
37105.79729182319,24,3,0,159.04252144444354
36641.467841134785,49,3,1,300.23300480183536
18352.426390615376,36,3,0,102.1390438389297
70089.8988422,29,3,0,182.56462815124232
39701.91870269347,26,2,0,95.6582770811379
67450.64082745326,44,1,0,137.68915363674608
66031.88482091439,31,3,0,161.41483370702773
30710.004402252594,19,4,1,269.22993398343215
33673.831464907315,38,4,1,307.22386174005277
88407.54439033526,21,3,1,330.41457783071417
76263.88912890715,38,1,0,161.90397411741782
49527.222300078436,39,3,1,302.26662984050006
53860.59659626024,19,2,1,302.77973864221235
40537.30395579217,34,4,0,128.4737370480048
56485.2907130051,36,3,1,272.37327110118514
39242.27148916293,57,3,1,313.27521548517075
19514.69353552423,41,2,0,96.37921912250098
30176.663202334235,37,3,1,259.8280481880457
50316.391217758806,55,0,0,131.35612333966534
33033.99146746118,29,4,1,292.8084772648082
48990.83802629698,42,1,0,152.66377239168457
33880.08440850706,40,5,1,306.6389030963067
38264.691162470095,51,3,0,145.03732857698458
62797.479596197874,49,2,0,144.40534000092123
53712.20821460157,41,4,1,344.9734216173995
49855.03368029979,59,1,0,162.56762627303777
63184.459596059765,42,7,1,319.656959749625
57209.12890021021,20,2,0,165.83107163222908
71698.44936877051,42,3,1,311.4176619084948
43102.1110652729,45,3,0,167.48681680147078
43555.47532208737,29,5,1,316.3256725939501
30483.36100412982,43,3,1,301.80823343241593
43565.2892394137,61,0,0,142.46590736561433
64471.548414536686,25,2,0,156.36983673434665
69499.810583932,22,3,0,174.89418533111726
64404.577521300016,28,5,1,311.9755780549098
23087.122001758456,59,3,0,195.70226552755028
66247.17818991102,52,3,0,158.36473716337676
22422.22065091894,44,4,1,292.7084091812261
63471.75986183521,58,6,0,204.47321619011242
44483.23210143417,61,2,0,153.13110585515278
60537.99970900783,55,6,1,327.1910550315148
30013.274781581513,36,1,1,258.5263078867625
67567.5144905922,49,5,1,325.88096570265174
28025.378808426667,63,2,0,96.28259977352347
39973.176337202334,45,2,0,123.90709094414909
35028.58058346447,53,3,0,177.51157111954038
23685.727207662516,35,3,1,260.39629179107163
51417.91351382703,27,1,0,133.72859905566597
77091.33676755443,49,4,1,352.1362183173739
90003.57833480014,35,2,0,195.35970639876166
51457.336806293715,29,2,0,139.77449299850846
66750.21912601283,25,2,1,316.5605748585486
53481.41956892806,50,3,0,168.401504812786
57483.247921523194,63,5,1,370.9676018489601
44867.77023309142,55,2,0,125.95955680270308
52926.15388133903,31,1,0,148.18091425788822
58062.180569096425,19,1,1,284.72342337481774
41323.10406685503,26,0,0,94.27310433962398
48837.58550160518,61,2,0,149.02479126599397
49123.54821503768,22,1,0,155.7528383234054
62396.04975995787,51,5,1,336.6400994837128
34009.51742558479,36,1,0,130.9341058750207
49226.86687088523,24,1,0,127.00652767906443
78680.08203579046,56,1,0,194.2003838133852
67460.90228878906,59,3,0,174.36948220741743
70237.68573333058,34,3,0,188.39458855559045
50366.477602670515,43,4,1,305.82682774373194
54814.963455290344,63,1,0,151.3499952130563
65033.54250054388,44,4,0,153.7136584904821
73403.83294296396,60,2,0,154.2878198013397
20725.9563067567,45,3,0,124.1965534908227
30268.380394252315,37,5,0,146.88337121976193
69641.66152103971,23,2,0,119.06071170137686
45846.659663467944,25,4,1,303.6121797534655
39924.18816112884,49,7,1,337.9605481429259
31187.58519506594,36,0,0,81.16123272238501
41674.74947683836,49,1,0,146.69766200756516
28964.46074864263,36,2,1,268.17491891947253
81366.41409098715,41,0,0,132.80040527485775
49663.4592202914,41,3,0,165.90527495209193
49130.74187355924,34,2,0,97.43923907590857
58821.15012751748,35,4,1,283.53787524028684
64435.17753899854,29,4,1,291.2399467848305
64188.32234831959,58,4,1,338.3448087242869
66104.32915861357,40,5,0,198.78451189256864
40537.31673813715,35,4,0,131.2487664922867
45531.99792564708,33,2,1,289.81054193523636
61535.47483163413,33,6,1,365.6872075960098
42089.1640754057,53,2,0,126.97824315133931
49923.400519591625,40,5,1,292.1278811598111
55981.45646637221,39,3,1,352.4294797342839
61777.77623465564,56,3,1,324.24211586059914
23334.785564446982,50,4,1,264.38937922794764
60721.18474833418,41,2,1,290.98904795340644
46494.13913222412,37,1,0,74.76527816038782
60611.86566296572,50,2,1,284.3910241108827
61653.97538532243,48,5,1,338.3810998645493
74118.72591678737,57,2,0,178.1980275380756
70301.80471431804,25,0,0,98.283262764748
70198.57493915444,27,3,0,172.55847791601553
71655.05478749357,18,4,0,162.6598744332507
54370.68477223919,38,3,1,310.2388511702133
50482.776305552594,42,5,1,350.04425278429085
63092.25624767502,49,2,1,323.1747938590682
60981.21427149534,63,4,1,332.29718510706647
45364.0064489261,63,2,0,139.7434429239454
56072.35113212402,27,3,0,131.20720413140114
49473.55299823108,26,3,0,115.68148309006394
37191.00637309916,37,5,1,288.59559765213993
69356.91112064525,37,3,0,183.2923702980893
50827.98863795134,57,2,0,144.1104661695237
80730.62386548276,24,1,0,118.68460716990504
25617.61594700251,28,0,0,77.46605695863057
41648.31840734951,38,4,1,324.7087667151818
50489.58255036307,55,0,0,121.10494837660089
67060.7164644337,64,3,0,150.14222409287424
55992.040589032775,36,5,1,330.2435153918117
54657.09131271127,63,9,1,379.4923926414393
33091.04311168779,32,2,0,105.62196001258202
32645.87904155793,23,3,1,280.57432575322485
54837.56990434857,27,4,0,164.09517902383982
29538.410092724625,63,3,0,142.13654025681927
42021.83374566007,33,1,0,144.92073092490693
57513.75993628786,62,1,0,153.77050126549753
35265.13591584836,28,3,1,277.9130012688949
74080.3394354271,52,4,0,192.70225947777172
68359.04516356836,25,7,1,355.2534992951518
26428.700024925496,45,2,1,277.2044600374857
36014.43135227019,20,4,1,284.7921572260518
15713.34133257575,19,2,0,124.84906440354501
38261.129561778,31,1,0,93.5046344289862
61495.82714858599,46,2,0,171.17137888757634
43791.575865877145,64,5,1,315.57338088201965
56911.95865423951,20,4,1,307.4917841363131
27164.98522577384,18,6,1,319.05960198752643
61969.62881872858,32,7,1,360.43936720329094
41673.36158107475,37,4,1,301.90179334037214
50182.545234243575,39,5,0,167.84776896773602
48606.882479104206,51,0,0,101.15931831010882
30926.77218661574,50,3,0,162.7541880541458
32703.735023903264,26,3,0,128.11338683828373
64516.91703505139,20,6,1,344.5054913962289
55984.88236252543,19,1,0,152.672481233933
65750.7356233014,21,1,0,130.1489414176952
54869.87353253778,33,6,0,158.96482715399276
52144.85952213825,50,4,1,303.2641725885036
24109.8407199985,26,3,0,94.2875037418037
45944.499548582455,57,3,0,188.594931706774
49589.23519394384,55,2,1,287.8309479850141
79296.6079740886,35,4,0,149.09510285128556
60304.34948148016,33,3,0,128.6985589241987
73040.91772564292,25,2,0,197.1493259075089
58963.065588420926,40,2,1,304.6063592909908
39330.45159575781,53,3,0,163.72150868687785
51756.86324224777,20,2,0,106.07476064410423
53543.3546939635,32,4,1,331.0338214173871
35912.66645343977,55,2,1,257.8974843784659
44234.18935110618,50,1,0,124.35309747574863
46913.49509484242,35,6,1,330.30745264294933
74084.29748847678,40,0,0,144.47727432473593
18788.892119135326,60,3,1,282.65865601111045
68087.27631074065,20,4,0,152.41263848182777
35948.07147560926,47,4,1,295.0908752346303
29418.81219095579,62,4,0,128.76739445397908
67699.13195057696,34,2,0,182.64607696498612
60978.471038515716,49,2,1,303.10973745324185
68817.78053571784,63,4,1,319.2919134090167
62010.529213183654,24,2,0,179.3975297809548
80897.67502606103,56,2,0,169.42426623999174
58380.857554167276,31,2,0,159.03472263455305
47652.839358152625,32,2,0,123.41938027362126
55143.89565982014,61,3,0,167.25863716710126
68652.03692518946,29,2,1,316.77138056331506
38309.37012109825,25,4,1,286.5291407940567
40221.67126202929,33,3,1,297.1931697283045
45365.599781031386,58,6,1,357.32433297579206
18431.258018520017,51,4,1,265.1538539951384
52071.176126263206,63,5,1,299.4263739786949
21708.06944073461,41,3,0,113.72140758144079
50795.88969398929,46,0,0,141.71532967851695
62979.346342028744,33,2,0,139.21603257413227
42846.85309034247,22,5,1,327.16779537224306
75156.73805280306,22,6,1,357.91843780998636
28092.486508722683,47,2,0,134.67193849257606
67868.91022447748,22,6,1,336.26908497902906
60127.055846103816,60,2,0,147.35974671628236
24259.501275339666,30,4,1,275.2125027592008
90661.914485608,52,2,1,336.9829440351779
49043.82071744051,42,3,1,299.8460836548065
36837.739667665526,31,1,0,114.31361665368244
28893.692078239746,61,2,0,123.1065597454606
46699.72958510489,63,3,1,300.4356902080877
48088.8969141506,43,6,1,351.9279434627468
51539.68292809497,35,3,1,280.4976806360762
45533.057656640594,37,8,1,340.10408217050025
59498.379651726405,51,4,1,355.58534258070665
44185.552510051304,24,3,1,283.4441309267873
20975.538241392936,64,4,0,160.48982175606486
47759.57756525538,27,4,0,140.55635395168682
14487.835199400826,32,3,0,90.18881495458139
55306.55946337084,34,3,1,338.2259655184617
35310.49654576047,28,3,0,109.19485310119829
52450.40532373701,51,0,0,128.1910844091836
69711.12472286906,44,0,0,172.69075880334978
35768.76957098,38,4,0,121.85889134663947
65918.84387768176,48,2,0,172.9130343145491
43499.1564997077,21,1,0,124.55630617003249
76297.92203098378,58,1,0,165.47900703972635
44522.7108020268,34,0,0,147.29853430940844
37392.60521739963,37,4,1,301.29531583156125
60308.57675592932,42,2,0,153.69760762192988
43463.154055645464,57,2,0,125.21018207430444
37378.25728806487,40,3,0,136.23397966698988
42832.40223944313,32,1,0,131.05951257245664
49330.90201725498,50,5,1,341.3841840899442
70132.7019686728,36,1,1,312.52136907048924
20988.683818106343,32,5,1,253.87878272472557
50346.209884256314,58,2,0,148.5708429362186
59373.55391981064,22,3,1,284.5800610229446
52901.72862487694,33,2,0,110.2035983591116
69647.97754150302,62,9,1,378.8191123703818
48884.820053622134,49,5,1,314.75923650392326
47231.728367210824,39,4,1,287.6217968490572
58884.94320520015,60,2,1,309.3483711567888
51489.70722427024,49,4,1,330.743762712994
44143.868925792936,30,8,1,348.9133058777212
57742.16059379569,55,5,1,326.537624173277
40212.07560175032,43,4,1,318.3387523145002
40832.3427197101,34,3,1,275.1680715573215
42080.089673515795,22,1,0,144.63588909683295
70296.0374024961,50,6,0,209.43452363511815
1684.7546602142975,44,4,0,131.00240069172904
55933.98252144414,22,3,0,137.63588916441887
50514.07721300334,54,4,1,312.7693314885611
24786.943111428194,24,2,0,108.79481278839815
54645.90168704003,35,5,1,319.8022172682852
57136.27987747298,48,4,1,313.38876098890466
58844.588470361,23,3,0,123.95199035959293
10222.579054325768,19,3,1,237.72460304382983
70495.84117781658,30,3,1,293.3946072771967
38933.949429727385,59,1,0,94.27030708825896
60298.51620129764,28,4,1,318.21619839633985
61116.10671023429,43,5,0,167.294953364576
36849.543715710606,38,2,0,150.39286222504705
59906.899285273255,19,2,0,125.08902641546055
44217.60138631463,57,5,1,305.27135488165845
18929.34230992764,37,2,0,128.0437412873493
67516.12888291669,34,7,1,366.08336156834486
38374.325554756404,33,3,0,154.54831368065254
37182.59805892919,59,3,0,141.57631998209283
43954.01197944917,22,3,0,102.4197583827846
54083.55087991082,31,3,1,311.9244479797182
49140.94383766846,41,10,1,387.67910067046745
58221.00387060756,21,2,0,132.8780380087544
29907.659502070117,41,4,1,322.4102902456558
38864.20444353898,64,3,1,311.6697687265088
48260.043915177,26,3,0,141.52714502945196
78468.30938988058,20,2,0,170.47659559437437
48292.811923793626,26,1,0,103.71999760172315
66278.33395492447,35,3,1,316.1845925316906
50578.327531764764,53,4,1,290.3825083569787
42745.120438436476,36,4,1,304.1945035278806
46299.13363828339,41,1,0,130.40323359790946
47473.70431956678,21,1,0,122.1724511183756
59054.68608441108,26,2,1,288.9919930367732
70619.16901364832,50,1,0,136.38780663054598
55395.212715294816,18,5,1,355.1334830689065
67806.16518112633,52,2,0,144.7315996843405
35528.153935554714,27,4,1,266.208609235966
43780.542367789545,29,3,1,286.3669284491822
39135.461986885,35,0,0,104.06051852123788
54716.66886312279,31,3,1,304.1996426017408
44615.62422230879,27,5,1,322.72835025300014
60946.594055512935,27,2,0,125.02298309046209
36034.97432551338,35,2,0,149.81212738140607
50645.46459981922,41,3,0,144.5608647996366
60302.86866518384,18,4,1,278.0586712427173
19020.458374390844,47,1,0,111.52756187855975
81824.46960995306,32,4,1,334.59785506996514
45752.721726801865,25,4,1,301.2753492210105
19624.401294857405,52,3,0,142.89085520760275
52371.40847865179,35,2,0,165.26332948424698
50501.65201959726,58,5,1,311.6111628266186
48771.5843064126,33,7,1,288.93550246881244
64867.866693899996,38,5,1,326.7040873662401
61211.674571405834,32,1,0,125.40823253513685
54468.14286535768,22,1,0,120.75950232817137
56752.33450919972,62,4,0,146.48408831627748
48434.6232584287,24,3,0,132.3349296887048
76632.36273860073,24,2,0,143.26727189070084
27812.059724633502,44,2,0,99.20599862494689
52094.77511323845,42,4,1,278.94088846557236
50975.369467831704,39,3,0,141.60068973607014
62199.206090968895,30,4,1,340.2620466930734
37342.19183862651,34,2,0,117.0346321183071
23844.91096405196,58,2,1,235.08677245765764
52352.345241472896,61,0,0,165.2680789825393
54218.45738327906,30,3,1,263.61771109086715
72343.99114171474,43,1,0,151.6068489892524
30944.569305123707,26,3,1,261.2761441650067
67320.4065007508,22,3,0,145.54718654516316
85511.21546040682,56,2,0,172.2088370096134
44333.52668716284,50,5,1,330.3432081605466
30635.86670760164,21,3,1,269.01508580386513
43895.38450439943,45,5,1,333.6124622917494
50210.07451057071,43,2,0,188.0116750698711
58456.81812510372,21,3,1,312.92123032712897
41129.07905242929,33,2,0,140.41944289696758
73327.97801221014,54,3,0,174.06301770247362
33282.01527487907,39,2,0,139.56200981939935
23911.922717408,53,0,0,104.96167921120255
66600.65636430976,55,3,1,312.7175454400559
15880.684531907005,52,1,0,102.06588265849199
46938.05346690926,42,1,1,268.5259984577758
96765.21693812072,25,0,0,173.26220623932699
49819.34670560103,34,2,0,108.16351535746084
33188.485239556256,35,1,0,109.19424099954048
49139.038043198096,29,2,0,149.57943259545704
49237.988170706994,50,6,1,357.7194920504022
52409.749105296745,40,2,0,137.0581293677051
59933.944732394295,29,2,0,159.29637891416255
34413.33247448391,28,0,0,120.72852203925662
75313.2208285519,30,3,0,167.1197463417852
53676.71426558927,52,2,0,177.59049853308548
60901.91069602706,44,2,0,145.603259233344
40577.759003665364,42,5,1,285.28973264904045
69295.732054933,57,1,0,142.7621432223836
46144.21386780403,20,6,1,313.39976534315866
54163.28770240297,42,1,0,150.8220766176732
36003.40884219336,62,1,0,99.31496934928695
35046.0256039681,27,2,0,118.99558476830562
60323.07959679324,34,3,0,187.56795603191284
43345.89754688921,20,2,0,116.46175462458427
37192.653687434344,62,1,0,137.43013641924895
40352.24986959454,39,2,0,130.29095172254222
60484.29607576132,55,3,1,318.3949823654711
40564.43208194584,31,1,0,95.63418861106253
48235.176025967536,44,1,0,106.69769901859928
50225.41625430645,59,4,0,171.8776961337508
21239.766709845517,37,3,1,280.62520395258946
27933.10391939723,35,2,1,275.5974171529307
55044.16833871344,30,7,1,353.3951940534352
38944.559582709546,59,2,1,298.1111823637181
65850.87366920628,23,4,1,313.68140067623256
64502.10656375816,27,4,0,154.5153810161779
60787.529995331555,54,4,0,195.96607346476108
77296.57680968897,46,3,0,166.99552135373438
48753.66008385225,23,3,1,290.4685243873791
59733.22888855758,56,2,0,118.54285732554145
41233.985351059535,28,3,0,165.39550157472138
86785.54869303085,42,4,1,338.89279849275766
79754.50478654029,61,2,1,292.7692607255353
50178.20651776688,61,6,1,367.9949431452727
55798.79344857788,47,6,1,338.4533766050944
70389.46399047208,37,2,0,157.9630226145422
47792.90742778839,54,6,1,368.0865970125511
40150.63893800443,33,1,0,107.74755585407529
63109.84626510324,48,4,0,205.42150482569386
51176.58869125505,46,2,0,118.77468194822102
52744.91674467891,23,6,1,332.96216925860176
37485.92985398052,46,1,1,276.6551998390494
24234.917774549056,49,3,0,143.3520962896496
53542.13614818652,26,2,0,116.81718821636167
63574.430622413,54,3,1,288.70141831679393
46612.898763859375,40,3,0,192.36356694225276
71546.442793383,33,0,0,158.35607184558165
39441.25511876683,35,3,0,132.5019583982055
34179.4331755112,36,4,1,302.77056524549437
48991.54539205803,61,1,0,127.29072801880298
48761.11136973064,19,6,1,320.05586938186457
61549.53097002834,27,1,0,119.16074977522946
38375.55763904023,29,3,0,129.9657847532859
70521.41355222347,63,1,0,137.5838443407142
79503.75443762381,35,4,1,371.8839614108522
49412.83959547487,36,4,1,304.76980456147464
68745.65630276478,55,2,0,152.8175868571969
34152.5439406211,54,2,0,112.09081094961557
66128.32311772874,44,4,1,360.81051965439497
65709.14612839193,31,3,0,161.33155657130618
62951.55920284818,62,2,0,192.45992048345136
49766.55366694559,51,3,1,309.57862218464805
5686.265881369531,19,4,0,117.77648376084304
40374.09284521806,61,2,0,145.51971972280919
40611.25973473097,50,3,1,271.7674688500956
35326.17592909284,36,1,1,289.52841031553027
51833.645068205995,44,5,1,329.8446023928728
43715.54831718148,47,4,1,295.47065880524553
37630.81985352467,24,4,0,139.43822596392158
34117.997776282704,44,4,0,153.62337240347853
39267.30521772157,38,2,0,120.23858300369596
66822.48817774892,24,0,0,112.5168544056981
40084.62418058759,42,3,1,270.1163563283744
42275.91940350091,55,3,0,144.58901560834866
43149.535774651304,35,1,0,142.07722846721458
55084.90270714129,50,2,0,138.04474800093772
56843.74232792799,50,2,0,140.5884278320887
4330.151911352572,49,4,0,112.95781073586245
65324.52820741412,42,2,0,149.27872516654122
71545.52051365632,31,1,0,152.404150646608
34247.20193957496,55,1,0,119.30541439238289
35415.52632897748,55,3,0,132.28509904287225
43246.19918332593,21,2,0,126.86760740202357
38659.93970815093,61,7,1,356.95050070095033
53358.9031091991,35,1,0,144.25608533168173
20802.120704617035,27,6,1,287.23201274149443
33231.0858794489,52,5,0,171.08551632459262
73087.9580026236,52,4,1,339.21706993041556
36076.70048977973,57,4,1,294.9485537972374
68651.42417154387,40,0,0,102.49451701920916
55330.072933852054,42,2,0,152.43672769856997
22860.98428117613,18,1,0,89.17953400571112
59529.93792824309,35,3,0,173.04063768985304
48234.9904671072,32,2,1,320.6397985769386
43167.994156253895,42,5,1,298.04248536276555
53674.35639758006,49,3,0,131.67930798181337
57119.50228350188,37,3,0,133.28151046676723
60613.877329619296,34,5,1,335.4791663004631
67673.79271322003,28,2,0,145.0279312626103
56122.03869167535,30,7,1,344.0046427876788
29365.488668204573,42,3,0,126.89696357221885
42895.31813523213,37,2,1,299.6160024903528
94145.72502902933,42,3,0,195.71616078767113
60867.365905725914,59,1,0,128.4163119808284
85539.30951217245,62,0,0,150.40310874985073
70931.51123298777,48,3,1,342.98287042236944
53627.03107333623,18,4,0,141.53056289391765
54521.10604671676,33,1,0,143.31006078478123
49451.29940184731,45,2,0,143.72393649065646
23932.93076230251,38,3,0,140.15615890809045
50270.708787023366,47,6,1,361.74296265415165
68160.11828813296,20,5,1,313.47776190908303
41005.400077681945,51,2,0,159.14014506122425
56179.29498592715,23,1,0,108.00390809858727
62773.86568839796,60,4,1,349.89601265426984
36354.793410312865,46,4,1,290.11341165346767
43230.45703484503,20,3,1,240.1637554755706
34731.32764284261,50,1,0,160.58219621060408
37667.5158996589,28,6,1,309.5015469709227
30685.920745204083,62,4,1,316.61881230450524
36493.2730793296,22,2,0,112.50545264344906
71291.83521196758,49,1,0,173.07481510382965
36267.844563645616,64,6,1,313.54310732306215
51896.888285910354,35,2,0,130.0550398927693
42456.96869493566,64,2,0,156.59897333911883
67682.98905555409,37,4,1,324.0391202567346
69667.43444905424,56,3,0,158.65568092562035
62961.049732084204,57,2,1,320.1596494181049
54592.018296541326,45,4,1,324.14989190356283
46534.10694738652,30,6,1,318.42866723826353
32121.87943713125,43,2,1,260.7318964138336
79152.93321683296,33,4,1,333.5950922971251
38604.9047337117,42,2,0,146.13451890468428
59954.69520549262,27,6,1,326.43815852359006
65893.48358935096,46,4,0,146.34563669906095
41670.79254642006,63,3,0,149.45943326207018
65570.18790973943,55,2,0,162.16442269265818
61463.19805008283,37,7,1,353.72356976736125
75919.45753072647,43,5,1,350.7120381825927
42959.80300359933,49,1,1,290.3668517101421
30712.039740804277,56,6,1,316.31112865796945
42417.653668332336,55,2,0,136.73701502726635
53132.80313801498,41,6,1,338.7530097522541
50873.19090627585,48,5,1,290.7204344273684
44098.43155588175,57,3,1,294.1363189528451
21362.038115341355,29,4,1,267.6513443520272
57057.244941936595,53,4,0,169.3130831397402
79585.167186233,27,3,1,299.9860755121625
56963.76857184505,23,3,1,300.6477130601349
59137.0327858027,24,2,0,135.62140561628968
58586.67959232653,48,3,1,283.5090051423331
55955.700048236,44,3,0,146.82002091854375
63974.989503021425,25,0,0,127.68554339184021
55930.605217784985,20,1,0,147.88050678685318
45309.84245520086,57,6,1,364.23455047426415
38060.16634986869,64,3,1,297.51470162707193
46265.395170789874,38,3,0,168.07029646637875
54711.94244675999,18,1,0,143.6233193163442
45258.7555831554,62,2,0,157.1997210800264
54715.080246971454,32,0,0,103.69874891244473
56587.25200550626,24,2,0,151.1369438678646
62497.69146905273,32,4,1,305.1965314160118
69241.9245325847,42,2,0,177.13433320025214
51170.11127718286,20,5,1,307.28246058317785
30383.351522785088,47,3,0,131.03993002712315
44823.43854771215,31,2,0,142.41548208465127
50660.93851109899,21,7,1,363.2875797758709
22463.46865734365,53,0,0,108.2486805721944
70829.96780153723,20,3,1,348.1959804161935
52135.668687656995,22,1,0,106.13291046104032
55720.29251870427,42,4,1,306.82925376757436
70482.896937894,48,2,0,159.97508815714963
40547.8575478648,28,0,0,94.29420276519377
58610.62896326045,25,4,1,327.97404581183724
48352.03815347097,43,4,1,298.7307789514694
47238.69699476121,19,3,1,275.4606344826617
38417.11418293431,45,3,1,262.86102787454763
74984.0482052979,27,4,1,328.2908496282587
44367.499398866436,56,3,1,324.91264288305035
60491.96370343553,54,1,0,158.93548496347245
21874.889187920955,56,4,0,180.738133557553
67699.8279453468,38,3,1,338.63018552985795
65783.16733935587,45,2,1,331.0347454050587
51461.511654459544,55,4,1,357.4370745030195
46595.86300793113,50,4,1,324.4035583554546
56000.00008420349,28,4,0,136.56165500471857
84331.85991320433,62,3,1,357.68113693078874
23551.449516447723,61,5,1,314.4996862953691
61730.41081361192,18,4,0,157.14192686669438
36325.74046769146,64,1,0,113.5699145118401
49701.22405550403,50,2,1,307.9732664577116
46281.79821382005,20,5,1,302.182775323055
43575.22613303366,43,3,0,137.9245946530565
49843.02306420906,32,3,0,187.72841820436716
32987.43282083314,58,2,0,158.86891096381646
65437.706541919506,31,1,0,112.0997868390774
23087.847332020996,40,4,1,334.9522908399619
58096.46769242513,25,4,1,316.3845070985458
45101.96221198143,53,4,0,177.2344885130478
32436.126592888195,37,2,0,141.79618936185204
53035.75055898043,23,3,0,170.16288059063876
26645.73369940283,50,1,1,280.34487651598556
50595.70732579452,45,3,0,139.84148799513278
28656.846382826683,55,5,1,319.045993918196
56919.08126476747,47,1,0,162.33970843269182
36134.63999554436,63,2,0,162.71351772927383
43235.08974456036,60,3,0,132.94909912353108
54409.24081914743,34,3,1,317.68229824961634
38411.86832236646,26,3,0,150.13111434221423
49130.54000497546,45,0,0,106.51503372974638
27292.542481327197,24,1,0,113.00165309087444
59463.13405394233,63,4,1,327.0093571137218
76473.70708326157,45,4,0,177.21612735620675
91883.13301864942,34,2,1,311.63806874722593
51367.52219999659,57,2,0,144.92462710928766
61823.0621119578,61,3,0,188.37192199209233
23290.614906387662,61,7,1,276.3658336334618
72541.01489458382,22,4,1,299.84611932103246
61643.42757086159,22,2,0,133.03390366607238
42740.9983257315,31,1,0,142.080767166708
68557.71200433513,23,2,1,298.6753494991701
46182.85885031988,24,4,0,173.64840030850422
43129.62225478165,34,2,0,121.85396598381752
57130.02388141237,26,4,1,279.4348747145896
34049.68250254522,48,1,0,89.617882366961
65324.371465999226,39,6,1,333.45539002895464
34160.15282109735,62,3,0,112.65142672812709
34249.17815265221,26,5,1,299.22041077909233
36354.65317387498,33,4,1,331.0273286882049
61392.50056274183,53,5,1,311.25716990193587
40748.36957720439,51,0,0,132.20277119799135
29780.063234492467,62,5,1,339.96477312380205
40914.800000963034,30,5,1,297.9496886670408
49519.3644397927,36,1,0,122.0806986418404
32285.412745034217,29,4,1,261.3836027075886
32724.783364484847,53,2,0,102.21204573843852
81669.44501149376,27,3,1,329.04409486073996
37091.51894279169,33,2,0,169.4916514526053
45154.3644684049,45,1,0,116.34026506630272
44491.44498801071,36,1,0,135.09735586912197
43679.64788344337,57,2,0,123.74438110200101
59320.201099536534,23,4,0,148.03230519407418
64222.14425708074,21,1,0,113.85121308947959
45410.68352702612,47,2,0,124.21567699656899
31452.825701114765,56,4,1,301.7774738308127
69116.60341773355,48,2,0,129.19223555374873
48569.88363204976,63,2,0,147.42470490051122
75954.82722285754,44,0,0,105.66437148638622
16316.211536522555,62,5,1,287.7008990497003
52931.04831924981,38,0,0,97.10797652979448
78779.09500814312,54,6,1,393.9496318379966
44701.03796842763,26,5,0,161.41538999205534
46617.59864998046,52,2,0,138.56500788894198
54432.67537385508,59,4,1,296.2618275992181
41618.06271672564,64,5,0,172.80553353505124
45318.92101920901,38,3,1,288.58796617147635
44932.773587128955,34,1,0,126.64987670750668
40588.6889836044,41,3,0,136.52335691455147
68432.84825300839,48,6,1,336.7879506151242
56916.17048444653,23,1,0,127.91774775031071
53759.42348154953,52,2,1,270.225442755595
62128.56510335175,54,8,1,313.5626509427251
46034.662501948,30,4,1,282.1558441457279
38386.94272470649,42,1,0,90.78934112230388
40960.63543078164,49,2,0,158.61868491125702
50026.74561656913,18,2,0,154.4185615973047
34111.82437440647,52,0,0,124.30409209919844
42496.084751199865,36,4,1,297.94553550203534
42258.25037192848,29,3,1,266.4529428813887
81868.34344743521,57,5,1,359.61188952130317
8392.775900991248,57,5,1,267.4357279971047
47305.704178915505,64,4,1,303.43689274549035
75885.40689222157,60,0,0,139.69637358708837
51827.66696198681,37,3,1,316.81828398198115
61301.26210131639,50,2,0,150.03622519544763
51497.39472649652,46,2,1,242.3205049220919
39989.9992817528,33,6,1,299.1465867185465
16371.260982366308,31,3,1,259.00535318216714
53081.83530554454,24,4,1,307.4165263686976
38365.90093096413,23,3,1,249.02918788031275
37994.968907520444,38,3,0,149.49584319493079
42515.19116031332,53,3,1,318.90924848466125
76172.9210993524,39,5,1,353.7906950998613
86072.5631338096,57,4,0,205.32866182208204
53258.119062926016,36,5,1,331.84054710530825
43028.491641324086,42,3,0,151.56309306224526
32341.603738231843,20,2,1,242.85106818972775
57028.102423191034,53,0,0,152.85563352508441
76743.58400097716,62,3,0,209.5565667048327
46289.89419462265,51,2,0,106.68548894736159
14315.059388701637,28,5,1,248.43593399114891
60050.74507723286,59,3,1,324.11564415085945
64780.995671750745,64,2,0,172.83349763053153
26212.315394212288,44,3,0,146.1494913817793
52647.26275494429,59,4,1,340.6394632749229
56768.39024204148,19,2,0,146.70319498772747
48903.390469865924,23,6,1,319.1610250290168
38138.436213719695,63,1,0,110.61516266162309
65239.05835345334,19,4,1,332.6104875379009
43949.30381046976,59,1,0,147.09602295718594
27722.207559501017,34,2,0,132.9802674019995
19257.882714954787,57,1,0,81.98240557487239
68912.74279998965,31,6,1,367.2116705463201
59249.959647066775,27,3,1,324.301277404806
51319.603206937536,62,1,0,123.2816552845715
43395.88044723795,50,2,0,142.31000508807256
42065.0237869531,59,4,1,320.41508299343974
33863.95027337583,29,1,0,127.20608241674616
43528.165331601725,49,1,0,124.54889515330534
18198.691773197384,41,8,1,313.1702087461416
38959.045197972286,31,3,1,283.8517227530148
45335.937254733595,22,4,1,277.5602641557375
59148.20070785628,22,4,0,160.55424458061958
49401.10304939954,64,3,1,322.14282379884366
61923.84670813339,49,2,0,169.29918674000885
70237.02657670144,62,3,1,325.70308917759024
65872.55140736152,50,6,1,364.1148502577808
57057.64771067835,63,4,1,332.0493190132035
50177.94018771176,21,4,1,301.0505085583023
35288.17987379662,47,4,1,337.898253568038
61099.16077068975,58,3,0,175.56552481111632
75196.21073332294,34,3,0,169.59728851467074
55131.59059475627,20,1,0,127.99642229822582
78758.88722639185,30,2,0,164.01911380411417
27116.424379083743,61,2,0,123.47761772593904
32687.549228306878,53,1,1,283.4629600947853
62828.02261622394,35,4,1,322.28712827650435
53964.35315229877,40,2,0,165.1295125006976
69706.73264857712,52,6,1,353.0482233605588
49767.925389098906,50,4,1,348.6055238384213
36980.36866207502,53,5,1,313.2918434188854
46796.10136692436,34,5,1,314.7084715303744
27009.740436143988,56,2,0,114.65983606969216
33071.13990354448,51,3,0,145.66282702151346
64586.65996877015,29,2,0,189.64621771896185
63091.811217044145,22,9,1,365.18497960954517
55445.06427209116,57,4,1,340.4193175090489
24183.837185592958,44,2,0,112.54824729317309
44623.94636730667,57,3,0,103.74494429691146
31625.001670099242,30,4,0,169.37280906221008
67647.99880681648,43,5,1,349.5595840068944
41244.16799656098,31,4,0,198.653475494075
33713.78433827676,49,1,0,120.78269149304164
50446.942476821365,28,1,0,120.86837186587493
40397.68314748082,55,3,1,297.5973318158598
72256.15865305561,33,2,0,172.90689391221414
38977.83653698714,39,5,1,304.93958867827286
29011.576111630533,64,1,0,112.25507477258556
17706.297263637265,33,3,0,99.36414423750279
49538.20246379877,30,2,1,285.2865577331749
41571.048292131105,29,4,0,164.55514749303697
28566.430902324097,35,1,1,262.77991960323857
67838.39691883678,46,1,0,154.39106345783628
60008.677211438626,35,2,1,295.43271071827735
49576.73181594155,63,2,1,280.7308201033338
70464.893662563,19,2,0,158.77228439990205
59938.040500979194,19,2,0,127.26586045445433
37657.16147722352,20,5,1,301.77202066738124
34411.697540138506,46,3,0,162.1451452530216
62269.72316680792,25,3,1,300.41694261948703
55945.50434701027,28,1,1,260.7752444150249
52546.21651955992,29,5,1,329.60414392444045
37302.53295696639,49,1,0,133.28626763592476
59119.21350508631,21,3,0,131.77342569801885
38667.51675299076,26,2,0,104.0070646428186
48470.20018109483,41,4,0,167.17517319731056
71704.1621958047,33,3,0,190.24374361180747
40087.48646284781,34,4,1,310.59704258886853
26405.161143907084,64,4,1,288.3084123536525
34211.79212194835,39,1,0,142.1950243939411
64914.48240031435,24,2,1,288.4708378539208
53820.967060703144,27,6,1,351.39366370031075
48066.839319668696,46,2,1,316.14993170176865
42363.59292032646,53,3,1,312.90399601805206
57280.39861329785,41,6,1,322.9841247204323
37263.42723514665,63,1,0,153.46429912798436
54584.983529638936,31,3,0,189.05258962441403
39031.18146780565,31,2,0,148.74916343890146
36535.10922087419,42,6,1,296.7636290785525
40437.688477624826,63,6,1,307.90859415330186
44368.88830274057,39,5,1,322.81684245135614
49267.552460994455,64,5,1,307.79121717444764
53531.836926666714,40,0,0,127.835808027316
-5325.479371426663,49,4,0,108.90534718191672
37885.24163379853,43,7,1,313.53487162168915
44126.45033965941,44,4,1,324.20616816880715
72575.93057912495,62,4,1,325.1026144407397
33799.960874268014,29,2,1,283.3647253313299
52441.949271498685,36,4,1,307.9561938214915
72425.45464603757,36,4,1,331.3993308778769
30305.472050790908,51,2,0,123.85770837919713
55909.62838796603,49,1,1,288.93715850588256
37965.92249098219,46,3,1,322.5459461457286
42430.49386566148,38,2,0,89.40049565485756
37953.33749070028,52,4,0,182.04041666449507
39022.14037376171,59,1,1,237.8645623976179
90828.68221859739,22,6,1,384.1560579521831
62666.83808107499,29,3,1,304.92445496007946
66526.06792679313,24,1,0,149.38561141229656
57379.902302547445,58,2,0,153.211286977076
25906.14817397063,19,2,0,103.91496629914393
55924.3695548496,42,1,0,138.71928459471692
66093.9442176102,27,2,0,153.9012810884274
37199.00788941333,55,4,0,140.07802539956924
64479.9000074169,61,1,0,129.62751761634223
60565.043147811186,23,4,1,259.1717519459602
77780.60067220505,44,4,0,189.11178829673838
43733.254812295716,52,3,0,197.99143131748005
33535.835265864094,27,9,1,303.51440345330894
44575.57835941182,26,4,1,331.33948864381466
71533.56489745434,37,1,0,154.9473764228183
22573.911787370555,54,2,0,119.03574738592282
18974.364268534515,52,7,1,329.02688033416564
51340.9291839742,54,3,0,152.8868092021279
43361.160608387654,57,2,0,128.52814087940675
50115.91839763527,25,3,1,261.9172386089559
64179.67656853798,63,3,0,175.61397797082967
41711.459808217216,48,4,1,301.9011635174124
21904.91253604069,60,5,1,294.96053045725733
80667.22335799916,33,3,1,345.90208057578917
35041.57568841836,45,3,1,280.91871704086054
34114.443169818536,23,3,0,142.09501700044433
66555.80020583895,49,2,0,135.38335661026701
44232.663184377234,45,3,1,316.4089765638362
49049.15221947784,28,4,0,178.9348766625747
57241.85186090477,59,6,1,347.90366921634086
66253.74654664993,40,3,0,167.0433279473863
44998.08960227342,47,2,1,304.030090464322
72799.28008871448,26,6,1,357.25249462009555
17963.002268977918,45,2,0,100.75657770332971
61396.808554296156,41,4,0,174.59700334891596
37407.08662973514,45,2,0,175.53852628050447
70584.06974911987,41,3,1,310.38058311131755
52130.66718245818,32,5,1,329.3963897830976
39906.420019858975,56,4,1,317.8920612966712
59942.61639532449,50,1,0,146.69755492668853
63397.82520810877,64,3,0,199.75678534043607
59628.41184287958,51,3,0,198.92609843381013
34554.556405504096,39,2,0,154.75603574985132
42739.743145668726,46,2,0,152.72847009206612
49938.907443178476,51,4,1,343.324753003668
49381.105210249094,59,3,1,288.2971019903103
61246.18213157522,64,5,1,309.56970248118955
19776.481512400875,27,3,0,60.36211124450295
55014.90581830255,62,2,0,145.45206833999492
45650.279683450404,47,2,0,172.06129474139135
37422.490754240716,28,2,1,276.8676209114873
38862.69833345601,51,4,1,287.9253914491702
46781.93503223055,38,4,1,354.3002760024593
-4016.2765668927677,30,6,1,254.02814959528152
39480.65643812675,42,1,0,102.94542672870824
36862.7776303056,38,2,1,263.30768146417756
57991.748139839365,18,3,1,313.81396029889487
37917.09976234219,22,0,0,73.84292030556593
46773.29299744265,39,1,0,136.48856767661027
73134.14941491954,24,2,1,281.8894581427723
64915.27279723135,30,1,0,150.14779841465986
63534.07099915179,62,4,0,197.43018347820936
42501.913543837225,40,4,1,291.5877553477542
58145.48418934479,38,5,1,321.96163449112566
46491.53299319609,23,1,0,76.54608932617393
47058.601839845935,37,3,0,151.898320512045
56145.28015619825,29,7,1,338.2441948547737
41045.09617368601,57,5,1,298.1417358659981
72395.04656664806,26,5,1,366.14752229672973
47598.047906030944,45,3,0,152.96624603957386
59275.408493894975,28,2,0,140.46179945394582
71834.00718885947,49,3,0,203.8723228936485
65474.80661862763,28,4,1,281.0020470625137
28866.21345964213,41,3,0,112.02109152066825
56673.43842514826,32,2,0,134.89473878724309
62760.790916909704,58,4,1,292.71884688470607
63377.94533241123,52,1,0,141.92326694590642
33300.577488280534,34,2,0,79.71920677723946
40144.47144474014,42,1,0,97.20192878622935
64918.37353612432,52,4,0,186.45730477318844
38573.594439760316,36,2,0,121.77461209340612
45504.55915003529,58,1,0,138.19494231573282
73638.13714252954,48,3,0,154.50096535072888
49283.01124422815,34,4,1,299.6720783836707
39098.387932492355,40,2,1,271.1408587839228
36835.73964705643,64,1,0,91.43157951684542
54990.78994377782,18,4,1,317.87640064878053
30002.779872841867,27,0,0,120.68169082728207
46289.96054155373,25,6,1,341.7334198251543
54998.458024850326,59,0,0,99.3625617144125
69487.24730821501,43,5,1,357.62433169636523
60013.22120554993,51,2,1,295.5019252747321
39289.02323026732,36,3,1,323.6832144258718
67676.2897634558,31,2,0,150.35161183322717
45507.27443678783,25,1,0,140.29922094363164
31464.454669258866,18,3,0,96.82683657130718
47419.37961101791,42,0,0,118.95619556918835
71572.53801718552,41,1,0,204.34737220218952
52478.60075097388,64,3,1,286.8958049177837
50187.827964946795,37,0,0,122.38899653780258
74558.1746705428,47,0,0,162.81130885210848
28529.677294183595,22,1,1,240.54535862021362
30716.013289208415,20,3,1,254.83316527154153
25762.30293549752,49,3,1,305.94052716528046
55589.722797200826,34,1,0,139.39414761039964
52497.39690672687,59,4,1,359.4436941750527
73141.04550919664,22,3,0,158.1722794160396
53652.126157051556,28,2,0,144.72937824660656
43937.642607810456,55,3,0,131.30263720834168
50026.92309317161,21,4,1,319.90867960570984
51765.61127691437,56,4,0,152.84924875738722
24923.580900077493,36,3,1,284.6110668598791
90654.97466502339,56,5,0,213.1598217864433
57798.06527152867,63,4,1,328.58327770931186
53150.12462033884,40,10,1,375.2185965344037
59227.459764178704,34,1,0,137.71380968408414
60641.16470879907,30,2,0,147.6025116816154
47891.697717463525,44,1,0,103.84239955665925
40531.38295638949,18,2,0,127.8357167824921
58991.76029482556,19,2,0,128.08969118256837
55785.66260797178,35,0,0,133.67134113762972
37851.648513658874,53,2,0,146.0336947395177
71285.53417050897,62,6,1,346.48472402335705
54400.28054484475,50,1,0,115.22590540010125
60947.29043401446,53,4,1,336.2612997254598
70878.81331519879,19,3,0,159.6595492777096
50328.33231747252,21,2,0,133.94303022449262
54754.28010476173,33,3,0,143.0312578149045
62150.40857759175,21,3,1,296.7075367513792
39127.08374299922,26,7,1,306.7459368585178
50810.77494269001,38,3,0,152.1489541934404
51883.228799767225,40,3,1,291.1193359433665
35659.121724749086,19,2,1,226.98466229206844
84764.55183010818,20,5,1,345.5515584190157
28890.598347613963,40,6,1,310.71841350043013
30528.441444692635,43,0,0,139.29173757273776
69713.39863555369,64,2,0,153.23840823752303
60698.993761948135,24,1,0,132.12530824432076
34610.52773778833,53,4,1,322.3729121388608
59109.33522652539,61,2,1,313.8275577021059
72017.75667495964,50,5,1,361.16479401898084
49546.05413604521,53,1,0,140.38187770747905
88982.34350111874,21,5,1,350.2904989006994
24139.072836979467,40,5,1,294.07391188361004
60407.35180788653,42,2,0,158.52931787893755
67497.92504331504,58,0,0,166.18299926785457
63370.1585240787,43,2,0,186.23539992770512
46934.664100315276,45,1,0,100.17061741473437
45643.37776983276,45,5,1,300.77799608006524
56662.17756630886,38,4,0,190.9358769161488
62236.31729978104,27,5,1,345.3250941832595
59037.10154423545,44,3,1,313.0926012690149
65600.86836190084,32,2,1,304.22078155691054
34716.95064399897,34,4,1,301.74739129479224
46583.43531314548,56,1,0,143.23468630343206
35899.76101814369,52,1,0,110.57141427567934
44208.30835870787,22,2,0,97.35970483688271
65228.31337721458,33,2,0,136.18513728039264
51619.75881087843,40,5,1,319.01346083468223
89102.88744724655,56,3,0,197.18030797404376
52901.095507845755,26,1,0,113.71582165234553
50895.37820869604,50,3,0,193.43284404319905
51592.74379160324,52,6,0,169.9498924939433
40432.86960710096,57,5,1,300.3849642819873
49132.450814336094,41,2,0,136.3047961841979
66916.82040667468,41,5,1,317.4164957951337
51709.560021916586,41,3,1,328.59433853400395
38098.10405174793,36,3,0,135.62930931486846
36123.73069282047,56,6,1,363.5317833856351
43246.971625012346,42,2,0,163.90802991216427
51107.95151616321,48,4,1,309.6863498483093
67903.79803214394,55,2,0,150.78698850211455
29892.67037950345,42,2,0,128.49619795085974
45202.605831668654,44,3,0,173.96253507890054
52164.65029152618,49,2,0,124.9719422777572
22494.41348555848,28,3,1,227.276521322997
37496.025755503906,22,3,1,269.6422760369134
39801.671903957205,61,4,1,294.8071183225584
38060.44439224253,50,5,1,332.7901162781313
52878.34317532471,36,2,0,119.81970796118136
47591.60585747304,60,4,1,327.2220110263116
41670.70846098445,64,3,0,141.05376439255875
56419.43939828953,33,5,1,307.3087205898656
75846.12076469374,52,2,0,181.2099091820676
74588.84775112628,28,2,0,133.21377609469928
21158.423419064955,28,4,1,298.84539146187257
58656.082757527096,27,5,0,177.3884643801474
47329.65064904242,51,6,1,316.0754547077642
52327.33014298035,22,5,1,356.0632088037641
44025.75449686177,40,1,0,156.3006972350049
51763.82944830803,42,3,1,264.637866261871
52271.11094108028,46,5,1,317.9423127000479
41315.723639766155,57,4,1,301.0588595250211
36554.48678262229,30,5,1,285.9132133771814
43269.56476070773,64,4,0,189.5168106369921
53513.88896685148,49,3,0,140.97307284405434
58984.94512526396,51,2,1,300.1007448843181
62800.2346601022,29,4,1,312.1034778241134
42587.14965399631,41,5,1,266.67592416118686
54257.66850954105,57,2,0,169.12758221676359
64437.53887929948,38,3,1,345.46441578256525
67483.92342716192,46,1,0,134.6281569355002
49117.507188027164,40,4,0,168.5535248942716
46686.02412590581,50,5,1,325.00743510618867
52866.86350754588,25,6,1,340.3148525899891
32754.387906538916,59,2,0,162.74854783892204
47095.85733446738,30,3,0,140.20808952156818
61168.79597709695,22,2,1,265.9798743833644
59629.20694165552,58,4,0,223.8899288387077
45945.98593454166,27,4,1,298.52357399531223
53265.773016307496,31,7,1,319.07575069058356
37630.244895639684,41,3,0,130.69303617781617
60552.382223375374,28,3,0,151.90763724094472
48832.678457952905,63,5,1,308.31294161802
45860.728224557926,20,1,0,97.96935366541543
44574.1424585992,46,3,0,167.49117982777562
49056.591996502124,47,5,1,328.29192667995346
43281.83532602063,54,8,1,365.619706118504
59872.14554003845,24,2,0,154.04479980842981
44070.74677975729,34,2,0,109.8855689898929
73894.46144041073,37,5,1,341.8467937164427
71978.15755222071,28,3,1,343.49763879634804
36626.84765218243,61,3,0,148.36215155301412
51045.564041439204,42,1,0,149.78606019762324
40240.15067995708,41,2,0,142.46766300697413
45100.28655217083,19,3,1,266.97438230955515
80036.41201467195,44,3,1,354.2080058596045
45386.42874326301,36,2,0,161.31368625829748
55403.39055616143,46,4,1,319.9344838007873
58119.819410124175,54,2,0,175.9307401461392
34990.55941275139,28,3,0,131.04137209067878
37173.56788386193,36,4,1,296.0947755556163
31909.664428878215,45,2,0,118.13320258968618
36710.438991533345,56,4,1,284.67518145247817
7249.548360242268,38,5,1,262.65374068889014
58168.736011904424,43,4,1,297.9648290332723
80812.90761884104,39,3,1,354.6130270891374
52217.3110855479,23,0,1,264.46169340915554
28755.967109890888,28,2,0,136.89812050423626
40358.35425650078,31,0,0,63.965165617731
43116.84732462504,53,2,1,268.44063586152436
34736.22834179936,57,6,1,313.3507750824434
62902.73957592735,58,2,1,329.96431111019945
62153.900665630004,19,2,1,295.40256423707785
32668.223092735105,60,4,1,302.5953610063549
60876.21566671262,37,5,1,296.2201047590558
72902.18995365898,39,4,1,348.2463310409611
78538.3730784434,56,5,1,356.0177802472496
92978.18034628945,21,2,0,211.40649187469904
36470.11025835204,46,4,1,254.18338387251185
92363.30639592806,63,5,1,371.2801875258989
44686.90417236817,41,6,1,302.81284672367553
41113.018169292285,18,3,0,106.89451405834768
54906.08562316768,41,4,0,152.20884051762005
41269.07998860481,47,0,0,146.0552332349615
55985.66210969789,29,1,0,131.48738540120118
30198.842183940476,36,4,0,132.62451836259487
46418.71096904849,54,4,1,308.39071680596044
69283.73351542519,57,0,0,154.5236044984305
49144.08062853266,60,1,0,129.51938808445385
52123.93680109824,21,3,1,298.4508846795902
57128.87907075967,32,8,1,357.4472384108926
67559.9244397649,37,1,0,143.99861566837507
25171.629317158506,61,3,1,293.4758306166454
58767.860777561524,37,2,0,132.03545569498056
45977.912911373554,38,2,0,130.73149219653283
52499.56842967758,27,2,0,109.24148826872316
65899.25254643564,47,3,1,284.0623212840453
32087.200228822338,41,3,1,309.0026239103651
34810.33337835366,57,1,0,138.32107773343944
20968.550604292905,57,2,1,296.2282962357763
41762.61587354336,55,1,0,148.3516942058295
69956.48516568224,20,6,1,325.66478206914485
48191.19217289796,46,3,1,258.120480783777
29898.126565178212,25,2,1,247.4217787734158
42714.818831374294,46,6,1,334.8207033442915
27682.074447640654,27,5,1,292.91063116207573
33122.20847403257,22,4,1,284.93393072820453
55832.2836539557,28,5,1,312.17539911156
32391.900105409568,21,2,1,239.36791228305572
66689.51457804954,52,3,1,355.4539103141483
48933.19563754496,57,5,1,339.65419667636655
51283.920559167884,29,2,0,146.16360659167063
45824.40548588159,38,3,1,264.3893957742455
61592.71757815585,33,0,0,124.39494961587611
61747.39831665516,31,5,0,188.53296403688753
55025.815278682574,38,4,0,203.24002859862458
58471.83658861472,44,3,1,332.2947378555
46818.65495119362,53,3,1,296.55581627485475
58133.045103635726,18,4,0,170.98800592018733
44931.8333678929,18,2,1,281.3856102727908
50033.47433243603,39,4,1,325.55887059847197
45880.34375950554,32,3,1,285.62108737093973
43141.72191021206,37,5,1,314.77265082150836
39663.32303417315,20,1,0,92.78267457514764
57015.35155788328,31,3,1,296.17595438514945
69659.08869220194,26,4,1,346.7985167109143
67566.52957504339,36,3,0,169.96834231835456
31151.51996081847,57,8,1,311.49194101478076
69338.0457711031,51,0,0,135.60054680387498
45227.62247573107,21,1,1,278.8444797545185
59010.99522718387,50,5,1,298.99279110350597
36406.770019291835,60,5,1,331.43489418904875
52129.69870811008,54,2,1,320.3059192027397
54705.8477434536,19,2,0,140.49288602810364
27730.92812120521,44,2,0,107.53627355048165
59124.00749516284,62,5,0,157.59587233299044
70189.02511757473,34,1,0,126.07756885956354
47380.28081477558,48,3,0,182.8998889747277
70402.5219624202,58,5,1,346.54739318870185
47154.597598213884,23,2,0,153.46060001237547
62743.767965699255,48,1,0,140.31490609674358
16721.450510733506,20,4,1,252.51462081497425
86281.66668970196,57,4,1,353.87471005249466
72431.87367864436,20,4,1,347.5538964843002
45730.617436194814,50,3,1,312.3931430291071
20418.66460034273,30,4,1,254.17786017050423
54320.42552458234,38,2,0,129.25321124989944
28341.11679389365,54,4,0,117.85416238741209
56672.80306336232,33,7,1,369.3204799625121
56173.485787464226,38,1,0,138.92344343219278
35878.952464969625,61,5,1,322.0820913891388
66814.50535421567,30,4,1,330.4376373727041
62083.6205420926,21,3,0,151.87995706118423
64637.350059328455,48,0,0,124.50941281149335
50132.86555503343,26,1,0,83.46349799312091
28767.1389962944,50,3,0,137.3071074771792
64668.084083167065,54,3,0,215.4859149554369
45944.42901296313,54,3,1,283.85154484579186
29153.297852109965,41,2,0,83.5130481524603
70280.59048961489,42,4,0,175.21537896725684
81491.11280753763,58,3,0,197.80014869234657
49381.278065311955,46,4,0,142.13431593764415
82386.81731904938,57,3,1,328.6385713815094
51369.720929170246,64,4,1,298.4810751199117
44293.161437504736,53,7,1,341.6892767097075
40543.12318721784,32,3,0,143.76465259138186
74556.23611989114,62,3,0,178.45201538792946
38297.84177918342,35,1,0,97.56004774434459
61029.039649624814,37,2,0,161.41613153540314
41612.54247411188,22,2,0,137.36841747403292
43095.39856138455,35,3,0,136.58389224613322
65453.7454095435,57,5,1,351.18901636552744
44299.4473056597,18,6,1,330.632725380679
43928.0693086956,36,5,0,145.0997145929185
66992.0704576221,40,3,1,288.30335514971813
73960.95939832434,43,8,1,390.9308979364482
59670.347049263495,46,0,0,171.87450052517792
40178.45336564076,51,2,0,95.59715866566293
42340.87251053631,36,2,0,162.05238104936512
51198.72895610056,35,5,1,317.4444208797314
54813.950928884864,19,2,1,303.7441914992541
35182.01134790342,44,7,1,300.8268608355022
60845.56909369796,23,5,1,311.3234206097773
51282.69994459399,56,1,0,157.9797709657811
24264.375220428057,23,3,0,134.73207914734792
36066.102763089046,23,5,1,291.60781207732776
42438.069895225046,48,4,1,304.5495012532838
48907.134667384176,58,0,0,118.7437349664523
78339.18193255994,57,2,0,150.40323871700528
53572.56959209443,47,2,0,149.42322800283998
37388.42165152062,38,0,0,103.63920813167391
53309.46206460745,58,5,1,324.40306382790914
44718.68378819179,61,1,0,108.72320778886846
54871.373593003125,35,3,0,147.42307849047563
58708.51530553422,40,8,1,362.6033757967704
68138.45970835906,55,2,0,177.2893141282432
49635.70256494961,40,1,0,132.79946379627813
74584.4079139975,45,3,1,295.5882558073663
63620.33993804287,53,2,1,304.5800414439048
39388.40682781718,42,5,1,329.34243061103007
83147.83498622695,24,3,0,163.89480748619448
54904.91769905147,35,5,1,282.4661302302096
37473.13244041648,37,4,1,286.0036002350934
74793.69576845632,22,2,0,143.80337528995804
81166.66377797668,35,5,1,370.545193254597
49504.62104420659,59,1,0,152.50534116863656
42445.246094366055,57,4,1,349.03455904444917
47414.37563819507,50,4,0,168.24842856207042
60720.9759127655,32,2,1,347.50903992958723
69167.84982545771,52,3,0,216.6166783430532
58557.3099629536,64,5,1,352.7343410422561
51525.84812707655,63,5,1,352.02120920674383
72470.17655456641,18,0,0,150.7381313099099
45307.45290422717,38,2,1,298.9906052793968
65463.79007550361,25,8,1,340.2805251547353
45679.058024730824,24,2,0,124.00794038649437
56465.344370163395,58,2,0,151.05631179987554
48296.561528143226,61,1,0,160.25937779231526
49162.217260207835,57,1,0,148.7775840537026
44339.20223806685,57,3,1,306.5196128739194
70172.81046771041,47,4,1,309.23317562193455
39006.10942837197,55,0,0,106.16979234086396
38896.516211769376,52,0,0,103.59377047401662
81814.90348767664,19,2,0,202.10235606554053
64667.713469814975,63,3,0,171.9394036276156
14223.294519604453,25,4,1,249.65642228144432
41521.11891184395,55,4,0,162.12767811196355
22820.159936569187,21,4,1,278.9612037693584
35739.63959877117,54,5,1,309.9789021200293
2922.2800064894036,38,2,1,271.4554492907142
47945.156334590865,30,7,1,356.78538040931966
32870.87271258033,26,1,0,92.63174745165088
50898.57885194658,62,3,1,296.2838491843633
25623.181116762127,46,4,0,109.62516970398696
51243.677797580596,58,4,1,392.9406189610938
43776.25582819509,41,3,1,281.54373025723066
72529.29447782894,33,3,1,319.2311475466483
71170.35292618437,29,2,0,146.47732522867713
61780.184045154245,19,2,1,266.04715487934885
45100.79329008181,36,2,0,159.87484677849605
79780.7059289044,47,5,1,363.04512437410756
26704.47083240269,33,1,0,98.18347834026962
28946.620556545062,41,2,0,82.77904238415687
48743.25350166403,30,1,1,271.2933711602979
83810.57163381678,22,1,0,164.94352121744328
46964.91639694868,40,1,1,256.5950519178851
47251.32135186077,55,1,0,153.4294113191634
28371.34465832286,48,5,0,176.38890074086393
64188.94377905568,34,4,1,330.9001686880398
64297.64381494031,20,6,1,315.0741414314289
61836.12802099865,43,5,1,320.6133864242091
40561.68990728956,30,3,1,295.0484261179171
39399.398474404916,61,4,1,332.8842661553373
30603.166243925443,55,2,0,118.58171356061808
51258.087526414005,39,6,1,329.0019598650833
33793.89006082247,38,1,0,99.26279760558076
32338.75242126067,46,2,0,118.64440676894094
43644.63924633986,62,3,1,330.6560608501204
42662.65737223676,63,4,1,313.5239913606901
41930.32206767068,56,0,0,98.92370064962358
56996.66895260392,22,0,0,90.3520260019345
51185.717032254186,31,2,1,282.11201893536355
45677.65954233323,35,2,1,312.66778051126613
52745.19392467223,21,1,0,102.55512466815651
35127.09438343052,50,3,1,301.3027392438565
51579.17935864517,56,4,1,333.9456500934353
52259.03739266951,37,6,1,304.2515469335118
27454.29710963779,30,1,0,83.21457755239877
64935.40631555543,53,5,1,330.45392757909315
36778.49442159507,62,6,1,339.27029120054357
51354.64698809652,21,2,0,92.43928052583951
67466.17610802906,52,2,0,188.7649650730296
63885.15136570804,25,2,1,276.202081684868
50515.00082853253,57,1,0,128.3723011605747
44562.51495676897,64,9,1,322.96421343640645
64212.67862863351,53,3,0,158.28907332656203
60120.4246671293,23,4,0,194.1589719157945
40724.52469933805,39,5,1,290.27292778198813
38076.59529497464,23,1,1,288.68801888960104
18914.672274560027,59,3,0,95.51012249018925
52310.477625253814,53,1,0,120.27360839874608
48759.53382472402,26,4,0,151.81801303720593
67042.87061963814,33,2,0,159.38176571019773
55385.8264022055,56,0,0,140.40434845588754
70013.43791259037,63,2,1,292.4519605345454
39539.53658125744,55,5,0,197.25544680729502
67072.25496451427,50,2,1,308.7154121139928
42066.254313430174,35,2,0,147.51435188753743
61663.94092688408,29,3,0,141.3882510180395
28118.624112039597,44,2,0,127.02996821053611
53527.02949049283,64,2,0,148.02684154430267
20229.680878311352,18,4,1,289.90406735372414
45992.93771087368,32,4,0,163.74169616445064
56605.3099081687,64,4,1,334.7127371920679
42185.471731533566,44,2,1,284.98565471775794
34243.43556866049,33,4,0,107.00926008772107
62691.77703943901,38,3,1,341.7062000250071
48448.05815229615,18,4,0,193.21214728764966
42656.44029453993,46,4,1,310.7304360874668
50628.43881731415,20,3,0,126.81897195877526
89550.03712918382,29,2,0,168.81777509906235
67302.54274672316,45,7,1,385.1686404327761
67438.6050228176,56,3,0,168.0914708557843
56533.19478488546,54,4,0,204.02720990053706
52497.279088657204,48,3,1,314.9114716960159
14058.765675043753,48,4,0,108.36024415022946
39815.29480305302,50,2,1,304.90443977990674
42791.38380196288,50,4,1,323.6772806226001
21876.619039287005,64,4,1,280.4207727974821
32638.763146768495,57,2,0,136.03352192065407
20287.45293616049,28,3,0,89.57146325683709
49425.142464539415,63,2,1,301.59259653346203
62281.48956273224,46,2,0,167.2385822530367
66601.61777936493,42,7,1,345.3105506651936
56221.76693118861,30,1,0,146.6800447784135
35549.05488202146,61,3,1,292.671011503519
21019.022622200606,36,2,0,99.17999474615044
23646.969508977472,53,3,1,317.9206885970962
30965.261341182522,45,5,0,173.69100561701228
36667.10452946488,21,3,0,78.8805577367686
47603.7725301262,20,4,1,323.64464036244016
34787.536728095474,55,4,1,303.8831448248197
55084.63840502392,54,1,0,149.18933254993973
46515.89745800791,60,3,0,148.00570813290966
50158.18567611538,42,3,1,281.77685975015436
67103.75829006807,58,5,1,375.5213435584695
32296.52398699445,52,4,1,293.13762640748797
56280.568674385526,46,5,1,320.86097016104253
49790.4015728589,58,4,1,289.9902537533619
44997.70578545457,46,1,0,140.93151550868586
63278.8448129894,29,2,0,127.97033759970418
63185.21231835511,52,2,0,138.2122741694032
35802.63806017358,37,1,0,133.99654972190112
47267.59124213114,34,3,1,240.12203725768217
54218.17523876098,29,2,0,113.25878728229624
45904.898779661235,53,2,0,156.22308864894072
58775.31998431697,27,3,0,174.2032592617174
54217.88026865413,35,2,0,114.16896264589344
77488.41860534018,47,6,1,388.77216148287977
27045.812961053187,25,1,0,113.96396494941762
48163.46015378904,58,5,0,160.6521399424335
36372.46232731713,30,2,0,135.89477265577585
59061.61183158566,48,1,0,147.97694326626535
25742.42164931683,23,7,1,301.4576490500355
55194.6906533733,24,1,0,139.28928082399347
40549.27352977489,38,4,0,136.99883587075652
38987.57200818479,55,2,0,151.9165413118867
28302.52694688969,60,2,0,116.9753499572485
43023.86080698491,45,0,0,125.14794304700982
66267.50795436389,61,0,0,133.48609141000634
49622.16974705781,38,4,1,303.73706499995876
59415.206268117116,38,2,0,127.75121339693229
74969.62732949413,41,3,0,152.26242571630755
53956.333772338636,44,4,0,190.41357456545904
41618.00641906489,44,3,1,312.7830761244848
57008.78322774185,30,8,1,380.60492471856077
41835.55780528562,46,5,1,324.15687839917103
42433.65975054246,56,1,0,173.02512325628493
27201.60800571523,45,4,1,273.57680086068234
63893.86236626589,54,5,1,347.61134940584964
44209.96136525841,46,6,1,282.8815966129928
52731.47368723793,39,0,0,128.54877492358398
34460.571070900405,53,1,0,100.53064712050174
56539.21444573208,47,1,0,136.2513366765741
38570.88142797374,45,1,0,92.51199591363499
47874.36917447264,40,2,0,121.73305874145251
63167.39046858689,50,2,0,195.1759153710375
61861.38968348794,21,9,1,375.9754047594711
49669.5489122459,20,3,0,116.99159946512054
23478.034509399225,49,1,0,108.00483440569018
94892.15855090962,21,1,0,189.03827470043768
76187.88455409704,18,4,1,283.35437756800854
60840.12237332448,29,2,0,167.43815615549534
38701.94327613544,30,3,0,130.6851050870778
48296.11757447053,51,2,1,347.2543895740103
41848.69355335225,46,3,0,128.09116243999023
68957.83908644583,26,4,1,337.8662907514276
53937.543362777506,48,3,0,118.08727365662023
38237.54212460251,24,2,1,267.24931272379513
42938.67351312827,30,6,1,313.4732710555691
66817.82213854857,19,2,1,280.3610176207976
74001.46770230717,50,2,0,167.93297495904673
72924.97345229368,24,4,1,337.1796545070188
61355.48097580966,35,6,1,371.9138170495084
46210.626967960445,25,8,1,344.93678857482996
1377.2926200631919,29,2,0,85.01235561938674
54457.400357123326,60,0,0,139.2102401190423
49972.5686173385,47,4,0,173.61102749563483
52099.7314448203,26,3,0,145.4822222383522
50808.46020549809,45,1,0,161.1703700591334
30106.067570762643,21,1,0,93.77175093926779
58361.12835276779,56,2,0,126.35500836927692
59483.24471047775,34,3,1,300.2953873012032
60235.08173089489,28,5,1,327.27322847151316
64198.6550536008,19,7,1,349.9500409949102
59060.774673824344,40,6,1,357.9721867471033
43849.55882691634,39,4,1,330.94865921382166
48937.44728125865,43,2,0,117.36626755327401
51366.873008800656,29,7,1,334.83368914291816
51615.49173659928,49,3,0,192.13100068105342
64973.264839575946,26,3,1,281.89349226289
59655.031295337365,60,3,1,304.722761418676
81160.1515935493,22,2,0,169.07904208188953
83097.03469827009,43,4,0,153.21785772279407
51194.743739208876,24,4,1,271.98598686726444
-7549.833226890543,46,5,1,278.58853970446773
68552.486991909,50,3,1,336.7819482715215
41894.354915194184,41,4,1,314.5586054748973
37977.741172534894,42,3,1,294.9751735555962
44023.320875159494,48,4,0,139.77329973402624
43300.354297780905,46,3,0,144.72655651340017
59184.04715158089,22,5,1,341.17076234000695
26608.46331310662,55,1,0,82.32171810351116
33834.18881312598,62,0,0,136.50525700515215
55147.37831296125,28,0,0,90.27856301796602
59344.16045619962,49,3,1,330.17941632718276
59623.124674040184,25,5,1,308.94908341071704
38194.45581600052,37,4,1,287.0680625534574
35326.015261006396,51,5,1,286.20549201740573
42400.47749318121,64,4,1,379.1950885638418
53598.09128427088,59,2,1,310.67631945520816
72282.16053908825,25,0,0,161.71766853666367
19288.442213438746,19,1,0,53.07888228467036
46689.0686456245,38,2,0,153.60259130826952
30009.823384621945,32,6,1,327.14244930991254
25216.359839697656,23,5,0,138.33161943508364
64504.34968017225,22,3,1,297.37074753809776
58169.36861749008,20,2,1,270.0477238459507
56741.50273920893,60,3,1,329.6140974011998
63815.3875959649,60,4,0,165.83699537377382
42804.21654850796,33,2,0,134.09106392320294
43510.43725499707,52,0,0,141.82685980114465
82785.95925083861,26,1,1,336.3576333823623
46301.43418610639,52,1,0,142.28825951222717
61026.981695811366,36,8,1,352.1343070867118
50095.72311444973,60,1,1,302.434199181944
22276.122048823774,63,4,0,159.6030546694296
19330.56494298098,51,4,1,254.3372350128393
41315.23670090143,56,2,0,134.79967175404522
65841.51877504983,27,2,0,136.00808112117937
61824.37484954005,27,4,1,328.5050102650842
63711.157463360505,37,3,0,114.97781328657365
35194.30731595527,18,2,1,259.1072262060178
74238.0873518347,23,3,0,175.35581729283422
35526.600497204236,63,5,1,292.02417153371755
53192.36598004953,19,2,0,132.3229060518822
49844.71565138395,55,1,0,144.85189662012232
47391.8926952812,50,4,1,265.6017300929442
70078.8820744341,20,0,0,129.90683401944395
39423.34219751059,53,1,1,260.878564139549
29755.92116432108,30,3,0,105.9543668764351
50299.93229309629,52,2,0,166.25052124141973
44002.598985702105,32,5,1,353.6505469746194
100660.74378623969,62,4,1,385.7068536153962
60147.612146599626,39,4,1,333.40358309923744
43859.89137172064,60,3,0,119.18781521987457
34158.3264621937,21,5,1,284.5589513621525
21795.67384146823,34,2,0,113.31247163441256
34621.7137139385,22,5,1,279.2826478759604
51724.126576386974,38,6,1,380.40118307729404
71409.92977392154,41,5,1,339.9295223118237
66825.33713581879,48,2,0,190.98259550772735
53436.42247469569,57,3,0,171.90527702461713
45152.48501446273,47,6,1,338.06318569229313
54032.18534618231,59,5,1,341.3540551652951
42220.43003773136,24,1,0,152.5784041612473
75775.45993645814,24,2,1,304.9403148796843
47162.1472808738,44,4,1,287.56460592035836
48704.9321262991,41,5,1,316.70796501273645
16762.66362468998,36,2,0,83.24656173262312
47068.47730215854,58,7,1,326.84345442776964
62547.26206947412,51,1,0,137.9902096873991
33984.161344421824,39,1,0,100.50037016297738
38739.194982607805,44,2,0,76.18986022169065
61890.66526600497,23,3,1,302.3485686226715
27850.1416472292,27,2,0,124.40123410683928
65867.01511312877,62,4,1,331.38514603362313
42017.84164740347,48,1,0,160.97716063071817
44171.47669263196,42,3,1,307.47820727601555
33141.823923116084,19,2,1,277.91210673885496
55670.69390641825,27,1,0,99.46600450957563
86898.07977544071,27,5,1,349.8528502649271
61722.45859190948,43,3,1,329.5295023926649
37035.72107089196,22,3,1,264.96879109741195
67034.30878237214,39,2,0,199.25323592083728
45249.80681098626,21,1,0,136.57257991370608
70617.27472141339,51,0,0,159.10154139950762
62100.14603246545,24,4,1,311.05395183166144
5852.876517924,34,2,0,43.52674973387378
34938.80550567459,28,6,1,326.3141626499098
64165.778342530844,25,5,1,314.26375161443116
52274.859082175266,45,1,0,120.0427030462017
34643.66078438224,61,2,0,128.19238192720914
40496.15726759281,50,5,1,288.095103538372
21406.450698659293,42,4,0,112.1301479999011
48674.40068710406,38,3,0,162.5406449186269
83160.34589023647,29,1,0,168.36841902296857
62074.00086098489,43,6,1,348.6269637088875
82856.25501782635,46,2,0,142.8432444175186
63235.95634684971,55,3,0,196.48132514853077
65412.19015029038,52,1,0,162.3828855399585
79611.18031617536,54,1,1,283.362601093177
55658.9488901334,63,1,0,163.37111876261605
47191.5901773968,61,3,0,147.24750253664746
65489.86274933018,62,2,0,177.48476764131308
71807.60355682827,62,4,0,159.2990640047496
42800.530359316865,46,1,0,115.19487404477451
39176.46376489956,41,3,1,240.89025059209865
52082.8404864632,32,3,0,146.08557877432034
62472.48300397493,23,2,0,155.2274758905625
61971.365729923426,49,5,1,321.53985343840327
28637.485997186013,61,2,0,132.78606168843325
78674.09100594983,51,4,1,318.32532291781365
40382.526059047246,53,8,1,345.340228162946
46024.02504667131,37,2,0,162.60069431321492
36460.18460018271,29,2,1,267.41443273425625
90474.93253905632,52,2,0,205.74304866558987
53631.06005431951,55,3,1,324.58550328334564
37235.373789776524,34,3,0,153.07605155429465
62958.85324943669,44,7,1,324.1943065138817
61537.0366896505,34,1,0,155.29608041088522
47184.09464630174,28,2,0,160.0403853578992
62609.10069175075,56,3,1,354.3912340380484
37620.620587537036,19,5,1,279.6274248806248
42606.225875761214,19,4,0,143.57974201748237
19846.750181509055,46,2,1,236.45062196543392
30140.73373670656,62,5,0,151.0442184736171
77114.46208506028,41,6,1,333.6624542097326
74621.42941583472,41,7,1,386.2264753148654
50986.82972973444,33,0,0,137.94031662397063
74943.97170784757,48,2,0,180.98168031562892
47598.88270087543,60,3,0,162.09877523332682
46348.84546148138,26,3,1,295.12573615839176
50847.659726983344,44,3,0,149.91585992269466
48126.17607014652,58,5,1,339.9842763987252
46772.0551465973,31,2,1,304.46445943358054
67150.9716072433,62,3,1,343.65111434770756
52252.034809343044,42,0,0,148.3512895356534
60687.22646650707,60,3,0,224.65873030650567
65470.70787915996,61,2,0,179.9263784377634
55822.786934821,39,5,1,303.3864218298723
35445.930111376416,52,5,1,290.8098658750305
29707.01166553942,50,4,1,272.4750520987009
52231.70952210958,44,2,0,140.16045058709807
47431.155427625985,57,1,1,283.7341781391288
51310.871433801825,43,2,0,143.1946231539743
49759.18941127121,36,1,0,128.12242406429772
88753.60490249851,62,4,1,366.39864000266664
30046.60616537993,56,2,1,281.522679523426
20150.805952683128,62,3,0,159.67990150543415
54985.652502794146,43,4,1,343.3195555349803
44353.66168117707,23,4,1,291.6611597262219
54741.01804594927,20,3,0,150.3176223592983
58758.24533426002,23,4,0,195.3837463633364
69261.57042768346,45,3,1,310.6576153677104
27391.612694240925,20,1,0,79.69463349702288
41649.231532142556,30,4,0,131.56290213718668
56431.41888321146,30,4,1,284.05183586404496
61556.9539353084,30,3,0,144.7492688561204
82901.74325432579,18,2,1,279.1537046659508
64335.559566708005,57,0,0,126.8844992070849
49148.17106170584,54,3,1,335.9290411809569
36643.46370586008,48,2,0,98.02071914504043
41535.65220921471,34,2,0,127.07248173146542
41109.457655643404,26,3,0,117.8091066208969
59828.50442770641,62,6,1,352.8113396651601
53854.96168378746,30,0,0,117.15568438761821
30145.256437367316,54,3,0,149.9002551003532
43461.477963643505,31,2,0,132.83532056241907
63163.213301771306,28,4,1,289.0505502147403
55274.93532461089,42,5,1,327.49025986324926
58529.66924019156,48,1,0,101.41156686585678
55743.82565085895,31,2,0,102.63409604851381
74396.4610191329,24,2,0,179.2785663491001
53540.64595736555,41,5,0,183.3784670371948
44209.65803193953,53,2,0,126.50053603275441
36263.67438299659,59,4,1,302.5591756679502
53744.14187314568,59,1,0,161.6797160728385
13389.439778373737,64,1,0,106.05906689607217
47235.66497250932,61,1,0,121.73927869759312
46912.40210117984,58,2,0,128.3912966593493
29532.937195740786,20,4,0,96.0214374894351
36076.01242016006,64,7,1,323.86910587704034
62144.862952223615,61,4,1,306.9896523820733
53460.67623612444,43,2,1,308.75786711119326
51526.82500560991,64,4,1,330.59239317000777
54595.21300898034,43,3,0,133.0972626319598
51389.41381923385,18,5,1,292.23586245083465
68642.93844287471,32,5,1,327.6957276089863
51851.43772555473,28,2,0,124.3525544148801
28126.803292718745,54,3,1,307.8826523680342
74451.94947311615,24,3,0,208.79556456163334
55555.104009932686,29,3,0,129.28530986864004
41161.19403807398,55,2,0,158.9856614253459
31198.974225574722,20,5,1,285.7606001472125
55938.71331437068,59,2,0,154.59649632166114
48242.41992538437,43,2,1,293.2838615721099
73612.20179048613,47,3,0,165.83297346401298
44811.39078999758,49,8,1,332.961369488302
37439.288154762995,53,5,1,302.2726003646058
63436.94327353893,62,3,1,329.29546428734835
63879.22839075247,54,2,0,167.2599632203115
52529.77051415293,35,3,0,190.31241400144168
60145.355715123624,18,1,1,277.0180090373658
49434.69318886643,38,3,1,287.60202801167964
53507.976515138704,45,4,1,306.3773849238579
67474.86323845884,33,2,0,146.95836747843947
59379.77501032255,45,3,0,159.2003407824015
47460.88342501063,39,6,1,332.61419536460255
70285.43818889227,36,2,0,207.11352624742187
14527.169408127316,18,1,0,80.93725839420772
80781.09967132902,48,4,1,317.05340693215
24410.61357663897,59,1,0,144.06065065425977
40593.60762841556,51,2,0,145.3956335288112
49386.236972073966,63,4,1,287.84784976591624
47802.78993907758,57,1,0,140.16455787730575
65096.16560039832,23,3,0,159.47710991508058
34132.450720846486,45,3,0,152.06483214924836
53911.50226224595,20,4,1,352.9394741928861
41326.81852670369,48,3,1,295.2124879993967
54427.11469006125,33,4,1,303.5413618957652
49028.41610303185,34,3,0,147.9188157623633
51394.03479024467,61,1,1,284.431516977418
41751.127513034815,44,1,0,96.23718483939798
42349.040748558764,41,1,0,137.01489058732628
54309.087710411404,37,1,0,89.02797214536099
64155.732586340666,49,4,1,301.5757141943317
41025.809987032284,52,3,1,268.4980387625624
36968.48683140635,30,2,0,121.29887139918112
59201.90248507755,60,3,0,157.3227952828314
49512.441604134656,37,3,0,165.55120165347284
62457.47200978928,19,5,1,345.11029993696536
36413.04179943279,21,4,0,110.28636041744736
23308.416118648536,44,0,0,69.21905149235371
42004.93877260498,42,3,0,113.51491378765995
38504.71086102476,21,1,0,134.09545643794817
48818.1739987955,49,2,0,145.50466552452522
40447.32178594416,34,5,1,290.1014127562948
61115.25427004674,18,1,0,143.39779221818395
45677.746063662256,50,0,0,107.19870703613685
52257.11748160851,47,5,1,333.42548651346834
52364.518376614156,22,2,0,124.84026262710114
52924.32638618281,29,0,0,92.6934861179498
49638.063343175396,55,4,0,184.46105579290688
57659.0103561547,49,6,1,334.88782179720874
38065.17299261289,55,3,1,314.44024422741273
70991.26889980824,34,2,1,344.03160946326864
46451.93924947197,62,4,1,332.51342412683346
30326.762931519774,57,0,0,129.1405212539342
52821.100354876595,49,7,1,362.3762668918664
37232.292763287725,41,2,0,117.81391851493363
59980.01801763313,29,4,1,329.5780039739067
83144.08364063565,64,7,1,384.4063464681605
38201.41862663225,48,4,0,117.15524183596077
54985.58499835977,36,3,1,313.0902113711676
23667.416169430588,46,0,0,110.91610131095075
56808.57844162021,38,0,0,114.29422379158976
36714.293003004655,43,1,0,85.42671067316678
40627.48072348276,45,3,0,175.06792732440013
33480.70265240258,34,3,0,136.70915924740962
60982.26839082103,26,4,1,335.14217922233513
65109.56536209894,38,6,1,336.9012183732171
50350.77821987762,51,3,1,302.76642924084774
37033.5994199642,28,1,0,90.42121737637399
73842.84554155794,37,5,1,376.3805318240532
38743.84808368016,64,1,0,187.9471050502989
17569.51550108842,56,4,0,132.77141260869365
56875.835149356026,33,4,1,317.62298404288157
33428.37989537725,46,3,1,317.43625124806726
64829.13190248762,18,6,1,295.06144003960827
44282.93454989872,35,5,1,365.5674108751904
59055.698608162944,39,5,1,367.1630695054471
71022.50519828236,25,3,0,140.81629755687496
31867.117030689173,24,5,0,123.61596544475108
41510.94303661391,42,2,0,103.04250487776952
48864.93391014405,47,5,1,294.37609173172797
73063.26978551515,51,1,0,171.21818074854392
40124.259230893316,61,4,1,293.71024166675744
41082.444560764896,58,1,0,137.29560876982956
57172.10863333713,28,4,1,337.5303885926328
41341.56911434144,32,4,0,165.47725166324224
52287.88824346425,52,3,0,178.44085265622294
26726.9386854781,40,5,1,311.3943755675811
83214.94913834895,62,4,1,376.61525913857633
29784.36154535895,38,4,0,139.82089290333252
45173.70944014688,45,0,0,105.86569602430218
49512.78446236858,30,5,1,287.54322948256504
78690.32201535194,51,6,1,381.6327766682744
30127.3132860089,55,4,1,317.6639093582551
79755.56203218127,23,4,0,166.03032726461745
61357.65231653034,61,1,0,142.973539898028
56256.42986634869,21,2,1,285.79446691259557
35230.49469473067,22,2,0,112.1414466195846
58567.1186305711,57,5,1,316.9345172850017
39147.700663703,23,1,0,142.76066864559664
68999.91879797619,38,3,0,158.05884568193142
35434.06956338401,45,3,0,147.57278864768628
48302.62258315874,20,2,0,117.67147994199016
41670.903679802424,40,6,1,306.6443844515363
35187.15556359508,25,4,1,281.2801187189441
61119.797253618715,36,4,1,299.61970668307526
58031.8812111445,28,6,1,300.7172549767791
68135.15298351496,27,2,0,147.26146123093383
23301.873376877487,45,3,0,132.51002646407892
65962.56053511566,37,1,0,155.40484776525665
87581.73358035341,61,6,1,376.9338073494804
43225.3836623458,45,5,1,306.8953353950946
78427.22918163455,46,3,1,338.64310551300457
46052.5809191026,25,7,1,309.74139885615347
29413.853936580395,36,4,1,315.19541068765045
45415.51336389806,38,5,1,313.80857963916515
65723.05951512913,35,3,1,332.40169303889417
37427.352765027026,26,5,1,311.5147486339757
40994.92011490269,21,4,0,138.5517056735068
58903.09148439786,58,3,0,171.3713479997773
50045.90175107859,42,2,0,117.92862230763777
58769.34428730111,51,5,1,339.9370168791482
53567.44311137504,26,5,1,300.90295266474465
57194.37979327359,26,2,0,125.44431429854939
43515.482212856885,35,1,0,144.5523916309835
53475.96413045589,28,1,0,115.46565460687953
36089.404914561,30,3,1,303.59032817788284
69326.50433755082,55,3,0,160.06105089407538
40485.8792477403,26,4,1,312.8751974171515
66932.71231324085,33,1,0,125.89374348306461
46495.89558525702,21,4,1,297.3258667325109
53029.985161359815,51,2,0,153.54846401197264
42575.53173663949,24,3,0,143.5091233215204
34760.06853247956,32,5,1,301.3800516601998
23828.594185920476,55,1,0,87.00933141184319
34170.13762111311,28,3,1,245.16005804020222
45141.367201761175,49,1,0,128.3070533567097
53178.18768243326,44,1,0,173.78662547651865
65155.68969924895,47,2,0,149.21109374472084
43313.63810304727,34,2,0,158.96337020852982
36770.588535992385,53,0,0,134.42890159960035
28359.278209959313,36,4,0,151.15703439827493
57200.95426856156,24,3,0,125.97676788978667
70747.91772994015,60,4,1,351.88569151734185
68994.95401934432,62,3,0,190.48047149494937
60648.99122220856,38,4,0,170.01400404685265
59578.149759013984,45,3,0,168.3157800367792
75464.35669564012,20,7,1,343.4335103503493
54981.22192125216,31,4,1,323.51970916952564
59691.94514036257,19,3,0,170.65536192111338
45188.24207222001,46,2,0,97.68878712167128
29569.349437178636,35,5,1,298.5862027345454
39742.26649250636,54,4,1,276.9317994035617
49862.61442198017,62,2,0,136.49581192293277
50911.78058751954,62,2,1,308.7300960973798
78894.2878228309,41,5,0,205.62112990334168
51219.157513866034,63,3,1,302.4108599663298
67682.65166038465,29,3,1,351.36184304856255
43473.84137635526,62,1,0,139.33740024148025
45324.86171352149,49,3,0,137.7950598207575
30064.885441648275,35,5,1,304.56989543299045
38865.07980685143,30,4,0,110.49746955833122
57904.720870456295,21,5,1,326.52096811144156
50113.402705912,40,0,0,114.1369867512069
64144.079298458506,27,2,0,174.29503484411674
52718.809225175755,22,2,0,112.18245818448315
44713.19402543387,57,1,0,150.54589111266426
82224.4529568044,31,2,0,167.45370248382144
48591.44646930429,51,1,0,150.588994132224
67445.01454557956,45,2,0,180.65126780344934
43981.861901829834,25,3,0,145.29756192256596
60643.992190753495,33,6,1,356.9392825642839
63920.23488727531,48,4,1,334.5550991544134
53127.37955863371,24,0,0,102.09236620269549
14682.756159550969,20,1,0,119.71774687245093
50273.78691284169,46,1,0,92.4931320077674
68456.90071639963,53,2,1,291.1586223951802
57912.21249541596,56,1,1,289.27919879832
56687.583128438695,21,2,1,272.5708101314764
24166.145990637215,26,5,1,286.657565885132
39193.17393987412,34,3,1,287.18148171255154
56170.36446727159,37,0,0,111.3881963872584
56155.74915180338,31,3,1,310.5216348088587
68220.00170199353,63,1,1,286.7965287697367
47826.998672808586,46,1,1,291.36987671492057
56087.361300107215,30,2,0,130.41220887479676
50245.613628969404,53,3,0,153.13038916941593
35195.85895247664,62,3,1,273.37502413965865
16163.13003357879,34,4,1,318.4645061233418
56465.14538195115,64,2,1,295.54660320721337
52609.20812619217,60,7,1,386.4796359891436
40727.37436849746,21,4,1,270.1202020469363
25712.40415226203,37,2,1,255.00001215525856
59446.09271613107,28,2,0,149.95560126599398
46011.19888706672,59,1,0,139.82741629888616
58353.12083552218,39,6,1,327.47707086913204
77960.72795617637,62,4,1,347.61602073136686
17878.53679520443,25,3,1,283.85376095893054
39505.987869464545,45,4,1,273.4807692046776
46859.3658003213,62,2,0,166.58388315931637
71822.39261219976,58,4,1,347.37102048569153
25453.954711902727,47,2,0,127.98723292226445
79037.91538520907,50,3,0,150.27276713194271
52037.838523494356,50,4,1,332.25867985345013
48559.99007399213,64,8,1,326.53655878627774
47029.103551716405,53,4,1,303.9733291949316
43456.05451729957,44,0,0,103.36756059299714
65721.75138903732,37,4,0,172.38315246129903
33972.18868876342,50,2,0,124.94043984987309
55181.2127246578,42,0,0,120.55871120966212
44237.27501439537,61,0,0,123.17491958919774
38567.99827228853,60,4,1,326.81172216654346
88789.62763525844,36,0,0,210.91302926412254
56285.7610213019,64,2,1,271.6708494191796
59198.983169917155,38,3,1,290.7980361494429
67066.65171002994,59,2,0,166.57453323866062
28679.75082022179,50,1,0,104.02506635347473
76284.37863683047,20,2,0,152.34447492195034
12365.642322573862,31,3,0,104.08242641041308
38468.503849422195,32,2,0,129.81876713845872
43114.524902316494,50,4,1,338.5526557945533
58725.85047455759,59,0,0,167.69805908464002
53280.77399212232,39,6,1,314.6458908061561
47497.7788895241,18,4,1,277.11544149769736
49820.039830584145,48,4,1,289.4063239597091
35329.65464716148,64,5,1,290.2547088317884
27541.5140827374,52,3,1,248.53535177850483
60897.6743350409,37,2,0,177.99755761490545
60405.59168804278,49,5,1,351.9897840113782
73767.41562735588,29,6,1,337.6273510145851
38149.74354777188,33,4,1,291.8780383273187
60392.22815451384,25,5,1,305.8870087186338
45744.39907452902,31,3,0,117.35441349611455
67857.12477790224,35,4,1,341.18834606361435
65329.44165017213,47,1,0,156.25072391059746
53168.14098836685,50,5,1,310.30154402966036
44907.0476500102,51,0,0,153.61063847741087
64413.98267912392,61,5,1,372.6200924905567
59703.567848848485,51,5,1,313.0424919639191
39733.39396870726,24,6,1,284.0932590867346
30083.019897808535,23,6,1,309.28999928810634
45672.006489773055,23,5,0,202.30994949155195
72731.20723022314,39,4,0,164.2787616356438
67197.30738099557,25,3,0,174.70004999572055
33315.08795494129,54,0,0,100.9497982820908
32483.638761501184,32,1,1,272.16850638187145
69120.2577451923,43,4,0,138.85315005596823
32965.46142863257,56,2,0,114.4641106343559
57639.42985463012,20,3,0,153.228189621395
40758.93176995515,27,4,1,300.4426042887853
74255.67386782524,20,5,1,294.07970363129965
38443.62801293182,47,2,1,265.51295293521287
67150.42295308743,63,5,1,335.58911404038827
52772.87981090547,39,2,1,305.3029714944367
53782.9228135143,20,5,1,310.4732259648625
20445.371279728985,18,5,1,287.4625231072276
16956.29970191422,50,3,1,299.37584455701926
46691.510895990294,36,4,1,301.4350009101351
53703.59095124918,53,3,0,173.14089114830745
33122.03258393415,51,6,1,338.39318201016016
33669.598842854866,48,1,0,111.46174854001109
58422.08944739199,60,0,0,129.1715645463968
58442.817206856955,41,5,1,343.4912770486612
47933.88409418109,29,4,0,161.07810294918
61703.025817791124,30,3,1,329.6487078074888
32386.965564197802,33,4,0,147.54515732142914
44660.97624369544,33,3,1,285.6260444797226
74718.1640867551,37,1,0,157.24165747544
51024.831949097264,58,6,1,329.19972913332685
51894.68771880499,44,2,1,252.92619665532294
84589.19878951609,56,3,0,209.81171055083288
29009.867512268436,30,4,1,261.3537048683224
61946.45549963166,21,1,0,139.4068200019688
74959.79419712149,49,4,1,340.34895189040293
45127.13110252181,62,1,0,141.12967051088847
62894.46180282269,57,8,1,345.4428434902501
35269.707541836426,51,2,1,250.96878637930547
39699.014066489726,56,3,0,147.46010255806559
55774.496240714514,60,4,1,327.9632573016447
61978.500096658856,34,3,0,165.04213073847893
66814.04768609369,41,2,0,143.97921775376557
73544.4288040924,46,2,0,144.31396289667967
48988.30162167227,63,5,1,344.7266682847382
67904.17632758882,45,3,0,207.34739895304006
44865.42734826277,62,2,0,156.2009505625927
63531.369673824025,64,6,1,375.33973649300833
53112.331967782724,39,2,1,256.3061481324851
56685.16860622886,45,3,0,176.44216009812504
56352.618110330564,42,4,1,305.88820236026777
25929.42485303282,58,2,0,119.10730863056746
33138.1721170884,20,3,1,299.7975574683699
51538.121597262834,30,3,1,287.5904307972312
24690.813805382473,48,4,1,301.3788012629572
62468.166547996334,30,4,1,310.2941962500846
63073.33949432213,58,8,1,339.2101532910023
54907.558293166854,35,6,1,347.89567296528134
33182.98980863117,54,6,1,321.6887362484842
70702.08408302773,60,3,0,183.88676605622658
80558.15959577536,51,3,1,342.3313535864624
52206.15241168961,34,7,1,368.1177976024845
57658.03067676855,38,5,1,326.6795166485357
53026.07982194066,53,1,0,90.41043067113566
57955.53783498199,57,3,1,346.2246036864303
48206.61865060406,36,1,0,131.95822347884857
49481.53640234295,29,6,1,304.96193229433703
63585.76400746048,45,3,1,333.99141701756434
85184.3624284466,28,1,0,133.08340096630644
28998.93148397392,54,5,1,262.0333477347576
48442.8127339555,45,5,1,342.7163612094254
32293.09272151877,52,0,0,131.5393818051203
73880.37347864125,61,3,0,207.89386772494328
41183.930460201525,32,5,1,298.06209805034365
28351.98809321309,33,0,0,88.487960012697
59572.8049827286,62,4,1,321.5602316217318
76164.66672114667,24,7,1,329.74299274552646
59953.968028411444,64,3,0,164.34130705270942
53071.96815922876,20,1,0,116.75992726623343
56137.113841639904,48,1,0,116.17330296304371
71222.60994238332,29,4,1,354.60794601064725
36887.01094978775,25,1,0,94.63756502597451
48322.2934387053,42,5,0,199.6520615150409
43209.647772357,61,2,1,312.1595077994912
32482.020390624348,52,4,1,302.78845916583515
45074.37110874796,29,2,0,101.90108254361627
66615.81643973672,38,2,1,320.13924370309104
58499.032225890885,43,2,1,340.73586266468965
59664.657501623005,19,1,0,116.12561998848787
52197.13417479977,31,1,0,136.5404392464957
57849.85674092883,63,1,0,142.84728623009602
37991.14486477842,21,2,0,83.61219368083603
45357.35171109156,34,5,1,313.5716253475611
52880.06355453015,64,2,0,149.9331680776375
54162.73788322836,22,2,1,259.3299998589681
54802.817823828096,41,4,1,334.6093238232694
47924.970769754334,24,4,0,133.9470349678776
44338.64898304505,40,7,1,322.2034572000495
97366.56924566446,64,3,0,221.75164871521756
63601.80909398598,34,4,1,297.1395982445617
56197.21213928934,29,4,0,175.96452371547778
46501.87252690409,28,6,1,324.39423236308824
43231.71759584185,28,0,0,112.92697069437448
48037.99109409566,51,5,1,348.087064874865
54392.43265380025,64,7,1,346.40959208968195
21793.46683905378,54,3,1,259.9733119160322
26459.156069379744,46,4,1,238.12858000155242
40446.764165915636,53,6,1,311.41449918192905
53107.09155167853,44,0,1,271.4437109929063
46410.90279272223,59,2,1,284.6549373234488
72171.81839149227,39,4,0,187.87683830180757
27764.048195063468,19,7,1,281.385863801508
38729.817955949446,64,3,0,142.34641859338123
72801.37611486652,53,4,1,352.02858028002896
51966.789870127206,47,4,1,333.50838784361594
63272.63874201738,24,3,0,187.01676244297948
80768.70414904195,29,0,0,133.66723291094652
39592.93373147266,20,6,1,284.5526685418292
48510.28493311952,34,2,0,152.71793646920946
45913.59648603693,58,5,0,176.8666748078049
20681.104932750866,49,4,0,124.67948525951596
45344.047943660466,25,0,0,86.62986442945112
63215.93281070998,40,3,0,142.9053464331295
58108.843127183616,55,4,1,319.0364506166159
59286.24754082015,47,1,0,196.24735625433945
44367.365290407506,32,8,1,340.84039085458573
40158.54145991538,27,5,1,321.19065254229145
69038.83507847931,55,7,1,346.55650628702597
42540.24280463496,32,4,1,255.3177925764378
54411.23058189821,47,2,0,161.25037205142687
52450.02021016308,63,0,0,113.56711666790925
71925.75524385678,43,1,0,133.48761470453883
64571.185365085395,62,2,1,315.3868100780218
30571.120689993186,31,1,0,135.60843599603757
32186.702498374398,20,3,0,140.42770745885014
58683.647271037014,53,2,0,141.45725075889757
49034.9352893125,43,4,1,316.7851539704772
43172.42324069354,31,0,1,268.67160082958617
65234.41825991706,48,3,1,329.832360862976
52811.89073133366,31,4,0,151.96195579076684
50786.86080334166,57,1,0,149.40552279055044
61697.429611325744,27,6,1,345.82415050274847
44373.36507584653,26,2,0,135.55209118183816
73527.7847820883,63,4,0,172.0329126138924
38179.28565150488,57,1,0,126.88982539993896
59853.93599513132,60,2,0,178.74566210597413
71507.49257989766,59,2,0,127.48221371043897
29340.567660918503,35,1,0,131.17949698086704
44849.97236221326,53,3,1,318.5907875029064
67133.11089328336,53,3,1,331.7649641425949
67358.66821596537,29,2,1,311.96015713784385
47427.56599417641,57,3,1,306.1525588862377
38979.93359484711,20,2,0,99.72747405771702
64339.03733496143,35,4,1,316.9354469472639
67753.23653872407,24,4,0,170.57863150181447
32530.04977231408,48,1,0,111.46037449686777
31941.295265504297,18,4,1,288.50750636627447
53378.850229753996,48,4,1,324.1840304279637
59440.40950143338,30,2,0,145.05537065285625
45513.963721549175,46,2,0,149.35580111684627
60189.40729973524,20,3,1,313.1922258810845
39347.95089743927,46,7,1,311.2088366677564
18279.59601389397,52,3,0,147.7013650343746
43641.48391501106,32,6,1,307.0577871137068
50948.48219769652,38,5,1,326.87272561329144
45862.40060155315,36,8,1,339.25299594843483
32620.951045107722,45,1,0,115.4888297336635
22765.26536181774,21,1,1,267.87715186637416
42288.667934481535,62,2,0,139.71441712260741
63464.83657474615,30,8,1,365.84303928379813
68842.96159120524,32,3,1,336.0234591961004
67815.70076207683,56,4,1,351.96506575750203
37761.356972771704,49,4,1,312.4662674567658
32694.40514554454,20,1,0,144.78852931305903
57449.51922469843,47,2,0,152.72529767192452
59526.50017396888,37,3,0,178.65389235264928
56002.544078007464,19,8,1,399.15519210703866
19789.05088643355,42,2,0,99.45628929087542
36996.731226748,28,4,0,173.7744334875759
49554.668145710326,18,2,1,288.67720270610795
57308.27291945641,27,3,0,185.4685194412184
61509.6104390373,34,4,1,322.10622737844113
52163.8028342306,47,3,1,322.9080000273944
54961.75709807354,52,4,1,293.6552553358068
51272.98187541656,36,5,1,296.1124708016291
60284.29061327725,63,0,0,154.56095213195007
54692.98477236366,51,2,0,163.6977895931442
50986.06490070931,49,1,0,119.9995739654413
45974.46801293929,29,2,0,145.02577698336026
51219.371375637216,60,3,1,319.6084945877621
57268.87068258912,34,0,0,135.87606601307795
54012.13083347092,23,7,1,356.9704999028353
55712.396275178806,30,6,1,304.2784869873406
70140.82792026778,56,8,1,394.8090658549359
53977.45884119881,39,8,1,363.57418007496517
40265.02219290264,28,2,0,110.07410875726296
63254.101789912536,24,2,0,121.5821802952576
29507.024934966237,62,3,0,131.3898833128802
33778.79928891069,62,4,1,297.94740879460403
55037.70897080104,38,2,1,285.55798887967103
57745.950016798684,18,4,1,309.9146099640407
31324.231647440076,47,0,0,128.0293203574137
44257.73778519875,36,4,1,309.7652144563842
40908.74251670512,64,1,0,112.52171845097745
42699.85515677605,63,1,0,141.28681586692056
64153.96664409419,46,2,0,150.31829020092653
60597.58195320879,52,3,0,158.75674380857652
49713.167302194386,37,0,0,107.85817205469033
41810.571093276085,53,2,1,293.5622902285662
29755.254946697893,56,4,1,299.3792040454072
71302.77408172924,18,5,0,168.2802602921705
58881.708504273774,40,5,1,336.3799418687333
39399.963438902894,48,2,1,279.8978530777672
60793.99246437337,52,3,0,159.76774447534842
48946.64569138062,64,2,0,153.86606583805525
45693.35742706485,62,4,1,313.27132584719794
56528.172924344035,39,3,1,296.6480007363019
38877.52625130913,63,6,1,350.3922236039023
44843.65220734835,24,3,1,307.6854478591958
51821.91596299319,50,1,0,125.91228086693764
42508.2321067218,62,4,1,320.3246591394751
60036.27815401286,53,1,0,139.29060155148557
78035.9975551739,61,4,1,342.80587440982885
38685.52801089286,24,3,1,269.42644516878806
25023.120555439335,44,0,0,75.99964550963897
19973.897487856077,19,2,1,249.6843185238459
47742.977877575264,34,2,0,131.2612149740627
40052.53114810726,18,4,1,282.6127224597657
53117.907516006206,63,4,1,349.9333120998135
51988.965080391514,47,3,1,312.45681612895345
25951.747300788556,39,2,0,122.37211210022413
22776.74255777891,45,1,0,139.11575303570936
54438.99860519143,50,2,0,158.96081424426254
52031.43252079935,43,2,0,184.5108598120894
43612.73002450173,52,5,0,162.82866477746668
25142.84622301543,28,2,0,109.71936640371665
57070.86894147486,24,6,1,349.8736997000241
69078.49318135915,45,5,0,150.1988036726923
54169.73660328383,42,2,0,149.39492813097112
37287.89164152403,58,0,0,167.72953479860783
50668.28248356727,48,6,1,315.589500634366
29508.288785994726,20,1,0,128.21341584851805
65869.41070758189,50,0,0,138.65654640364386
51227.66501794308,51,0,0,182.75664405679018
23477.646323701523,38,4,1,267.55059559552956
45489.88459334476,54,4,1,298.33323127953565
56949.522653513464,36,4,0,146.59685547306893
45004.28568536716,54,4,1,315.8029931931601
45861.56417839739,38,5,1,306.9113401298141
31633.966894290923,31,2,0,105.61096130161751
58498.11480622484,27,0,0,128.96852806562788
40272.961999712934,24,4,1,305.3424176591374
17653.31934492451,46,2,1,219.67758873072358
44431.13943994409,57,1,0,150.94934385736263
64717.2457335553,25,3,0,132.96764590762376
44196.05830100079,56,2,0,136.10631031701712
76069.7747768528,30,4,1,323.8283427391298
56434.51922822776,63,4,1,335.6887800646174
55081.37243420549,36,3,0,137.46028532807114
48074.02601123587,28,3,0,157.7010897693285
48975.70688353564,19,6,1,302.42094887629884
46048.64547320744,23,1,0,138.56601065529526
45465.959118762104,46,4,1,305.4413805326469
57963.00743100723,58,2,0,160.53250702242238
35962.53155314152,22,3,0,147.4971483549989
33861.592569136104,58,4,1,299.34935792621076
33152.07423686933,47,2,0,170.40722478110501
80684.81821515731,56,2,1,324.8529997722383
57955.1435250587,53,3,1,318.8367677107691
54567.38302520217,44,1,0,168.83006215520865
34137.27994559853,35,3,1,291.68843448581464
59350.13451012243,53,3,0,183.7762360353433
48251.42980320007,33,7,1,327.5877523162847
53212.53411697625,22,3,1,253.51117789946403
35350.69526204666,26,3,0,116.49785562142789
52404.03286126365,51,6,1,337.17481031309524
43642.49692690275,51,4,1,294.30918915358234
38515.83264454718,53,4,1,306.2203009245551
61011.59503710873,48,4,1,295.0997066098396
26934.382872049962,37,2,1,267.1231799433876
58471.64396471226,34,4,0,150.88847038039782
60267.29200329494,37,3,1,276.0734580088422
36805.34486673139,45,0,0,111.71648809406203
37695.07308301299,38,2,1,277.20029268531306
46654.61478100397,36,4,0,148.2427949546471
54230.54315693331,20,2,0,115.55274787141538
47707.17512278662,47,3,1,280.5270429965652
56503.43690287819,22,5,1,347.1793055073919
76444.694788061,59,2,0,189.88232982774056
42384.248462754294,23,0,1,242.41262884162583
24272.300439448692,20,7,1,293.3268474948898
62388.8537454598,59,2,0,140.95760358578576
75249.71863891295,41,4,1,332.86981465679656
55891.52544576686,61,2,0,181.20552896523424
33683.76986969498,18,1,0,112.30647583102234
48141.61455147198,53,3,0,172.56360728864857
33222.147736825515,32,1,0,85.58280288040656
59642.832409444214,58,1,0,137.00458198103863
29730.643959523484,55,5,1,313.05650693959245
45498.068197577,61,7,1,301.32071926692726
34934.9326055914,35,2,1,259.56232840915936
51902.37027702443,40,0,0,104.85417311903419
44504.874842933634,64,1,0,162.93079673983502
52651.43154875396,46,2,1,312.9435576075429
50335.25832449549,58,2,0,158.95899945357417
35200.11458413834,39,4,1,293.7999419890689
59403.155952935325,41,3,1,320.9403579708741
49268.51522235327,62,2,0,145.04194753836734
35172.064882011495,30,2,0,139.0402845044773
83613.89834308688,50,2,0,160.536157566454
57146.45250075687,39,3,0,135.35972068272915
47701.091699010416,52,2,0,142.299302333163
71228.06790052736,34,2,0,163.34459269887887
77627.2341407991,39,2,0,190.87881552003975
47819.75866529172,22,1,0,102.3841828888063
55210.96229652143,42,2,0,145.36599329320669
35179.95772995589,23,0,0,99.17883349455329
47792.10873847983,34,2,1,271.4577299864282
47014.06169360195,48,1,0,142.38722110422327
52772.40550432481,34,5,1,299.5375037297553
54991.40717955516,50,4,1,317.51835292461385
58397.4267324209,56,3,1,324.239860223007
53564.63984449939,54,5,1,338.46301000795063
31838.860600562533,21,0,0,96.88912920409264
35922.99341388373,60,3,0,122.24471519990367
41803.88570804491,31,2,0,148.57820565281858
45766.391121151566,30,4,1,299.8718040970066
65761.61435708171,44,2,0,127.09692959453953
32555.915197206305,41,3,0,109.92852351729451
44638.7742774395,44,3,0,118.75789756274037
64295.14247321075,25,3,1,284.76364378414587
45501.83788255082,64,4,1,312.8310086688666
56906.23474764236,56,3,1,267.58282242698664
47906.86935608145,38,3,0,163.24468096804605
53851.748859870844,58,4,1,347.992339537032
46572.91184285689,28,5,1,331.92169711082266
60005.98209092531,48,1,0,118.41152892483045
26824.15388890347,44,5,1,311.0643032329916
44550.31987417182,59,1,0,154.84407387436846
54448.590150414624,63,5,1,376.3498228896892
58005.428720092896,44,4,0,143.80479508966263
72394.28934130742,25,0,0,149.26295322399685
44134.62999701635,50,3,1,292.6054101919473
72192.22642791309,29,2,1,316.1402885566927
40114.64260010494,52,3,0,135.55061360407652
69929.69617316965,51,4,0,192.5582091864422
62262.006900475586,33,3,1,348.77767265461137
36298.12130551666,53,5,0,146.36151460332027
54605.58855877733,19,3,1,268.12196374992976
49231.462467017125,29,2,0,120.43897283719812
59383.768905125005,44,4,0,182.8675358307928
46650.92617350035,34,4,1,314.41233150971266
45391.30661507403,37,5,1,276.08959332634834
70536.41874144277,38,4,1,325.2566152074047
48519.186583164905,47,8,1,363.33628838100856
62396.334862876494,59,2,0,167.82193646508708
46619.727724337004,37,2,0,140.59095778621972
74999.94888841285,25,4,1,354.6188801525678
39824.980559967604,35,0,0,102.75832928293899
40787.84703129223,35,7,1,335.93847942785254
72867.75771673855,35,5,1,320.3469783190602
43325.804136571205,19,5,1,332.39726018505615
74016.11459246589,29,3,1,294.207060257863
63377.60869392219,49,3,1,306.5317697320689
47680.254401587496,59,2,1,297.6653516169542
22800.597919742624,25,3,1,256.6425127227714
49710.22543592247,27,4,1,312.74837782972423
51524.45080300137,28,5,1,286.7790329054266
67508.2659995656,31,1,1,256.9191436065081
73826.70764360168,43,3,1,306.7344560871647
39725.192312843785,64,2,0,164.54614053275134
62017.72645982274,47,4,0,137.21789373842313
61481.03234020024,59,2,0,170.70662037736702
66101.19053615668,21,3,0,175.78418205323294
57480.34868203317,56,2,1,308.77013692925925
20862.53463557345,28,0,0,65.74013098950758
47668.66351208361,41,5,1,303.2725512732565
32664.38637624627,39,2,0,143.36621903005633
46960.913406228894,20,2,0,125.59185936056149
64700.06354200841,54,2,0,164.29204864941985
54577.26253812459,19,3,1,291.8032473151904
67221.36299596149,29,2,0,154.9796200992076
55126.30881070309,38,3,0,156.70724449055052
30525.11090496646,22,3,1,290.24643990285495
12187.294901408983,24,3,1,243.1015677495356
52232.13142519385,21,4,1,283.26551577678845
46791.10300473252,60,3,0,156.553935392174
35345.81390927177,58,4,0,152.06804729284428
24490.59125522933,53,3,0,131.2117751187176
38978.85179790936,39,2,0,167.38914096518937
47082.62772702836,46,5,1,306.518540189399
59988.167355595855,26,2,0,159.45373094641832
52829.4662235197,43,5,1,317.1984432987556
74121.00870759093,29,1,0,162.03007993483033
34465.93915931908,18,3,1,276.29110271742
63215.8833808615,25,4,1,324.79011357163427
50709.48114693092,50,6,1,347.7195924422838
60420.03686177877,21,5,1,307.7315293624466
43452.27705101685,31,6,1,271.2530202152761
66075.20560835884,46,3,0,187.0837565756246
54428.37137517864,31,2,0,91.69162059816226
39808.32522623376,26,2,1,259.44452239343923
49819.639566302176,26,5,1,292.42870906474946
46406.66211594351,43,3,0,165.44978078190317
57337.6752595669,64,0,0,172.0559326104765
32303.34875938237,59,3,0,143.35035931138984
49559.72446826458,34,2,1,277.72402243011067
55929.60878973996,58,3,1,299.80239433090003
50495.3496078955,21,1,0,128.05774005423186
70204.11866583493,63,1,0,133.5617929331664
61610.341611065785,20,3,0,117.05601071621922
49887.788048888804,46,2,0,125.62752967640228
53250.3364624651,42,1,0,124.94003523627504
54434.98327222999,38,0,0,79.97096623637964
56049.49406250236,29,2,1,324.0792531407949
22615.13006503088,18,11,1,328.3565880173711
45477.105563459794,18,3,1,265.26411523021403
27733.413977098604,62,3,0,153.2218260219738
69174.2142118923,63,3,1,302.212269800506
49087.25719995608,24,4,0,142.86507759250546
47099.885754805655,27,4,1,304.88513592873153
63451.95998049853,32,3,1,289.99672826562016
56334.87196174812,57,5,1,332.04440415968577
33070.48228431189,28,3,1,286.8917287006733
48936.41956208947,63,3,0,150.26099812245525
44972.495401604225,62,4,1,354.6109008114908
23832.006670909188,40,5,1,289.52143695005486
39645.85650144193,30,4,1,294.20401474000346
47246.895169753014,44,6,1,325.66055366534954
48275.73602762236,58,0,0,126.96099462795459
27766.52864484037,34,5,1,283.89585639140654
67274.98374571213,30,4,0,196.45406485139173
48468.45411662842,29,4,0,180.0670362052152
50563.29614990844,46,3,0,165.20765434216685
56009.62457509755,38,2,0,145.37265406326958
38178.85619144493,37,2,1,267.19704291882084
56845.339596990445,37,2,0,136.147349307269
44493.880309727254,48,6,1,372.54061962016243
36551.216890292126,25,2,0,111.85281482572135
58601.71240033099,41,0,1,241.1930451634991
72375.1078820271,28,4,1,357.6913033465365
60872.440602287475,56,2,0,128.89184528099105
63844.663477106464,50,7,1,337.0784647795682
42190.54090156552,59,4,1,309.87247667871566
26035.704062473153,32,3,1,271.36339429234937
72352.06283149762,21,6,1,341.6669944109334
80817.7233410714,18,8,1,373.09651370462814
73142.10160654523,49,4,1,324.0294901055379
44963.21091530375,28,3,0,106.54975771050577
32680.484919067338,47,1,0,108.84788622023777
34014.7595327065,54,1,1,247.2885474122047
24744.01148578927,36,3,1,288.528773039901
48389.32072384932,53,4,0,153.51840817366417
74085.16937123681,51,2,0,165.10093494745013
47875.06052191635,24,2,0,157.35791614376473
54534.843505224126,62,1,1,299.89442381550145
70633.95446456312,37,2,0,142.71586132152893
43938.570322514,29,0,0,102.18715277029047
80532.97185079393,49,1,0,165.34115219542923
79881.4161124618,19,3,1,331.7884632363075
48033.32991979276,39,3,1,297.4197966040628
41336.98603971181,58,4,1,292.58238927483836
60458.570695854694,57,1,0,171.97799799423717
44787.12586221713,41,3,1,271.71559170477065
32651.671743989955,48,3,0,148.1174030487054
69218.5798028447,21,3,0,165.57509223846813
68246.7108091562,41,2,1,306.95729594813844
52332.67405645341,60,5,1,312.855198999232
31057.028694077333,34,5,0,95.09728226920575
31557.10623173921,57,3,0,108.09447558265046
51608.43932628729,36,5,0,177.17287984262498
42501.93448242452,57,3,1,309.2985315788129
44883.60601787588,55,6,1,362.95839197175735
65329.44732590005,51,3,1,321.6798207624594
60997.68976133836,64,8,1,374.0190692729254
70672.1402074642,50,4,0,171.66075050983108
35140.65164934113,23,3,0,119.08011664997635
44852.12646969932,53,0,0,121.4014617617021
61384.725431901694,30,2,0,179.65443649266848
56721.17511519338,64,3,1,325.6688452372567
72985.70573881433,26,3,1,307.73001213550083
56308.05058856104,52,4,1,308.4279566694621
77721.63656158329,51,4,1,299.7922757570051
58100.26702584711,33,4,1,288.2960313547296
65932.51171382991,35,4,1,316.1092830538638
45147.275798233146,35,3,1,292.6906885285707
50214.30817825984,55,2,1,280.2741815688087
63664.16605759213,60,2,1,336.15880681484225
74194.6725588958,49,3,1,344.32764546701173
60938.554239661295,24,1,0,141.81987910039925
48752.42342098071,40,2,0,160.99948315719305
70660.02544292512,40,1,0,174.89465176392918
17120.32015580179,63,4,1,278.4795620882994
28666.482477396898,35,2,0,106.4783184948457
60224.51335502583,24,1,0,130.1177910162357
50211.62534379687,59,2,1,291.6122664226565
59082.70476686248,57,3,1,284.9223640917629
50966.11283647913,41,5,1,330.4968832727363
58564.18541905809,31,2,0,144.51768908633784
37783.95768510214,22,6,1,331.5402583409845
58557.29129119536,63,2,1,282.09764863160444
64916.21792311377,39,4,0,191.61623964079192
68308.25905896848,39,4,1,369.67602055401244
80203.3144197305,27,1,0,137.27653052874268
53661.4766525358,43,3,0,144.04228800077487
54108.66630270769,32,1,0,133.98271101544108
27152.41303739228,55,1,0,123.87705795755213
42028.828982923624,58,2,0,98.47842879432869
47103.76888990081,59,3,1,323.9586308938215
65754.79328414533,18,0,0,88.39328349948204
40834.98313865556,31,3,0,152.62509661817273
61945.100296232486,53,3,1,280.5599928149773
49975.6742455493,48,1,0,119.87108006692152
47342.47827327857,45,5,1,338.93123345128663
53733.40953699885,51,5,1,315.6823439079886
44132.65441620736,52,2,1,311.36851449058116
43564.441278610015,56,1,0,132.07499061285188
24428.21141314828,40,1,0,106.52007334661941
46280.686890081655,63,1,0,128.30477813569138
42800.4778077691,61,2,0,123.89764474544901
42260.28515976381,36,3,0,176.2416542197997
56253.0959388506,35,4,1,315.75569710194304
59879.47929185764,32,1,0,105.3685098245853
53482.91756963491,18,4,1,314.10452033926606
64931.227856742116,42,3,0,136.00353921555455
58633.42888745548,43,2,0,147.6039865647856
45574.157152915366,52,2,0,115.22211968822104
43057.1557142843,32,3,0,120.59606028085527
54692.3335515027,21,1,0,128.21231575444207
58606.50664852851,32,2,0,148.78469346526873
70967.66460547247,59,2,0,144.55373950563938
67867.59567410144,55,1,0,157.88116772114566
41877.90490239247,62,3,0,118.22631941920253
48469.90579809107,56,4,1,338.7784284177376
60065.26707376655,18,3,0,149.26262556417257
66019.96667088458,39,6,1,345.0372453865982
64084.54203057188,28,6,1,321.2797528542584
49041.8325075298,63,5,1,315.09737875854887
31189.660213572253,55,0,0,125.3980403245065
35015.95435631613,54,1,0,129.38433951002108
54089.50271479121,43,1,0,154.15774671870392
55133.38369136518,44,2,0,132.5512366557493
33519.80939848423,30,4,1,283.92785346769733
50668.54416333907,24,3,0,148.79708970198035
59468.365354576745,25,3,0,147.4137035592951
32731.600137392837,63,3,1,302.9977127893815
66574.95802706623,40,1,1,284.5284900005916
44337.03277160262,43,1,0,101.43186092258142
68864.19668864977,61,4,1,347.187048940758
41998.21331336149,44,2,0,104.68757172988852
34600.617756737316,26,2,1,308.40068157598364
43127.9451523742,63,1,0,128.08669592886244
48572.7781538402,55,4,0,158.0166561375658
44172.801398427786,64,3,0,160.49379974221432
46759.9786764033,30,0,0,119.95379627732432
55009.47724514286,24,4,1,297.21215069843976
47432.30945305401,28,2,0,135.30318087790732
49008.3140907199,27,3,1,281.9349103008542
24361.60401196106,50,1,0,133.81684334875524
55875.47024015709,56,2,0,170.7401100939993
48661.95053462498,20,5,1,298.36821117475245
74154.39470724306,58,2,0,164.8549208565851
35906.522491190626,46,6,1,307.41497323383373
22875.570072507282,54,2,0,118.61784376599888
59271.02740895063,62,4,1,339.9393772131409
55197.905274695004,33,5,1,335.0917504483673
34873.50469203282,33,0,1,253.8553279778248
27053.76567493863,61,3,1,291.6239186697582
73060.95096026435,60,3,0,181.4802089456388
71211.65585910172,24,3,0,181.89003816327693
12688.148619408057,32,3,0,102.06871635126862
43126.654561152485,55,2,0,179.34405163727655
74962.88082175849,23,0,0,163.68207593488853
42859.06163333199,35,7,1,324.6682900949738
42640.81648960021,36,1,0,118.73118948134696
45758.61008555948,19,2,0,64.92746388404609
33186.54539347761,20,1,0,78.27663581491589
24428.363836579338,63,1,0,106.98081054777776
65788.20966102123,42,2,1,298.41416781695966
22355.946406284864,53,5,1,309.3174109741695
53709.07178163134,45,6,1,351.6143907066382
63298.69239136475,55,5,1,307.8763691705027
28231.605516482625,45,4,1,267.84594718555434
36135.97396107393,49,2,1,253.49631122167978
68197.68782587384,58,4,1,308.97096555046164
57993.3758034056,53,3,1,313.9755241829344
40740.71439681669,56,1,1,297.7118137873549
68033.73505041757,53,4,1,360.33709177533336
68098.03585181454,60,2,0,191.79465302992463
54035.79039523561,40,5,1,286.54841208001324
36497.59658189506,19,1,0,96.48680127037073
43798.26944792307,27,2,0,130.9176907141756
54295.801159330855,23,4,0,171.02052623349152
47171.07756278768,25,6,1,268.83217308753274
64084.35767352277,32,1,1,274.61596094323653
27053.388798359956,62,1,0,147.24967352234827
27586.04706400642,46,2,0,118.72940611690167
52713.066672236484,45,5,1,352.8005936306822
42626.83379289643,39,2,1,295.640204402194
40594.27077953389,51,0,0,104.09423323628877
23479.149212384043,37,5,1,302.5412766142493
50293.18767197273,50,3,0,177.07235916266438
49208.67337998851,32,1,0,117.94565787019599
59802.18472927611,24,5,1,307.7616787738832
51033.59199681458,41,2,0,120.5881025971841
48010.93882639255,43,4,1,326.7325527722371
67655.00955185507,27,1,0,159.13707099850933
30312.99044827175,32,2,0,98.91651321467378
58045.838282713645,54,4,0,150.10067133035497
24932.792528069767,41,5,1,283.60925964310593
37424.57179998788,28,3,1,276.4458860164337
31810.143010650292,57,3,0,154.41074808098776
61729.13803177877,38,2,1,332.4506296777673
49018.84649606909,57,3,0,143.9237764309683
49797.451331105345,55,4,0,200.336944889454
33399.00518405823,32,12,1,347.55245979501643
45504.59756100666,32,0,0,124.26308441201222
38548.02045036333,54,2,0,160.60048204515653
55751.82522281324,62,3,1,296.53220870503503
35133.63297002579,31,6,1,288.4535429023638
69946.91547807615,60,3,1,333.81989457098064
24866.293255638582,38,3,0,145.73767743764347
37902.202513151584,61,4,1,304.86529110126514
75158.00764949144,37,4,1,351.15660063674494
43472.91878056948,50,4,0,171.90853614421843
30276.820033933822,20,3,0,90.88341119537283
53286.07343806503,57,4,1,321.8553569636963
42869.11636678187,40,3,0,162.80591818987642
37461.946165725414,61,3,0,129.75727309577857
33561.937838019236,64,6,1,311.03710634685206
91525.60408438914,40,3,0,214.4154914962337
46226.72149723795,44,1,1,274.9447765664803
21116.489595006842,52,3,1,285.9055836444251
72405.646385083,42,4,0,148.34335003265775
59166.06357665856,49,1,0,154.4663361956864
38503.00353470318,39,4,0,133.47518053015898
36003.213669707875,25,10,1,316.97424444806904
60102.09194237346,55,3,0,162.67628406898913
46296.22508765818,35,4,0,170.22619472486218
21110.33272332348,45,3,1,291.9796580009516
76808.59946907003,45,1,0,158.07545684974264
43490.14306676065,28,4,1,287.6294900368513
72433.57604723639,29,0,0,106.8118346329485
69176.52436948573,19,2,0,160.15934310832026
34984.85683275779,54,2,0,129.98207557450365
65497.84796544722,21,7,1,341.88417464614054
40228.36175204478,58,1,0,121.68455521707008
21999.49119794087,62,0,0,120.23698643526086
43631.02750966786,62,0,0,138.35469428608644
55964.562526644186,64,0,0,157.4205278054858
43058.95028005493,51,2,1,302.79650373478
45394.27488612348,40,4,1,297.65173804448756
67153.49067392919,30,2,0,141.7921078292422
51597.409704351376,24,2,0,130.64860357767458
37350.525330725715,49,1,0,120.1389118883696
60530.4548550099,40,5,1,345.813391622546
52965.13350431368,25,3,1,294.2617023501754
12175.927978069354,64,6,1,301.68106840900685
56425.29370657173,64,4,0,185.83292378941312
55877.43061574153,54,5,1,341.97569418643945
50301.816943712896,51,4,0,150.75865045110183
63375.50871604362,46,2,0,148.2777674181893
39914.096235102465,54,1,0,108.04426506937853
55047.49683231351,40,2,0,132.36113411623433
26495.609432489706,55,6,1,337.005179723671
56106.355750982475,46,4,1,333.63066452953933
79295.89543309844,61,2,1,342.22510799617913
35077.154712986885,22,2,0,131.0423086944733
38602.96802018337,57,1,0,77.77973709162868
39349.768356626715,28,4,1,288.919281081245
51949.97338702393,31,2,0,140.9414111599582
34054.45590719423,59,2,1,265.80388298032284
56318.710680364704,19,1,0,94.10232629863
62702.59918203748,52,2,0,152.87556101734648
58015.20820180677,62,1,0,161.63467372193364
23473.768615428915,52,2,1,287.5628836699574
64927.51497737909,59,6,1,327.20110521830003
64060.5112138052,45,2,0,162.75702979292015
62452.420585194566,25,2,1,267.5019528002914
55592.63372983738,49,6,1,346.5884997536868
53302.83971307699,21,3,0,128.52682254943426
65485.84097189595,62,2,0,177.3174249323795
78852.70231405181,24,6,1,356.55255743754026
35704.39304952725,56,1,0,157.20180170668286
66171.88093692157,44,4,1,327.58118143140854
48706.74352988821,54,5,1,334.2140309731535
48054.90421957099,34,4,1,317.58187999862446
26952.039644269425,27,2,0,100.85235827188431
45728.158857269074,21,3,1,308.15321090822266
35041.02563047377,40,2,0,172.90777626374273
43042.18355741081,31,0,0,103.46342248172607
33527.20424332775,22,2,0,97.71961009568773
43266.37419030491,19,0,0,55.70798699615165
43908.344644648954,63,6,1,379.7552223638401
51451.323776582,41,6,1,353.1304682947382
25778.752065630037,35,8,1,327.15587588681035
28317.227783820148,44,4,0,157.39709282265693
55428.7140609579,41,8,1,332.7871223573258
38038.42824394852,46,2,0,157.00309427939135
66117.94685344897,28,5,1,334.2571093465427
53379.0458302257,35,1,0,124.96700496645782
59101.43225309611,21,6,1,331.7101142039181
71160.38480631342,50,4,1,318.8102336331066
45354.33782290141,31,6,1,305.12531053315377
41382.69941875587,61,1,1,256.78976482679946
63075.5387839822,59,4,0,186.35452167971988
57642.70345894529,49,3,0,164.95669115673908
47190.045352680485,21,3,1,250.73943290189942
70871.86950433913,37,4,1,298.59591739158685
46816.335352401045,38,3,0,164.97310555869208
50491.604563336725,20,5,1,323.92323814279627
50318.339762513875,42,1,0,123.26341639558123
35981.09157652293,21,3,1,294.0882316136905
51163.78084229586,64,4,1,289.3305830732923
70951.40266097737,28,3,1,333.6561949831406
56674.52473064264,33,0,0,72.26297014886151
50465.951395983975,53,5,1,324.32519287159096
47573.490782514964,23,3,0,158.6628156185061
54963.00542609527,48,2,0,156.37364190401814
61246.499427337774,57,4,0,203.34569140490066
59138.58246334629,30,4,1,310.0409968927331
45022.02707267032,40,4,0,153.8450570974354
54871.723911651716,21,5,1,340.12529639854125
57199.09611722418,54,1,0,165.2871658776835
34892.075187095325,59,5,1,306.22026983017986
52523.458117755414,54,2,0,157.3772590672502
17580.44170546457,61,5,0,134.13578045255127
57238.005647317776,50,2,0,177.00962020727
59905.14581844022,59,1,0,148.64800414756763
61213.19188679689,46,3,1,321.7428699466394
44074.297217456486,54,3,1,296.4997412428103
54635.702525360524,36,4,1,247.65440268056574
71359.3076831175,37,2,1,290.98312095798053
71206.54472436888,49,2,1,285.5649635806106
49562.40951160159,61,3,0,165.97618529303733
52089.7944609434,33,0,0,69.4948189575598
66663.6671710165,22,2,0,153.3780526467525
27487.96977106738,63,1,1,247.9734884262148
45153.863859844634,29,4,1,306.88235231204567
70033.55683305135,62,2,0,171.61841108163026
64628.00812527149,38,2,0,151.50302651964955
55538.95666474857,31,1,1,302.25692521815535
27412.513920040692,54,3,0,154.87325849363359
49251.34650438257,39,1,0,154.7956537087188
41151.269056251,47,4,1,290.0781422469476
54965.5835422582,40,6,1,311.83248093969996
37859.799728076796,22,6,1,329.5921564137658
34614.14907538089,46,2,0,113.42344127811435
19027.020834745377,47,4,1,253.8308756583622
68327.07027465053,35,2,0,131.4540627925186
44003.44232835414,63,2,1,298.7909149973454
52357.186755538016,18,4,1,296.8190584617332
49966.42825288729,56,4,0,189.61821963044375
33988.491005592514,34,4,0,113.90463215453167
31114.0263282771,20,5,1,261.1593712180545
34920.27311004147,59,3,1,289.03907553946846
39152.47341755911,24,3,0,91.90402065672274
55499.09370520707,44,4,1,307.5763989430185
38064.23504719083,45,6,1,337.831166107536
76197.35947391932,61,4,0,239.01668786258415
65407.26553839727,48,1,0,141.16059394947757
62125.39324498562,32,4,1,308.30333465671515
48205.11646290275,25,4,1,302.85812888636434
72714.21103580725,23,0,0,147.40324637407298
46729.91553318314,45,5,0,190.64631228114104
49531.07878768631,21,0,0,97.10516694734103
52549.61809623904,47,2,0,167.11515632571889
60527.34560815016,60,2,0,150.23353691357167
59553.62118504478,34,4,1,348.54686174943134
42873.12082333095,51,3,0,167.1761097563272
42005.094208610695,23,6,1,297.19973561628746
59598.544357281266,53,5,1,338.4232239469893
60728.54875836849,52,3,1,307.9986754004767
44099.73312765691,56,2,1,303.8040907702978
26192.17895482319,56,3,1,278.2781758881659
46890.25855987633,33,5,1,298.7697483395371
59352.88698238788,19,4,1,319.4963770710063
77081.25269629671,25,3,0,176.45355841871924
32030.63056489007,32,2,0,92.25074194214673
43601.4312075414,44,3,0,172.9428300111096
44158.94657711935,33,3,1,308.74359793263085
70337.08009147251,18,4,1,334.82014821870933
49475.87749312051,27,1,0,119.07522795788412
36390.101609416015,24,11,1,336.3254379675036
58380.42924382729,27,2,0,165.29837725456923
43930.42219938581,29,2,0,114.711730613709
31634.190899630685,34,3,1,261.6062898868509
36608.40039085774,62,1,0,131.3312002203006
76010.62931633928,29,3,1,284.452441090512
55763.138324741936,32,4,0,167.57711725893898
51616.400831788145,63,3,0,147.79846441181027
46251.59396281931,49,0,0,117.35926374370347
54382.23263178198,49,4,1,334.8770080590444
54203.539190037416,43,3,0,180.94198265955055
54382.53242310989,31,5,1,341.9564494567698
51722.676354166295,43,5,1,351.5003223798189
63031.97507458324,22,3,0,153.16171988789975
50346.565190010966,55,3,0,110.17327876311185
35330.91746671042,63,3,1,292.8416512736412
40813.65663648698,21,4,1,304.4481041718419
20314.719597654315,45,5,1,280.80244683459716
80402.25674063589,18,3,1,311.6023061570524
62941.3188792903,30,2,0,123.42928260663217
37548.942573061446,60,3,1,311.59417112983266
45772.3272590435,20,2,0,112.29538029972966
40446.8528869035,42,2,0,125.85565411582053
73138.20817061176,59,1,0,174.16655939414224
28701.842535936066,33,0,0,93.56786082787922
51717.14088228169,38,7,1,372.28723231781856
48372.08236152728,30,6,1,315.6986957335795
62402.57946063671,61,8,1,336.69931694277835
48439.861584129576,53,1,0,148.84287041320854
23626.866850168473,25,3,0,116.7065920759442
46233.23248036339,61,0,0,140.79450450489068
35417.56673085013,36,3,1,274.7179393418039
51193.69319834841,64,4,0,179.46255503630695
71512.6555478049,33,6,1,342.81400861803576
23908.621336515826,29,5,1,258.145502189602
37996.658969001444,37,3,0,149.6168466085843
41709.60569324755,35,3,1,300.40584857230107
44275.53356880183,29,3,1,309.22406873553024
61101.88496157866,42,7,1,302.6520788863093
47396.83373657919,28,4,1,301.190619922566
56237.04088580668,39,4,1,306.61366293893144
40613.40434402335,63,4,1,330.66163282422383
53448.865181269066,51,5,1,331.5686855043097
61666.96446316572,30,3,0,149.14179583451713
39015.50675394367,63,2,1,322.54643019947974
61720.37179709772,55,1,0,188.1383311457843
50785.59153091353,29,6,1,356.0814037232621
65681.90360723379,56,4,0,190.9585495781257
46978.701498845396,53,5,1,314.725474063702
55718.669827431484,45,2,1,339.1076580088061
49390.90652482205,44,1,0,158.82475642272874
48556.816069391316,56,1,0,154.22168589937402
53883.956423385345,30,0,0,111.65700234164098
58052.112038373554,60,2,1,285.5497057742203
31256.526321139925,57,4,1,275.5367633025293
71504.50413226816,44,2,1,313.93070538945494
22105.054391753023,48,2,0,127.16299115508241
39727.81835391656,19,2,1,229.95553941477053
48585.96393852649,35,2,0,156.20158272022312
56185.33953628922,43,3,1,277.39136952263254
73642.58791612068,59,6,1,358.4117790377577
22125.62767662339,48,3,1,301.1551626426972
42384.58807415434,55,4,1,354.4619738932512
18097.497683011017,39,3,0,120.19912004319434
50474.329608653716,53,2,1,294.07258757987734
54075.25376750046,36,1,0,130.10406886470642
73861.9361325688,31,6,1,347.0614559708177
51809.52141340181,31,5,1,333.5353487847228
65660.3769416357,46,5,1,326.79284213610015
58757.556223085885,34,4,1,303.3773031660871
43471.27704492248,54,5,1,307.39771872328595
28865.58879811941,26,4,0,152.41343716873905
54125.034474377164,18,1,0,132.59856397178302
27618.469742819543,21,2,0,115.14215621004419
69428.10609004466,24,3,1,348.7894809124284
47569.068469447644,28,3,0,154.44644704431477
67927.66117267124,31,7,1,394.46853091410617
42796.78348801401,59,1,0,159.82002395565036
54032.76179601488,36,3,0,131.35937427860426
53140.23286002033,57,3,0,182.01862195010145
49324.33822983614,20,7,1,358.14685060947755
43510.10729905112,25,7,1,300.26103582752404
55886.8402770578,46,3,1,322.07540719562405
36107.55104775188,54,3,1,263.41015349464715
31858.47006561412,60,2,0,137.83850732303313
68642.40339990241,26,4,1,344.2761549117174
60907.519833381506,36,2,0,131.6505720923542
50988.3741290336,29,3,1,309.7211683662377
74977.13573815672,44,4,0,157.12989646156484
45983.51721912733,54,6,1,339.9474072045413
69840.54829983469,42,2,0,168.22554587669012
52633.61127388733,62,3,1,316.4988183203479
34628.73874885415,55,1,0,108.23161807124931
77720.60287656274,34,1,0,169.8000158652651
64860.66269936127,61,1,0,171.22677651723836
48184.68453485653,50,4,0,200.94761270778346
60907.56889300924,56,3,1,371.70343999393515
43944.4484900314,31,2,0,108.98489409744957
62437.23552589313,45,4,1,311.741087058812
14133.82152074061,35,3,0,105.04847232328635
34702.979994581096,50,3,1,291.0396951882953
64688.896164304446,59,1,0,151.94462633821166
46255.16692671621,32,0,0,119.96502650134757
53113.134423331125,28,5,1,301.180352147328
29798.21506826848,53,3,0,126.94609641743163
77718.00493553154,32,4,0,134.75010306011993
67857.94465576515,47,3,0,175.02910347242664
46989.72172437005,32,5,1,297.74796079328183
43929.56214705011,40,2,0,125.9058611012975
65444.065421295396,60,2,0,185.17190826277627
79737.05675253391,32,1,0,144.97519796329357
64306.403837170306,46,1,0,154.08743242856312
82577.04001094903,28,8,1,404.0275175416546
36164.730064071235,62,3,1,309.6850876251881
37709.19754251814,35,0,0,133.3308699509223
32165.88322919977,57,2,0,164.89106627004116
56626.40974474219,48,1,0,140.66930776983344
52634.05324706555,26,1,0,129.472156191953
47720.73314792021,39,7,1,348.5009469697542
62138.87942184948,28,4,1,290.0660047389711
68484.92907821995,34,2,0,168.83088769516937
27115.06386069737,50,3,1,300.09684976292976
41045.419581483264,28,5,1,272.72796910393174
62302.1539118459,56,3,1,305.5971732518237
42983.91974212127,25,2,0,99.50458395310109
38026.90885462769,21,6,1,318.731075386509
65278.061414755924,53,4,1,318.18736853503015
30657.4989541403,36,3,0,156.62220156108773
45476.30288313342,41,0,0,132.34691179665762
54929.66038707213,58,3,1,347.0849915532732
41392.70129134822,35,5,1,301.1070643369325
61747.334840197625,50,3,0,209.1130046123262
41466.84537203946,63,1,1,238.54560965508472
71129.29240168878,53,4,0,197.27271786719552
48113.805537563414,27,4,1,307.66331605417724
60069.0520505803,31,3,0,175.59169456813723
61190.359294742244,24,4,1,305.14974191094655
40586.89995883891,29,2,1,294.09510426193975
19197.70177016167,39,1,0,80.29239658366366
55411.336319957525,44,5,0,168.2320649947269
51084.32520687304,54,2,0,149.69578114383623
58337.39041362691,28,2,1,305.5711013956787
46602.08791425743,53,3,1,276.59024523620894
43543.584517989264,30,5,1,316.7908008738044
80127.0951647255,49,3,1,307.81415541799
27914.689077338335,25,3,1,251.00260808324566
61009.25717546358,24,2,0,169.17881281661536
41380.97212724914,60,2,0,161.9433752701749
44963.32073389367,60,4,1,342.51665594975196
45243.457511390516,34,3,0,123.54713690479592
37948.48588743115,39,0,0,90.83464116772925
58568.36315354359,63,3,1,305.38056927409644
70859.65393924936,51,2,1,322.2739700218647
57050.20491869992,37,2,0,175.43556345011697
51550.729943181424,25,2,0,135.24804525125776
35203.3925135113,39,3,0,97.97089262313642
57752.37898736676,44,5,1,331.5780138144525
82345.24447593949,51,2,1,326.71420208684594
44289.58064307361,38,7,1,358.26767058588524
44360.24630972201,32,3,0,147.72121016058202
41583.66303528504,22,1,0,119.17176934367302
42658.786482583695,55,4,1,312.3762324134925
8820.506694914235,34,1,0,65.12941778180526
56075.53078783569,25,3,1,297.5687716324332
37316.71735468079,36,3,0,142.64571455450184
25846.053218122997,22,4,1,279.21697847244604
61297.84924598823,40,0,0,94.68810815809897
33769.73322437096,36,0,0,120.28528940023853
44919.96419174364,31,2,1,285.77735325963295
71996.6358678287,27,2,1,328.3453407366027
28861.763029632297,48,1,1,259.14963951362114
27011.02648103357,30,2,0,118.71697898169283
54039.59284343507,39,2,0,110.39503336109351
67242.31046015552,54,2,1,308.3049100085433
26384.874234020557,56,2,0,153.55590643320988
56115.34605255766,27,0,0,136.5605107483833
58714.99309942538,48,4,1,310.5158420195421
19112.592744615195,60,3,1,266.79982114259707
61977.520068608304,52,0,0,155.35642157349625
63149.08819763269,30,5,1,299.52075089091306
45323.21640115963,47,2,0,150.66079629173672
68785.19543447012,51,2,0,195.1860668125289
67046.83361487268,53,3,1,299.32070274285195
51546.76888575807,52,1,0,144.2928937994996
43228.31914512599,64,2,0,153.45596799430777
35407.58161125564,21,1,0,115.9241030610527
49436.54735950713,21,4,1,304.2646703179679
58546.38379556269,64,3,1,345.4476828167264
45137.34708439038,23,5,1,291.17130659024764
17037.484921069554,45,3,0,107.07067216966573
69030.70841864856,47,4,1,300.26697878103823
52853.348327673404,44,0,0,121.98627821531477
44305.63254984749,22,5,1,326.11083239745943
62857.37582634932,61,2,0,165.90318260783926
72869.57894724135,56,2,0,190.85743166166782
7971.326457681629,52,6,1,291.96832865236877
56513.95474883107,56,2,1,269.9420357429508
28600.26183784479,61,3,1,288.165094541624
57486.657601984116,32,9,1,345.89422302023775
51918.90803561869,36,3,1,291.3481316823575
59535.89789660825,47,3,1,283.57616871102584
42511.28578258017,55,5,1,336.0134440271957
21901.39832271272,49,3,1,292.8332705076458
43244.47713114998,57,3,0,160.821535148343
56102.714527096745,46,5,0,160.6086826550627
65230.88493012835,23,6,1,330.05718484760285
32422.530492912123,43,5,1,279.1446178300798
65405.90640309526,44,5,1,304.1777946819234
40281.91565530218,52,6,1,331.66776401625646
55436.7482239179,45,1,0,154.0310453912101
42351.59070701551,22,4,1,301.9637634109486
52732.55941568153,58,2,0,131.55914309687262
63378.16451855412,33,2,0,168.95371866147644
31594.78884067196,58,6,1,353.0504970695109
39801.41154879753,35,1,0,120.2063775084263
52774.4388101313,30,6,1,350.6523665543903
86023.75491545528,60,2,1,323.5896955462098
37052.15431749758,42,4,1,279.29597269311455
80602.00828995378,27,6,1,301.64741509170466
80066.34955512756,46,3,0,191.71651786414574
48540.33273947613,27,1,0,128.69024320444325
45527.7121070015,23,1,0,108.60352141950344
39619.022020029624,33,9,1,346.2111422247843
48976.96204500996,42,4,1,279.676924889196
28899.20851160663,61,4,1,294.7712833740327
48856.41474019104,21,3,0,133.79150222485254
72453.20410776284,54,4,0,175.4921921943274
40833.724062849236,51,3,0,150.75412692130269
46389.13544016424,36,4,0,153.3972260523929
24482.892885991372,50,4,0,149.43681713769797
55610.931321965654,21,3,0,145.1581732769025
53967.22527427061,61,3,0,146.3144995910843
50955.535396486564,51,0,0,143.5405303147419
46747.594246667846,29,1,0,105.6938658669699
45608.63121841318,48,3,1,331.8793129906424
57528.50350551008,33,1,0,146.74712669909525
49567.75097617065,19,5,1,361.4031970314341
54724.57807332998,19,0,0,97.96181504016903
53224.74226181822,53,4,1,317.5477733122213
66851.40930643643,23,2,1,293.21286841826685
60154.911460625815,40,5,0,177.17668093862392
52892.92764725286,56,1,1,287.45528920546565
72776.3304597827,64,5,0,212.92326670607773
56304.027935848426,61,1,0,160.98574936154188
69574.44033185628,54,1,0,172.62506279569521
59104.13912579957,63,3,0,192.71238089911836
22371.213816026855,33,4,1,239.52740283538364
69572.52144978994,60,3,0,209.15171056059773
52027.643620140036,61,1,0,134.43899481343738
49220.67843648833,36,7,1,357.7280020267113
54220.225212343656,41,5,1,326.65060564386505
44825.25257064399,44,3,0,179.5868532590714
53405.43290583418,24,4,0,188.17742751854377
41121.85900485361,47,2,1,305.9490944490667
69114.08388101555,58,1,1,341.1762893616248
48296.17829568424,31,1,0,104.40291605492703
44261.242359163494,61,2,0,187.99710666935496
36126.11276421089,32,4,0,137.38673304696928
54031.63683722962,29,2,0,123.72882787001292
52806.60650187638,46,2,0,117.41213488540572
55826.3692051626,40,2,1,289.5037376130781
34591.221687423065,30,3,1,232.04806356884075
25982.282017826405,26,3,0,113.12858027609408
59383.869537598395,41,4,1,318.9620076445163
72269.62792814762,56,1,0,171.5803698245146
34604.69566415156,47,3,0,127.69968406454299
73841.61925342548,18,1,0,121.46183212202615
54258.665881045716,27,5,1,319.8386538342079
49894.056431737554,55,0,1,293.15430821171685
44036.769551813326,64,6,1,340.701864380159
29232.22970862505,32,3,0,84.9045375550879
64815.927738868995,26,3,0,172.56898756
38365.904578435955,30,4,0,172.18397643255543
38302.89986393599,40,0,0,127.67335784934771
64878.89464830432,50,3,0,194.89878738498282
21755.2482999241,26,4,1,296.24544529051605
27146.0328399775,20,4,1,277.11397633277346
49727.98634737877,47,3,0,149.56878088409587
54399.26643507278,26,1,0,139.4977277822758
57271.019719533855,42,2,0,153.70419014477798
45473.02259905621,64,2,0,161.2788304630845
87955.54502962534,41,0,0,146.31801000564633
46581.61161851249,49,2,1,289.13892529015584
46538.20771845917,24,0,0,118.14119112923422
38045.199967791836,53,7,1,340.45906164462343
51858.60224781607,42,0,0,87.16560315109488
59224.41848070162,37,3,1,337.96809608120594
68053.6708180019,34,6,1,380.97310402195035
27660.73603339673,53,5,1,295.78229701858106
46310.06992466449,43,1,0,116.3140541247111
56700.55416213716,36,2,0,132.96591931529974
58805.86301891803,54,5,0,181.78420022709156
50098.22986706809,20,3,1,288.78986676825195
58136.359542981525,60,3,0,156.18556526087212
37865.541606112994,45,4,1,339.3719165734997
73368.58148477535,39,3,0,178.7008269031631
64889.421544691446,64,3,0,192.5070656572812
29826.083194022416,36,3,1,298.17976483345944
33873.45427824867,63,2,0,159.61774050413925
34296.17374839641,33,4,1,304.79301849669775
60169.54956344793,23,5,1,319.014422616583
30729.08350373799,54,3,1,286.9998924345149
45034.634986878795,48,3,1,316.3155859109416
56820.56594625162,51,2,0,174.48275878413932
49007.510981803476,48,2,0,113.0510237728991
53883.31273569059,28,1,0,155.20956270586416
34012.95932976862,53,6,1,367.12806368512497
58922.81560095867,23,4,1,301.2633597949689
40801.821612860054,44,2,1,283.1182879729242
45130.70488403088,24,5,1,328.94689139203416
53565.97591858979,49,5,0,154.15242654824382
51546.17332296272,25,4,1,314.03088585209645
50359.70028523389,50,5,1,333.26285512049924
38740.59767034867,64,3,0,117.35479265678981
45506.758832012114,61,3,0,128.32214412237062
50032.75386255554,32,6,1,367.69420250275806
29373.72150249373,44,1,0,120.37326763772322
43062.00550529932,47,1,0,132.26948128780506
55815.1981854927,39,1,0,167.78525488144777
30838.45094231986,64,1,0,155.1666417623522
67348.7247739136,46,3,0,146.03115749911566
69044.19893899764,58,5,1,338.6122457932535
31322.741360598717,47,0,0,100.81787817343151
70364.29449575208,19,3,1,320.0027663590192
47846.276169317985,32,2,0,118.44285571172303
56277.718387355824,64,4,1,372.2724305880288
42550.2342180763,44,4,1,264.3496696179091
63845.67240840143,24,1,0,103.91639350663098
56091.41028273001,44,2,0,139.61359946590713
37787.701151035944,38,2,1,281.2983778916952
32521.970000520672,30,3,0,174.74211919247088
28095.46347186166,34,0,0,102.02953892158747
52819.12664649135,28,1,0,133.54597242892945
58587.07117669604,27,4,1,329.99524594825
59764.48518169162,50,2,1,306.39905753446266
48230.28358088933,31,3,1,290.323713713423
32645.05316503454,54,1,0,109.64318585957183
39768.87802964325,25,1,0,112.68105790823891
67285.22958442889,50,2,0,190.1169318272217
42730.57153099878,24,3,1,279.4106407079639
52151.26446022214,51,4,1,315.2156396808636
33865.24274637669,24,3,1,267.09659511666734
55048.74568188553,24,3,0,145.0797545659342
43134.731574813835,58,2,0,151.7483975679313
65700.69070663645,53,4,0,161.11928882551064
61603.3655931022,24,1,0,148.72643214298114
42564.41080137651,37,2,1,284.7024943649066
48100.03958978505,35,2,1,299.32149800784333
41733.256399390564,62,5,1,336.76851239948246
28708.502051824853,60,6,1,303.00776247504893
37138.36355679175,58,4,1,298.81181429130146
52973.259915812305,31,3,0,124.06456898850345
54878.89247344373,57,1,0,132.41684399935664
52228.21855388959,31,3,1,291.55127484690615
45474.004190620464,38,2,0,169.04610426735928
63995.99908581478,44,2,0,170.00962914502264
50953.12856841406,63,1,0,118.70452209768484
60548.80742143921,43,4,1,298.5015552194395
23393.37301696222,44,5,1,342.6630967415929
-8836.003774275137,41,1,1,227.8109204541273
54256.8204175712,22,3,1,263.05580924968933
28628.515194177657,59,2,0,112.80530736246705
46813.22445930416,55,4,1,283.3926321746159
45468.54438463091,45,1,0,125.36307250817396
73811.00903623305,59,4,0,196.62087017467877
55999.9482941541,60,0,0,162.11607212407256
52487.88540198009,49,5,1,301.5213012858451
62554.86731950511,41,4,0,161.36290688869173
55527.46380258558,23,3,0,153.85214963208742
43134.8451051735,27,3,1,300.66579530977464
66072.1389538184,63,3,1,350.50585408057657
33353.74808167589,20,3,1,236.54250270615137
54848.707813003435,24,3,0,150.62071604991397
26786.45308795533,46,2,0,129.649873427215
53059.15786273993,51,3,1,325.4311821261971
52894.84462659394,24,3,1,293.93286864988136
75146.82442871993,34,4,0,192.00276985403536
26525.39159837331,30,2,0,140.63057701313656
40986.692362192814,38,5,1,307.0428731964261
62340.236398612156,48,1,0,149.2791762913779
55029.758845959615,26,2,0,136.71764428586147
52704.57577006255,62,1,0,136.7920840771246
35657.964455621914,64,7,1,311.08022726360787
41137.72477862856,30,1,0,109.36867406472567
68675.61512334885,34,6,1,359.7155876855606
49227.36209369108,25,2,0,144.61672460977388
55630.3954421671,26,3,1,297.2194851091331
48272.175068352815,26,3,1,291.40258532188733
32253.71727125352,57,4,0,115.10671063562381
64007.156391124954,47,3,0,189.5648719672099
57548.48576798745,24,2,0,99.246788107488
84584.55256050784,34,4,1,315.3282161941971
34766.27930524183,56,3,0,142.85241882471797
62338.59381800721,55,1,0,161.2673597163111
30326.84050944498,22,1,0,131.19166311566278
52360.19851509616,34,5,1,338.8112868550414
64647.59883594747,57,3,1,337.6422175487889
18917.973258552694,18,5,1,286.4166075268382
46926.01288637588,33,1,0,68.74061954548965
41551.853989360694,34,1,0,127.91863054606324
39470.64052557317,47,5,0,184.74561923943952
55778.18978389031,48,1,0,109.66170915245938
66810.28559633893,52,4,0,186.64494756258833
48000.819271562665,62,2,1,267.6263123999474
53082.296413400305,25,8,1,361.0279834708402
51714.631295888714,47,3,0,136.1918622175952
50027.05259534621,56,3,0,205.5559506306408
33659.860434318405,38,6,0,180.01169385898436
66626.6690258434,32,2,0,156.12832067461258
54427.93052238254,51,4,1,320.57986785699705
55923.22235003867,44,3,0,173.75849506352645
37902.35556461627,19,5,0,161.16691838736682
43111.694030161394,27,1,0,122.8102109337831
47357.98703433832,22,3,1,265.97487776568494
26988.129598267227,44,5,0,164.73586547332894
24679.48512203483,21,2,0,94.72259461228815
40988.78104042148,64,4,0,131.85371024628637
57837.81149663585,30,4,1,310.6648847858147
40202.93915105089,34,1,0,109.41647163578544
34717.922036139295,38,3,1,288.6251022598166
37779.71520143495,40,6,1,312.4330476525366
43169.86365282031,50,4,0,146.47344813109856
44692.115557698446,32,2,1,290.85271562646017
82482.82178309835,31,5,1,358.9827181879248
65819.30942730978,26,2,1,264.956971695977
65371.61168422592,61,7,1,360.51677084354907
67528.70546410073,54,4,1,338.0037180459575
35017.68695998926,47,6,1,300.9870572515789
31664.53077519141,46,1,0,123.56497903956118
33396.94562698915,40,1,0,113.83262734669024
70017.59200006757,51,2,0,162.08557031511924
41792.123166762634,24,0,0,90.16381809905145
31229.657266410697,26,2,0,106.29693333269508
43535.056996702806,21,2,1,295.42862044745243
46420.917024280585,19,1,0,143.37545954729777
54026.19910541843,44,3,0,139.79220788122603
53764.26531068065,50,4,1,315.2673987702281
37577.29154189738,49,0,0,92.96890277486389
60284.84588770566,61,5,1,339.13605267999196
40412.09699374763,62,5,1,326.57019291408255
47655.854949424356,63,7,1,350.4511081199173
60301.611057550326,54,2,0,104.55445027757926
40372.67894083488,44,3,1,316.7883965546217
41459.728646282936,45,1,0,114.31732288090356
58875.02074539696,20,3,0,124.44817964980636
37134.00235092471,53,3,1,276.77134070654307
44228.11964593894,60,2,0,165.3616210883339
58336.13267064339,25,6,1,345.0565093782452
80811.38662153963,61,2,1,330.3377090794692
59081.0675714412,58,5,1,336.71950903561685
57089.596444850176,54,2,0,128.68665780620302
57962.023755090944,62,2,1,328.97409360365253
33902.14588899426,55,5,1,329.7138064013709
51733.95108019862,39,1,0,157.20625328717358
49553.502674953976,31,3,1,299.10894715417174
54823.76810559134,32,2,0,164.6956057974377
51747.62078713806,63,3,0,145.30496879936607
55695.49516125669,21,5,1,317.5283820533885
45327.992076511975,35,1,0,141.38124026569471
50879.13376057689,18,0,0,124.49588589000143
31582.57150914512,29,5,1,328.3118026245364
45201.39082995629,58,4,1,301.92626418932537
70862.50322264966,59,6,1,377.5098965230379
54782.12509442384,34,4,0,137.76904042232954
49686.18443925385,36,3,0,111.22679094605479
78441.8491438152,53,7,1,382.3427965916472
29587.475325483814,24,0,1,277.2344426327631
33358.1666683067,26,1,0,135.8783390714539
75690.67116914409,25,1,0,130.8565588710172
50689.41404073401,42,4,0,161.66639957920208
46361.25445565309,24,0,0,86.0487136605361
32011.935123565352,59,3,1,294.4032846588099
56715.443995925176,25,1,0,141.97018786861312
58166.89804291193,41,3,1,301.0499494126424
33582.58458747655,34,3,1,285.54601064341904
47895.866216743576,29,1,0,108.61853968062634
44967.26251950401,63,3,0,144.59820600977199
53839.657196281565,48,3,1,289.0026488934086
33211.24636669034,29,2,1,250.15589305241335
68779.21181769736,19,3,0,193.3630678847772
63737.35672396406,29,4,1,329.07349819261185
44552.36661900776,44,1,0,90.005180438892
46753.719325424434,63,5,1,337.06325670123215
47953.66774583576,24,3,1,299.76289320378044
38325.37170490245,30,8,1,370.1636276210665
43348.55872647447,53,1,0,105.75887033041982
45945.94448488086,18,3,1,296.5169410913321
74193.02556060693,52,4,1,338.28559337433
64199.27462495655,47,3,0,172.78890726291868
64019.820610049355,48,7,1,371.550659590423
55548.88419506585,34,4,1,269.02113785411194
33240.09486603148,25,3,1,286.4510587035182
49377.63343133931,20,1,0,130.77449362497913
64557.3268942007,27,4,1,323.4070531949963
31126.030559490682,51,5,0,135.26128711105585
59548.29810309896,39,4,1,316.2593124317251
84839.13837894148,21,3,1,353.6933294477772
65927.24968984598,49,4,1,329.61385991799426
71210.43703342981,46,1,0,170.06865295579064
53275.08125663241,63,4,1,335.1296724602922
64518.97923147485,28,3,1,331.42418525033344
39232.20178468947,63,4,0,193.3806438613471
61937.957185118394,30,2,0,105.64439718879308
59815.82201091145,21,1,0,117.24056115904325
54348.667610564946,19,0,0,114.7085067284765
69740.11129577747,51,2,0,207.60665855802617
41918.22743228917,60,5,1,343.88410287642637
47194.13725289506,39,3,1,307.6470903689987
51431.93062037445,22,3,0,153.72704359965704
34555.83543365899,26,1,0,88.32278902650091
53403.97915700372,37,1,0,143.09556278202768
24216.043805692294,38,5,1,261.965047177538
65704.31801642315,34,6,1,345.981310386468
50699.56049848949,29,2,0,145.14824888602257
42186.60644144355,45,1,0,143.08710360011492
37484.39581557318,35,7,1,295.58367693481614
46481.31455571219,20,2,0,119.59857390413043
60323.895661586204,22,3,1,276.45791703989454
58216.08468106341,31,3,0,180.36255188054878
39416.930790823084,43,1,0,155.65615401225176
37309.40491058548,36,4,1,313.72454236990166
59853.48059479471,58,2,1,284.18487452679113
39164.78893077456,34,4,1,295.68251491657287
50898.646611192555,56,2,0,160.16249584208916
51856.31963786416,59,3,0,166.97342997888683
54680.931975901076,21,3,0,156.05051164445638
62874.05645272808,59,4,1,336.738453956816
31055.55594699016,52,2,1,282.57482382044543
21332.610121092683,41,5,1,271.81535909336446
41488.290781574724,58,3,0,167.84480824420427
77022.9261174828,30,2,0,126.88228111603804
80332.61150131068,50,4,0,213.8327970395484
77467.65703348831,32,2,0,116.8437120937343
47105.27948358966,32,6,1,347.0209155868736
23268.273770227566,48,0,1,247.51222093690006
14854.41347522239,60,4,0,127.2117951985342
40789.42757675883,45,4,0,176.85750150806453
47028.895547759596,27,1,0,135.3078085469656
69509.38101583938,24,3,1,302.2855925456573
63017.08189313668,50,1,1,329.2726046982998
53411.076184874306,24,5,1,315.526675817282
36652.328435882875,22,3,0,128.06040249574858
35588.306626326645,43,2,0,133.58585225060833
53811.91530607153,33,2,0,146.4260432469976
60455.764682595895,25,4,1,316.04575644972226
55878.21893368377,39,5,1,342.8911989799203
34481.030605900174,51,4,1,294.3023818134925
59760.014431881296,57,2,0,176.49291969344443
56388.66450652117,45,3,1,289.9773008771725
33940.00390714733,63,0,0,117.97640118938655
38235.185445496165,53,7,1,342.532479249142
60327.439618423494,64,3,0,158.58445399513352
46482.38697281163,24,0,0,104.45147394626092
73837.20952454687,57,2,1,335.2591449524556
57516.93914096864,60,6,1,330.64528819619454
42700.53217716096,45,3,1,310.3767587515586
49846.91599413601,19,6,1,330.17404728247845
50950.750889565774,26,2,0,131.9564509239389
39074.14530137435,23,1,0,102.07590269638978
36311.1770273356,18,0,0,78.22524657593893
60520.84840714249,20,7,1,375.82524588737436
62679.09945563143,27,2,0,138.34833183975624
59056.72204329438,54,2,0,127.6901122439957
72729.77141485702,61,5,1,329.488333754509
41873.401459825975,40,1,0,127.03194191423864
75114.06149106695,50,2,0,158.21195512441923
36486.18322168771,26,3,1,250.64207902819282
34809.71654947261,30,2,0,101.06358936622163
23600.616767761247,45,5,1,317.76377113853965
43313.070292597746,24,2,0,143.52909214639234
42444.164947558194,43,4,1,274.70054097465186
57889.05920381976,33,7,1,300.70207898462667
53658.36412430676,57,6,1,373.70822373516563
32105.39943471295,43,1,0,86.80508776702781
44109.106423612735,56,1,0,121.82606386515046
44428.06968368472,49,0,0,118.9091825901103
23360.26629557161,53,4,0,107.48563860089243
35285.799094799455,59,2,1,290.85492003745543
38437.79554078866,18,4,0,110.38389312153687
71504.3752973142,38,5,1,328.7874829583984
52871.76073936029,30,4,1,349.4804666556411
59932.53130921249,43,1,1,284.94860142558076
27520.46754276182,62,5,1,306.6940506809417
67913.21724520987,26,2,0,124.18169816695836
69516.53094536139,54,1,0,107.8071148446349
20024.82549283061,40,2,0,130.60283081692185
39420.24914126228,18,1,0,126.52757685346192
57436.483595232654,19,2,1,294.2616392924843
59665.826803072734,60,3,1,318.5109740633245
